ASZ [Sch],ZSx [s],APHu [bar],ACPx [cm³],ZDx [s],ZUs [s],GEx [kWh],GPx [kW],HPx [kW],HEx [kWh],MPx [kW],ESPx [kWh/kg],H16x [°C],H15x [°C],ZEx [s],H10x [°C],H12x [°C],H9x [°C],H11x [°C]
1,0.51,0,4.12,2.7,20.6,0.024,3.37,3.14,0.018,0.23,0.126,183.5,192.2,4.7,438.6,419.8,427.1,419.9
1,0.75,0,4.2,2.7,20.36,0.03,4.17,3.94,0.024,0.23,0.154,184.5,191.7,4.68,432.9,420.1,417.0,419.6
1,0.74,0,4.23,2.66,20.36,0.028,3.52,3.29,0.022,0.23,0.144,184.8,191.6,4.74,429.6,420.0,417.2,420.0
1,0.74,0,4.23,2.77,20.34,0.025,3.2,2.97,0.019,0.23,0.131,185.0,191.6,4.68,426.1,419.6,417.6,419.9
1,0.74,0,4.28,2.65,20.3,0.023,6.07,2.41,0.017,3.66,0.119,185.2,191.5,4.65,422.5,419.9,418.2,419.9
1,0.75,0,4.3,2.69,20.27,0.022,2.87,2.64,0.016,0.23,0.113,185.4,191.6,4.68,419.3,419.9,418.6,420.0
1,0.75,0,4.32,2.77,20.27,0.022,2.98,2.75,0.016,0.23,0.114,185.5,191.5,4.71,417.0,419.7,419.0,420.0
1,0.75,0,4.31,2.74,20.28,0.023,3.22,2.99,0.018,0.23,0.12,185.6,191.5,4.7,415.8,420.2,419.3,420.0
1,0.75,0,4.3,2.59,20.29,0.025,3.61,3.38,0.02,0.23,0.132,185.7,191.5,4.7,415.4,419.9,419.6,420.0
1,0.76,0,4.25,2.68,20.3,0.026,6.72,3.33,0.02,3.4,0.136,185.9,191.4,4.65,415.5,420.0,419.8,420.1
1,0.76,0,4.27,2.73,20.25,0.024,3.43,3.2,0.018,0.23,0.125,186.0,191.4,4.69,415.7,420.2,419.9,420.0
1,0.73,0,4.3,2.54,20.26,0.025,3.83,3.6,0.02,0.23,0.132,186.1,191.4,4.61,416.4,420.3,420.0,419.9
1,0.73,0,4.28,2.72,20.26,0.025,3.88,3.65,0.02,0.23,0.131,186.3,191.4,4.65,416.8,420.2,420.1,420.0
1,0.73,0,4.28,2.69,20.3,0.024,3.81,3.58,0.018,0.23,0.124,186.3,191.4,4.7,417.2,419.9,420.1,419.6
1,0.72,0,4.31,2.67,20.26,0.024,4.14,3.91,0.018,0.23,0.125,186.4,191.4,4.7,417.6,419.6,419.9,420.0
1,0.75,0,4.3,2.63,20.32,0.024,3.75,3.52,0.018,0.23,0.124,186.4,191.4,4.69,418.1,420.0,420.0,420.1
1,0.73,0,4.27,2.66,20.28,0.024,4.04,3.81,0.019,0.23,0.128,186.4,191.4,4.68,418.4,420.0,420.0,420.0
1,0.74,0,4.23,2.39,20.36,0.025,3.95,3.72,0.02,0.23,0.131,186.5,191.4,4.66,418.7,420.2,420.2,420.0
1,0.75,0,4.25,2.7,20.29,0.025,4.31,4.08,0.02,0.23,0.133,186.5,191.4,4.62,418.9,420.0,420.1,419.6
1,0.74,0,4.27,2.6,20.32,0.026,4.2,3.97,0.02,0.23,0.136,186.5,191.4,4.7,419.2,419.8,420.1,420.0
0,0.73,0,4.24,2.7,20.28,0.025,3.12,2.89,0.02,0.23,0.133,186.6,191.4,4.59,419.4,420.1,420.0,420.1
0,0.73,0,4.3,2.61,19.27,0.024,3.41,3.18,0.018,0.23,0.125,186.6,191.4,4.63,419.6,420.2,420.0,420.1
0,0.73,0,4.28,2.59,19.27,0.023,2.82,2.59,0.018,0.23,0.12,186.7,191.4,4.65,419.6,419.6,420.1,420.2
0,0.73,0,4.27,2.71,19.26,0.023,3.15,2.92,0.018,0.23,0.121,186.7,191.4,4.68,419.7,420.4,420.1,420.2
0,0.75,0,4.25,2.63,19.29,0.024,3.3,3.07,0.018,0.23,0.125,186.7,191.4,4.69,420.0,420.4,420.0,420.0
0,0.75,0,4.26,2.67,19.31,0.024,3.2,2.97,0.019,0.23,0.126,186.8,191.4,4.67,420.0,419.8,420.0,419.6
0,0.75,0,4.22,2.63,19.31,0.025,3.72,3.49,0.019,0.23,0.13,186.8,191.4,4.65,420.0,420.0,420.0,420.1
0,0.72,0,4.29,2.63,19.26,0.024,3.13,2.9,0.018,0.23,0.125,186.8,191.4,4.62,420.3,420.1,420.1,420.3
0,0.75,0,4.23,2.62,19.31,0.023,3.27,3.04,0.018,0.23,0.122,186.9,191.4,4.62,420.2,420.3,419.9,420.1
0,0.75,0,4.25,2.65,19.32,0.023,2.69,2.46,0.018,0.23,0.122,186.8,191.4,4.61,420.2,420.3,419.9,419.9
0,0.75,0,4.27,2.57,19.3,0.022,2.39,2.16,0.017,0.23,0.116,186.9,191.4,4.7,420.0,420.1,419.7,420.1
0,0.74,0,4.27,2.64,19.27,0.022,3.16,2.93,0.016,0.23,0.114,186.9,191.4,4.59,419.9,420.1,419.9,420.2
0,0.75,0,4.26,2.63,19.3,0.022,3.08,2.85,0.017,0.23,0.117,186.9,191.4,4.62,419.9,420.2,420.1,419.4
0,0.73,0,4.24,2.58,19.31,0.026,3.69,3.46,0.02,0.23,0.134,187.0,191.4,4.68,420.0,419.8,420.0,419.5
0,0.76,0,4.21,2.65,19.34,0.026,3.3,3.07,0.02,0.23,0.135,187.0,191.4,4.66,420.2,420.1,419.9,419.7
0,0.75,0,4.24,2.65,19.32,0.025,2.83,2.6,0.019,0.23,0.13,186.9,191.4,4.61,420.2,420.1,419.9,419.5
0,0.76,0,4.26,2.55,19.26,0.024,3.26,3.03,0.018,0.23,0.123,187.0,191.4,4.66,419.9,420.6,419.9,419.7
0,0.74,0,4.28,2.59,19.29,0.023,3.46,3.23,0.018,0.23,0.121,187.0,191.4,4.65,419.8,420.2,420.0,419.6
0,0.75,0,4.27,2.58,19.31,0.023,3.11,2.88,0.018,0.23,0.123,187.1,191.4,4.64,419.9,420.1,420.1,419.6
0,0.76,0,4.26,2.64,19.32,0.022,3.01,2.78,0.017,0.23,0.117,187.1,191.4,4.62,419.9,420.3,420.1,419.6
0,0.74,0,4.27,2.53,19.32,0.022,3.77,3.54,0.017,0.23,0.117,187.1,191.4,4.71,419.9,420.1,420.0,419.4
0,0.76,0,4.25,2.57,19.26,0.024,3.75,3.52,0.019,0.23,0.128,187.1,191.5,4.65,419.9,420.1,420.2,419.5
0,0.77,0,4.22,2.66,19.32,0.024,3.91,3.68,0.019,0.23,0.127,187.1,191.4,4.64,419.9,420.2,420.0,419.6
0,0.76,0,4.28,2.62,19.32,0.025,3.05,2.82,0.02,0.23,0.132,187.1,191.5,4.71,420.0,419.9,420.0,419.6
0,0.75,0,4.3,2.66,19.27,0.025,3.03,2.8,0.02,0.23,0.132,187.1,191.5,4.62,420.2,420.0,420.0,419.7
0,0.75,0,4.24,2.42,19.27,0.023,3.33,3.1,0.018,0.23,0.12,187.1,191.6,4.62,420.1,419.9,420.1,419.4
0,0.75,0,4.24,2.63,19.3,0.023,3.37,3.14,0.018,0.23,0.122,187.2,191.5,4.64,419.8,420.2,419.9,419.2
0,0.74,0,4.23,2.66,19.28,0.023,3.09,2.86,0.018,0.23,0.12,187.2,191.6,4.7,419.8,420.7,420.0,419.1
0,0.76,0,4.19,2.47,19.31,0.022,3.39,3.16,0.017,0.23,0.117,187.2,191.5,4.68,419.9,420.1,420.1,419.3
0,0.73,0,4.19,2.45,19.27,0.024,4.23,4.0,0.019,0.23,0.127,187.2,191.5,4.68,419.9,420.0,420.0,419.0
0,0.73,0,4.24,2.64,19.28,0.025,3.65,3.42,0.02,0.23,0.133,187.2,191.5,4.7,420.0,420.5,420.0,419.0
0,0.74,0,4.21,2.67,19.26,0.025,3.11,2.88,0.02,0.23,0.133,187.2,191.5,4.62,420.0,419.9,420.0,418.9
0,0.76,0,4.23,2.7,19.29,0.024,3.32,3.09,0.019,0.23,0.128,187.2,191.5,4.62,419.9,419.9,420.0,418.8
0,0.74,0,4.25,2.64,19.29,0.023,2.84,2.61,0.018,0.23,0.123,187.2,191.6,4.65,420.1,420.0,420.0,418.8
0,0.74,0,4.26,2.9,19.31,0.022,2.6,2.37,0.017,0.23,0.117,187.2,191.6,4.63,420.3,420.3,419.7,418.9
0,0.75,0,4.23,2.6,19.32,0.023,3.63,3.4,0.017,0.23,0.119,187.2,191.6,4.7,420.3,420.0,420.0,418.8
0,0.72,0,4.28,2.6,19.26,0.024,3.62,3.39,0.018,0.23,0.123,187.2,191.6,4.62,420.2,420.1,420.0,418.7
0,0.75,0,4.25,2.65,19.31,0.025,3.75,3.52,0.019,0.23,0.129,187.2,191.5,4.62,420.0,420.4,420.1,418.8
0,0.74,0,4.21,2.66,19.27,0.025,3.3,3.07,0.019,0.23,0.13,187.2,191.5,4.64,419.9,420.3,420.1,418.8
0,0.74,0,4.23,2.65,19.3,0.024,2.61,2.38,0.019,0.23,0.127,187.3,191.6,4.65,419.8,420.1,420.0,418.8
0,0.72,0,4.23,2.67,19.29,0.023,2.99,2.76,0.017,0.23,0.12,187.2,191.6,4.64,419.8,420.3,420.0,419.0
0,0.74,0,4.26,2.71,19.3,0.023,2.91,2.68,0.017,0.23,0.118,187.3,191.6,4.64,419.9,420.6,420.0,419.0
0,0.75,0,4.22,2.69,19.31,0.023,3.45,3.22,0.018,0.23,0.12,187.3,191.6,4.62,419.9,420.4,420.0,419.0
0,0.75,0,4.25,2.63,19.31,0.024,3.41,3.18,0.019,0.23,0.126,187.2,191.6,4.73,420.0,420.6,420.0,418.9
0,0.76,0,4.21,2.71,19.31,0.024,3.22,2.99,0.018,0.23,0.125,187.3,191.7,4.65,420.0,420.4,420.0,419.1
0,0.75,0,4.26,2.58,19.31,0.024,3.06,2.83,0.018,0.23,0.124,187.2,191.5,4.62,420.1,420.5,419.9,418.7
0,0.73,0,4.22,2.66,19.27,0.023,3.3,3.07,0.018,0.23,0.122,187.3,191.6,4.64,420.1,420.5,420.1,418.7
0,0.74,0,4.22,2.63,19.29,0.024,2.97,2.74,0.018,0.23,0.124,187.3,191.6,4.64,420.0,420.7,420.0,418.7
0,0.75,0,4.21,2.63,19.32,0.023,3.31,3.08,0.018,0.23,0.122,187.4,191.6,4.62,419.9,420.8,420.0,418.7
0,0.75,0,4.2,2.65,19.33,0.023,2.98,2.75,0.018,0.23,0.122,187.3,191.6,4.69,419.9,420.8,420.0,418.1
0,0.73,0,4.23,2.65,19.26,0.023,3.0,2.77,0.018,0.23,0.122,187.3,191.7,4.63,420.2,421.8,420.0,418.3
0,0.75,0,4.24,2.63,19.31,0.024,3.04,2.81,0.019,0.23,0.125,187.3,191.6,4.7,420.4,421.2,420.1,418.6
0,0.75,0,4.23,2.59,19.31,0.023,2.87,2.64,0.018,0.23,0.123,187.4,191.7,4.65,420.1,421.7,420.0,418.1
0,0.75,0,4.22,2.63,19.32,0.023,2.88,2.65,0.018,0.23,0.121,187.3,191.6,4.64,419.9,421.3,420.1,418.1
0,0.76,0,4.21,2.62,19.35,0.023,2.98,2.75,0.018,0.23,0.121,187.3,191.6,4.7,419.8,421.6,420.0,418.3
0,0.74,0,4.2,2.59,19.34,0.023,3.04,2.81,0.018,0.23,0.122,187.4,191.7,4.65,419.8,421.3,420.0,418.1
0,0.75,0,4.24,2.61,19.32,0.024,3.45,3.22,0.018,0.23,0.123,187.4,191.6,4.6,419.9,421.4,420.0,418.3
0,0.75,0,4.27,2.62,19.29,0.024,3.58,3.35,0.019,0.23,0.126,187.4,191.6,4.62,419.9,421.7,420.0,417.8
0,0.73,0,4.24,2.64,19.3,0.025,3.38,3.15,0.019,0.23,0.13,187.3,191.6,4.72,419.9,421.8,420.1,418.4
0,0.76,0,4.18,2.66,19.33,0.024,3.53,3.3,0.018,0.23,0.125,187.4,191.6,4.7,419.8,421.6,420.1,417.7
0,0.76,0,4.19,2.65,19.31,0.024,2.95,2.72,0.018,0.23,0.124,187.3,191.6,4.66,419.8,421.4,420.0,418.2
0,0.76,0,4.24,2.62,19.35,0.022,3.17,2.94,0.017,0.23,0.117,187.3,191.6,4.73,420.0,421.9,420.1,418.3
0,0.75,0,4.22,2.67,19.31,0.023,2.78,2.55,0.017,0.23,0.118,187.3,191.6,4.7,419.9,422.0,420.0,418.0
0,0.75,0,4.26,2.66,19.32,0.023,2.99,2.76,0.017,0.23,0.118,187.3,191.6,4.68,420.1,422.5,420.1,417.8
0,0.74,0,4.24,2.6,19.32,0.023,3.36,3.13,0.017,0.23,0.119,187.3,191.6,4.68,420.2,421.9,420.0,418.3
0,0.76,0,4.26,2.6,19.32,0.024,3.35,3.12,0.019,0.23,0.125,187.3,191.6,4.72,420.2,422.0,420.0,418.2
0,0.76,0,4.25,2.66,19.31,0.025,3.62,3.39,0.02,0.23,0.131,187.3,191.6,4.7,420.0,421.9,420.0,418.3
0,0.74,0,4.26,2.63,19.3,0.025,3.77,3.54,0.02,0.23,0.133,187.3,191.6,4.7,419.8,422.1,419.9,418.7
0,0.77,0,4.25,2.66,19.32,0.024,3.13,2.9,0.019,0.23,0.128,187.3,191.6,4.67,419.9,422.6,420.1,417.8
0,0.77,0,4.24,2.56,19.4,0.023,3.44,3.21,0.018,0.23,0.12,187.3,191.6,4.68,419.9,423.4,420.0,417.8
0,0.77,0,4.25,2.67,19.35,0.024,3.16,2.93,0.018,0.23,0.123,187.3,191.6,4.61,419.9,423.7,420.0,417.8
0,0.78,0,4.28,2.68,19.36,0.022,2.98,2.75,0.017,0.23,0.117,187.3,191.6,4.65,419.9,424.1,419.9,418.0
0,0.8,0,4.25,2.63,19.34,0.023,2.87,2.64,0.017,0.23,0.119,187.4,191.6,4.62,419.9,423.8,420.1,417.8
0,0.78,0,4.25,2.71,19.36,0.024,3.04,2.81,0.018,0.23,0.123,187.4,191.6,4.65,419.9,424.2,420.0,417.8
0,0.8,0,4.23,2.62,19.4,0.025,3.36,3.13,0.019,0.23,0.129,187.3,191.6,4.66,420.0,423.9,420.0,417.8
0,0.77,0,4.25,2.66,19.34,0.025,2.93,2.7,0.019,0.23,0.129,187.4,191.6,4.71,420.1,423.9,420.1,417.5
0,0.77,0,4.2,2.6,19.32,0.023,2.97,2.74,0.018,0.23,0.122,187.4,191.7,4.66,420.2,423.8,420.1,418.0
0,0.75,0,4.23,2.69,19.32,0.024,3.04,2.81,0.018,0.23,0.124,187.4,191.7,4.64,420.1,423.9,420.0,418.3
0,0.77,0,4.27,2.61,19.36,0.024,3.54,3.31,0.019,0.23,0.126,187.4,191.7,4.65,419.9,423.8,419.9,417.8
0,0.76,0,4.24,2.65,19.33,0.024,3.36,3.13,0.019,0.23,0.128,187.4,191.7,4.7,419.9,423.8,420.1,418.3
0,0.77,0,4.2,2.65,19.35,0.024,2.6,2.37,0.018,0.23,0.123,187.4,191.6,4.64,419.9,423.7,420.0,417.9
0,0.75,0,4.24,2.68,19.35,0.021,2.89,2.66,0.016,0.23,0.111,187.4,191.7,4.69,419.9,423.5,420.0,418.1
0,0.73,0,4.26,2.65,19.32,0.024,3.28,3.05,0.018,0.23,0.124,187.4,191.7,4.67,420.0,423.7,420.1,418.1
0,0.75,0,4.24,2.65,19.35,0.023,4.0,3.77,0.018,0.23,0.121,187.3,191.7,4.71,420.1,423.6,420.1,418.2
0,0.74,0,4.24,2.68,19.32,0.026,3.57,3.34,0.021,0.23,0.136,187.4,191.7,4.68,420.2,423.9,420.1,418.1
0,0.76,0,4.28,2.51,19.36,0.025,3.4,3.17,0.02,0.23,0.133,187.4,191.7,4.74,420.2,423.6,420.0,418.4
0,0.72,0,4.24,2.61,19.34,0.025,3.01,2.78,0.02,0.23,0.13,187.4,191.7,4.68,420.1,423.4,420.0,418.5
0,0.74,0,4.24,2.6,19.33,0.023,2.64,2.41,0.017,0.23,0.118,187.4,191.7,4.64,420.1,423.5,420.0,418.2
0,0.75,0,4.26,2.67,19.36,0.022,2.89,2.66,0.017,0.23,0.118,187.4,191.6,4.69,419.9,423.8,420.0,418.6
0,0.73,0,4.24,2.69,19.31,0.022,2.86,2.63,0.017,0.23,0.118,187.4,191.7,4.66,419.8,423.3,420.0,418.8
0,0.75,0,4.25,2.67,19.3,0.023,3.04,2.81,0.018,0.23,0.12,187.4,191.6,4.66,419.7,422.7,420.1,418.7
0,0.75,0,4.22,2.65,19.33,0.023,3.1,2.87,0.018,0.23,0.12,187.4,191.7,4.63,419.8,422.9,420.1,418.8
0,0.75,0,4.2,2.52,19.3,0.024,3.15,2.92,0.019,0.23,0.127,187.3,191.6,4.7,419.9,422.8,420.0,418.9
0,0.74,0,4.19,2.65,19.33,0.024,3.04,2.81,0.018,0.23,0.124,187.4,191.7,4.68,419.9,422.8,420.0,419.0
0,0.75,0,4.23,2.57,19.31,0.024,3.37,3.14,0.018,0.23,0.125,187.4,191.6,4.64,420.0,423.1,420.0,419.0
0,0.74,0,4.23,2.65,19.32,0.023,3.57,3.34,0.018,0.23,0.122,187.4,191.6,4.63,420.1,423.0,420.0,419.2
0,0.74,0,4.23,2.68,19.34,0.024,2.88,2.65,0.018,0.23,0.125,187.4,191.6,4.64,420.0,423.0,420.0,418.8
0,0.71,0,4.24,2.64,19.31,0.023,3.49,3.26,0.018,0.23,0.122,187.5,191.7,4.71,419.8,423.2,419.9,419.1
0,0.74,0,4.23,2.65,19.32,0.024,2.71,2.48,0.019,0.23,0.126,187.4,191.7,4.64,419.9,422.9,420.1,418.9
0,0.73,0,4.25,2.68,19.34,0.023,3.05,2.82,0.018,0.23,0.121,187.4,191.7,4.71,420.0,422.8,420.0,419.1
0,0.73,0,4.23,2.66,19.32,0.023,3.13,2.9,0.018,0.23,0.12,187.4,191.7,4.64,420.0,423.4,420.0,419.2
0,0.74,0,4.19,2.7,19.34,0.024,2.97,2.74,0.018,0.23,0.125,187.5,191.7,4.71,419.8,422.6,419.9,419.3
0,0.74,0,4.24,2.68,19.36,0.023,3.33,3.1,0.017,0.23,0.119,187.5,191.7,4.65,419.8,423.0,420.0,419.7
0,0.74,0,4.22,2.63,19.33,0.024,3.17,2.94,0.019,0.23,0.128,187.4,191.7,4.64,420.1,423.0,420.0,419.5
0,0.75,0,4.23,2.72,19.32,0.024,3.17,2.94,0.018,0.23,0.125,187.5,191.8,4.71,420.2,423.1,420.1,419.6
0,0.74,0,4.24,2.68,19.37,0.024,3.48,3.25,0.019,0.23,0.126,187.5,191.7,4.72,420.2,422.8,420.1,419.5
0,0.73,0,4.2,2.69,19.33,0.023,2.79,2.56,0.018,0.23,0.12,187.5,191.7,4.67,420.1,423.8,420.0,419.3
0,0.75,0,4.21,2.74,19.33,0.022,2.85,2.62,0.017,0.23,0.117,187.5,191.7,4.7,420.0,423.4,419.9,419.6
0,0.76,0,4.26,2.63,19.35,0.022,2.66,2.43,0.017,0.23,0.116,187.4,191.7,4.64,420.0,423.4,420.0,419.9
0,0.73,0,4.2,2.64,19.32,0.023,3.12,2.89,0.017,0.23,0.119,187.4,191.7,4.62,420.0,423.7,420.0,419.6
0,0.75,0,4.25,2.6,19.37,0.024,3.57,3.34,0.019,0.23,0.128,187.4,191.7,4.67,420.2,424.2,420.0,419.8
0,0.75,0,4.22,2.61,19.33,0.024,3.65,3.42,0.019,0.23,0.125,187.5,191.7,4.61,420.3,425.2,420.0,419.8
0,0.77,0,4.2,2.69,19.38,0.025,3.2,2.97,0.019,0.23,0.129,187.5,191.8,4.65,420.3,424.8,420.1,419.7
0,0.77,0,4.18,2.65,19.37,0.025,3.29,3.06,0.019,0.23,0.129,187.6,191.8,4.68,420.1,425.6,420.0,419.3
0,0.75,0,4.2,2.72,19.36,0.025,2.76,2.53,0.019,0.23,0.128,187.6,191.8,4.71,419.9,425.3,419.7,419.9
0,0.76,0,4.27,2.59,19.4,0.024,3.69,3.46,0.018,0.23,0.124,187.6,191.8,4.71,419.9,425.5,419.9,419.8
0,0.76,0,4.2,2.71,19.39,0.024,2.7,2.47,0.018,0.23,0.124,187.6,191.8,4.7,419.9,425.5,420.0,420.1
0,0.78,0,4.24,2.74,19.38,0.023,3.38,3.15,0.018,0.23,0.122,187.6,191.8,4.67,419.9,425.0,419.9,419.8
0,0.78,0,4.24,2.68,19.37,0.023,3.55,3.32,0.018,0.23,0.121,187.6,191.8,4.68,419.9,424.8,420.0,419.9
0,0.76,0,4.25,2.63,19.37,0.023,3.2,2.97,0.018,0.23,0.12,187.6,191.8,4.65,420.1,425.0,420.0,419.8
0,0.76,0,4.24,2.68,19.36,0.024,3.04,2.81,0.018,0.23,0.124,187.5,191.8,4.68,420.1,425.2,419.9,420.0
0,0.77,0,4.22,2.69,19.35,0.024,2.97,2.74,0.018,0.23,0.124,187.5,191.8,4.62,420.0,425.0,420.0,420.4
0,0.76,0,4.24,2.71,19.36,0.023,3.38,3.15,0.018,0.23,0.122,187.6,191.8,4.66,419.9,424.8,420.1,420.0
0,0.73,0,4.24,2.68,19.34,0.025,3.36,3.13,0.019,0.23,0.13,187.6,191.8,4.72,419.9,424.7,420.0,420.4
0,0.76,0,4.16,2.69,19.34,0.024,3.6,3.37,0.019,0.23,0.126,187.6,191.9,4.66,420.0,425.4,420.0,420.1
0,0.74,0,4.25,2.66,19.34,0.026,2.67,2.44,0.02,0.23,0.135,187.6,191.8,4.73,420.1,424.9,420.0,420.4
0,0.76,0,4.22,2.52,19.36,0.022,3.28,3.05,0.017,0.23,0.116,187.6,191.9,4.7,420.2,425.1,419.9,420.4
0,0.74,0,4.23,2.68,19.34,0.022,3.31,3.08,0.017,0.23,0.117,187.6,191.8,4.65,420.1,425.0,420.0,420.4
0,0.76,0,4.23,2.71,19.34,0.023,3.18,2.94,0.018,0.23,0.121,187.6,191.8,4.69,420.0,425.2,420.0,420.4
0,0.72,0,4.25,2.68,19.3,0.024,3.01,2.78,0.019,0.23,0.128,187.6,191.8,4.67,419.9,425.3,419.9,420.4
0,0.74,0,4.26,2.64,19.34,0.024,2.86,2.63,0.019,0.23,0.127,187.6,191.8,4.62,419.8,425.6,419.9,420.4
0,0.75,0,4.21,2.58,19.37,0.024,3.2,2.97,0.019,0.23,0.126,187.6,191.8,4.71,419.9,425.4,420.0,420.6
0,0.72,0,4.24,2.62,19.34,0.024,2.85,2.62,0.019,0.23,0.126,187.6,191.8,4.67,419.9,425.7,420.0,420.4
0,0.75,0,4.23,2.75,19.33,0.024,2.89,2.66,0.019,0.23,0.126,187.6,191.8,4.72,419.9,426.2,420.0,420.4
0,0.75,0,4.22,2.68,19.36,0.023,3.0,2.77,0.018,0.23,0.121,187.6,191.8,4.66,420.0,426.2,420.0,420.7
0,0.76,0,4.21,2.67,19.35,0.023,3.35,3.12,0.018,0.23,0.121,187.6,191.8,4.69,420.1,426.3,420.1,420.5
0,0.77,0,4.25,2.66,19.35,0.023,2.94,2.71,0.017,0.23,0.118,187.6,191.8,4.64,420.1,426.9,420.0,420.6
0,0.78,0,4.25,2.63,19.36,0.023,3.2,2.97,0.018,0.23,0.123,187.5,191.8,4.67,420.0,426.7,420.0,420.6
0,0.77,0,4.26,2.72,19.43,0.024,3.2,2.97,0.019,0.23,0.127,187.6,191.8,4.65,419.9,427.4,420.0,420.9
0,0.78,0,4.24,2.69,19.45,0.024,3.06,2.83,0.018,0.23,0.124,187.5,191.8,4.71,419.8,427.4,419.9,420.5
0,0.76,0,4.27,2.68,19.32,0.025,3.28,3.05,0.019,0.23,0.129,187.6,191.8,4.68,419.9,427.4,420.0,420.7
0,0.78,0,4.28,2.68,19.39,0.025,3.37,3.14,0.02,0.23,0.132,187.6,191.8,4.7,419.9,427.4,419.9,421.0
0,0.76,0,4.23,2.62,19.39,0.025,2.93,2.7,0.02,0.23,0.132,187.6,191.8,4.72,420.0,427.3,419.9,420.9
0,0.77,0,4.23,2.68,19.38,0.022,3.09,2.86,0.017,0.23,0.116,187.6,191.8,4.7,420.1,427.4,420.0,421.0
0,0.77,0,4.26,2.62,19.36,0.022,2.88,2.65,0.017,0.23,0.117,187.6,191.8,4.72,420.0,427.5,420.0,421.0
0,0.75,0,4.2,2.66,19.34,0.022,3.47,3.24,0.016,0.23,0.114,187.6,191.8,4.65,420.0,427.4,419.9,421.1
0,0.77,0,4.21,2.74,19.36,0.024,3.37,3.14,0.018,0.23,0.124,187.5,191.8,4.7,419.8,427.3,419.9,421.3
0,0.74,0,4.21,2.68,19.36,0.024,2.85,2.62,0.019,0.23,0.126,187.5,191.8,4.75,419.7,427.4,419.9,421.4
0,0.75,0,4.23,2.7,19.38,0.024,2.86,2.63,0.018,0.23,0.124,187.5,191.8,4.67,419.8,427.4,420.0,421.9
0,0.75,0,4.19,2.72,19.38,0.023,3.07,2.84,0.018,0.23,0.123,187.6,191.9,4.67,420.0,427.7,420.0,421.9
0,0.75,0,4.27,2.72,19.37,0.024,4.23,4.0,0.019,0.23,0.125,187.6,191.8,4.71,420.0,427.4,420.0,422.0
1,0.51,0,3.58,2.57,21.42,0.028,4.46,4.23,0.022,0.23,0.146,183.5,192.1,4.64,420.1,427.8,419.9,422.0
1,0.51,0,4.08,1.33,21.42,0.025,6.58,3.17,0.019,3.41,0.13,184.4,191.7,4.69,420.0,427.8,420.2,422.0
1,0.75,0,4.18,2.57,20.34,0.027,7.12,3.97,0.021,3.14,0.14,185.3,191.4,4.66,420.3,428.9,420.1,421.4
1,0.75,0,4.19,2.67,20.36,0.025,3.63,3.4,0.02,0.23,0.133,185.5,191.4,4.71,420.2,428.9,419.9,421.4
1,0.76,0,4.19,2.66,20.37,0.025,3.06,2.83,0.019,0.23,0.13,185.8,191.3,4.71,419.9,429.7,420.1,421.4
1,0.76,0,4.18,2.69,20.39,0.025,2.94,2.71,0.019,0.23,0.129,185.8,191.3,4.72,419.9,430.1,419.9,421.4
1,0.77,0,4.2,2.62,20.35,0.023,3.71,3.48,0.018,0.23,0.123,185.9,191.3,4.64,419.9,429.9,420.0,421.3
1,0.77,0,4.15,2.66,20.38,0.023,6.56,3.16,0.018,3.4,0.123,186.0,191.4,4.66,419.9,430.0,420.0,421.5
1,0.74,0,4.2,2.68,20.35,0.024,3.33,3.1,0.018,0.23,0.125,186.1,191.3,4.7,419.9,429.8,420.0,421.3
1,0.74,0,4.21,2.56,20.31,0.024,3.78,3.55,0.019,0.23,0.127,186.2,191.3,4.67,420.0,429.8,420.1,421.5
1,0.76,0,4.19,2.77,20.36,0.025,4.26,4.03,0.02,0.23,0.134,186.3,191.3,4.71,419.9,430.6,419.8,421.4
1,0.77,0,4.15,2.69,20.38,0.025,3.69,3.46,0.02,0.23,0.131,186.3,191.3,4.73,419.6,430.6,419.9,421.5
1,0.75,0,4.2,2.55,20.33,0.026,6.96,3.57,0.021,3.4,0.137,186.4,191.3,4.69,419.6,430.6,419.9,421.7
1,0.75,0,4.21,2.63,20.29,0.025,6.37,3.49,0.02,2.88,0.131,186.4,191.4,4.67,419.7,430.6,420.1,421.7
1,0.74,0,4.15,2.75,20.36,0.023,3.81,3.58,0.018,0.23,0.122,186.5,191.4,4.72,419.9,430.6,420.0,421.8
1,0.71,0,4.18,2.68,20.32,0.024,6.31,3.17,0.019,3.14,0.126,186.5,191.4,4.68,420.1,431.4,420.0,421.7
1,0.75,0,4.22,2.69,20.38,0.023,3.78,3.55,0.018,0.23,0.123,186.6,191.4,4.7,420.2,431.9,420.1,421.7
1,0.75,0,4.23,2.62,20.4,0.024,3.83,3.6,0.019,0.23,0.128,186.6,191.4,4.71,420.1,431.9,420.0,421.7
1,0.77,0,4.19,2.73,20.38,0.026,3.9,3.67,0.02,0.23,0.135,186.7,191.4,4.72,420.1,432.7,420.0,421.7
1,0.76,0,4.26,2.66,20.34,0.025,3.8,3.57,0.02,0.23,0.133,186.7,191.4,4.68,420.1,432.9,419.9,422.3
0,0.77,0,4.17,2.68,20.33,0.025,3.19,2.96,0.019,0.23,0.129,186.8,191.4,4.63,420.0,433.3,420.1,422.3
0,0.77,0,4.23,2.66,19.34,0.024,3.41,3.18,0.019,0.23,0.126,186.8,191.4,4.7,420.0,433.4,420.1,422.5
0,0.76,0,4.17,2.84,19.34,0.025,3.49,3.26,0.019,0.23,0.128,186.8,191.5,4.66,420.0,434.1,420.0,422.7
0,0.78,0,4.22,2.65,19.36,0.023,3.72,3.49,0.018,0.23,0.123,186.8,191.5,4.71,419.9,433.9,420.0,422.4
0,0.79,0,4.23,2.68,19.38,0.025,3.03,2.8,0.02,0.23,0.131,186.8,191.5,4.71,419.9,434.1,420.0,422.6
0,0.79,0,4.24,2.7,19.36,0.024,3.03,2.8,0.019,0.23,0.127,186.9,191.5,4.62,420.0,434.4,420.0,422.5
0,0.78,0,4.19,2.66,19.38,0.022,3.07,2.84,0.017,0.23,0.115,187.0,191.6,4.71,420.3,434.4,419.9,422.6
0,0.77,0,4.23,2.6,19.36,0.024,3.68,3.45,0.018,0.23,0.124,187.0,191.6,4.64,420.3,434.5,420.0,423.2
0,0.78,0,4.23,2.68,19.4,0.024,3.68,3.45,0.019,0.23,0.127,187.0,191.6,4.65,420.1,435.1,420.0,423.1
0,0.78,0,4.21,2.69,19.38,0.025,3.11,2.88,0.02,0.23,0.132,187.0,191.5,4.66,420.0,435.0,420.0,423.0
0,0.8,0,4.19,2.7,19.37,0.024,3.45,3.22,0.019,0.23,0.125,187.1,191.6,4.67,420.0,435.0,420.0,423.2
0,0.81,0,4.22,2.68,19.42,0.024,2.86,2.63,0.018,0.23,0.125,187.1,191.6,4.67,419.9,436.1,420.0,423.1
0,0.79,0,4.22,2.78,19.38,0.023,3.22,2.99,0.018,0.23,0.123,187.1,191.6,4.68,420.0,435.8,419.9,423.2
0,0.79,0,4.24,2.69,19.42,0.026,3.43,3.2,0.02,0.23,0.134,187.1,191.6,4.65,420.2,436.2,420.0,423.4
0,0.8,0,4.22,2.71,19.4,0.024,2.35,2.12,0.019,0.23,0.126,187.1,191.6,4.65,420.0,436.2,420.0,423.8
0,0.79,0,4.17,2.81,19.4,0.021,2.68,2.45,0.016,0.23,0.112,187.2,191.7,4.64,420.0,436.2,420.0,424.3
0,0.77,0,4.22,2.71,19.36,0.021,2.85,2.62,0.016,0.23,0.112,187.2,191.7,4.68,419.9,436.6,420.0,424.1
0,0.78,0,4.23,2.66,19.39,0.024,3.59,3.36,0.018,0.23,0.125,187.2,191.7,4.65,419.9,436.8,420.0,425.0
0,0.79,0,4.22,2.69,19.36,0.025,3.68,3.45,0.02,0.23,0.133,187.2,191.7,4.67,420.0,436.8,420.0,424.5
0,0.78,0,4.24,2.51,19.4,0.024,3.71,3.48,0.019,0.23,0.128,187.3,191.7,4.66,420.1,435.9,420.0,424.5
0,0.78,0,4.2,2.72,19.36,0.025,2.82,2.59,0.019,0.23,0.129,187.3,191.7,4.68,420.3,435.8,420.0,424.6
0,0.77,0,4.19,2.65,19.36,0.024,3.58,3.35,0.018,0.23,0.124,187.3,191.7,4.64,420.1,435.8,419.9,424.7
0,0.77,0,4.23,2.75,19.41,0.024,3.04,2.81,0.019,0.23,0.127,187.3,191.7,4.73,420.0,435.1,420.0,424.7
0,0.79,0,4.18,2.73,19.36,0.024,2.61,2.38,0.019,0.23,0.127,187.3,191.7,4.64,419.9,434.9,420.0,424.4
0,0.75,0,4.21,2.76,19.38,0.023,3.48,3.25,0.017,0.23,0.119,187.3,191.7,4.67,419.7,434.1,420.0,424.9
0,0.77,0,4.22,2.82,19.39,0.024,2.97,2.74,0.019,0.23,0.125,187.3,191.7,4.68,419.8,434.2,420.0,424.5
0,0.77,0,4.25,2.67,19.38,0.024,3.11,2.88,0.019,0.23,0.127,187.3,191.7,4.69,419.8,434.2,420.0,424.8
0,0.77,0,4.26,2.65,19.35,0.024,2.84,2.61,0.019,0.23,0.126,187.3,191.7,4.72,419.9,434.3,420.0,425.0
0,0.75,0,4.22,2.7,19.39,0.024,3.84,3.61,0.019,0.23,0.128,187.3,191.7,4.63,420.0,435.6,420.0,425.4
0,0.76,0,4.18,2.77,19.37,0.025,2.89,2.66,0.02,0.23,0.131,187.3,191.7,4.66,420.1,435.6,420.0,424.9
0,0.77,0,4.24,2.67,19.36,0.024,2.88,2.65,0.019,0.23,0.128,187.3,191.7,4.7,420.2,435.6,420.0,424.6
0,0.75,0,4.23,2.73,19.34,0.023,2.88,2.65,0.018,0.23,0.122,187.3,191.7,4.64,420.2,436.3,420.0,425.1
0,0.74,0,4.23,2.69,19.33,0.023,2.93,2.7,0.018,0.23,0.12,187.3,191.7,4.63,420.1,436.1,420.0,425.3
0,0.77,0,4.17,2.73,19.34,0.024,2.96,2.73,0.018,0.23,0.123,187.3,191.7,4.71,419.9,437.0,420.0,425.0
0,0.76,0,4.22,2.69,19.31,0.023,3.35,3.12,0.017,0.23,0.118,187.3,191.7,4.69,419.7,437.4,420.0,425.2
0,0.77,0,4.26,2.63,19.33,0.024,3.5,3.27,0.018,0.23,0.125,187.3,191.7,4.63,419.7,438.1,420.0,425.1
0,0.78,0,4.24,2.64,19.39,0.025,3.12,2.89,0.02,0.23,0.13,187.3,191.7,4.67,419.9,438.0,419.8,425.3
0,0.8,0,4.22,2.74,19.37,0.024,2.66,2.43,0.019,0.23,0.127,187.3,191.7,4.68,420.0,438.6,420.0,425.0
0,0.77,0,4.16,2.72,19.38,0.023,2.74,2.51,0.018,0.23,0.122,187.3,191.7,4.71,420.0,438.5,419.9,425.0
0,0.79,0,4.26,2.74,19.38,0.023,3.23,3.0,0.018,0.23,0.122,187.4,191.7,4.63,420.1,438.3,420.0,425.1
0,0.78,0,4.21,2.72,19.38,0.024,3.4,3.17,0.019,0.23,0.128,187.3,191.7,4.64,420.0,438.0,420.0,425.3
0,0.81,0,4.19,2.72,19.42,0.024,3.16,2.93,0.019,0.23,0.127,187.4,191.8,4.73,419.9,437.9,420.0,425.0
0,0.8,0,4.2,2.76,19.41,0.024,3.32,3.09,0.019,0.23,0.126,187.4,191.8,4.7,419.7,437.8,420.1,425.1
0,0.8,0,4.25,2.68,19.42,0.025,3.34,3.11,0.019,0.23,0.129,187.4,191.8,4.68,419.7,437.9,420.1,425.1
0,0.8,0,4.25,2.71,19.39,0.024,2.77,2.54,0.018,0.23,0.125,187.4,191.8,4.69,419.8,437.1,420.1,425.4
0,0.78,0,4.25,2.74,19.37,0.023,2.74,2.51,0.018,0.23,0.12,187.4,191.8,4.71,420.0,437.1,420.0,425.5
0,0.75,0,4.19,2.69,19.36,0.023,2.96,2.73,0.018,0.23,0.123,187.5,191.9,4.64,420.1,437.3,420.0,425.4
0,0.77,0,4.26,2.67,19.38,0.024,2.98,2.75,0.019,0.23,0.127,187.5,191.8,4.68,420.3,438.0,420.0,425.5
0,0.76,0,4.21,2.77,19.36,0.024,3.13,2.9,0.019,0.23,0.125,187.6,191.9,4.64,420.1,438.6,419.9,425.9
0,0.76,0,4.19,2.65,19.34,0.025,3.11,2.88,0.02,0.23,0.13,187.5,191.9,4.68,420.0,438.4,419.9,425.8
0,0.76,0,4.25,2.65,19.37,0.024,3.26,3.03,0.019,0.23,0.125,187.6,191.9,4.65,420.1,438.4,420.0,425.8
0,0.74,0,4.27,2.76,19.33,0.023,3.14,2.91,0.018,0.23,0.121,187.5,191.9,4.71,420.0,439.1,420.0,426.2
0,0.77,0,4.24,2.71,19.34,0.023,3.3,3.07,0.018,0.23,0.121,187.6,191.9,4.65,419.8,438.9,420.1,426.3
0,0.75,0,4.19,2.74,19.33,0.023,3.11,2.88,0.018,0.23,0.123,187.6,191.9,4.73,419.7,439.6,419.9,426.3
0,0.74,0,4.24,2.72,19.31,0.023,3.05,2.82,0.018,0.23,0.122,187.6,191.9,4.7,419.7,439.3,420.1,426.9
0,0.77,0,4.26,2.7,19.38,0.024,2.79,2.56,0.018,0.23,0.124,187.6,191.9,4.73,419.9,439.9,419.9,426.6
0,0.78,0,4.21,2.7,19.37,0.024,3.39,3.16,0.018,0.23,0.124,187.6,192.0,4.64,420.0,439.7,419.9,427.1
0,0.79,0,4.22,2.7,19.38,0.024,3.25,3.02,0.019,0.23,0.125,187.5,191.9,4.67,420.2,440.0,419.9,426.7
0,0.78,0,4.27,2.74,19.37,0.024,3.18,2.95,0.019,0.23,0.128,187.6,191.9,4.67,420.2,439.8,419.9,427.0
0,0.74,0,4.24,2.65,19.33,0.023,3.1,2.87,0.018,0.23,0.123,187.6,192.0,4.62,420.2,439.8,420.2,427.1
0,0.77,0,4.25,2.45,19.36,0.023,2.93,2.7,0.018,0.23,0.121,187.6,191.9,4.68,420.0,439.9,419.9,427.7
0,0.76,0,4.23,2.7,19.33,0.024,3.3,3.08,0.018,0.23,0.123,187.6,191.9,4.64,420.0,440.1,420.0,427.7
0,0.77,0,4.24,2.75,19.38,0.024,3.46,3.23,0.018,0.23,0.124,187.6,191.9,4.68,420.0,439.9,420.0,427.9
0,0.78,0,4.24,2.81,19.37,0.023,3.28,3.05,0.018,0.23,0.123,187.5,191.9,4.7,420.2,439.5,420.1,427.7
0,0.78,0,4.25,2.75,19.39,0.023,3.18,2.95,0.018,0.23,0.123,187.5,191.9,4.74,420.5,439.4,420.0,428.3
0,0.77,0,4.24,2.76,19.35,0.023,3.84,3.61,0.018,0.23,0.121,187.6,191.9,4.62,420.3,439.5,419.9,428.2
0,0.79,0,4.23,2.71,19.38,0.025,3.02,2.79,0.019,0.23,0.129,187.6,191.9,4.65,420.1,439.6,420.1,428.3
0,0.78,0,4.27,2.77,19.33,0.024,3.0,2.77,0.019,0.23,0.127,187.6,192.0,4.68,420.0,439.4,420.0,428.6
0,0.79,0,4.27,2.69,19.36,0.025,3.31,3.08,0.02,0.23,0.131,187.6,191.9,4.62,419.9,439.6,419.9,428.2
0,0.79,0,4.29,2.7,19.39,0.025,2.99,2.76,0.019,0.23,0.13,187.6,191.9,4.66,419.8,439.5,420.0,428.0
0,0.79,0,4.24,2.72,19.39,0.024,3.04,2.81,0.018,0.23,0.123,187.6,191.9,4.67,419.9,439.5,420.0,428.9
0,0.77,0,4.28,2.69,19.36,0.024,2.78,2.55,0.019,0.23,0.125,187.6,191.9,4.7,419.9,439.5,420.0,428.9
0,0.77,0,4.26,2.71,19.37,0.022,2.61,2.38,0.016,0.23,0.113,187.6,191.9,4.63,419.9,439.3,420.0,428.7
0,0.77,0,4.25,2.69,19.38,0.021,2.61,2.38,0.016,0.23,0.111,187.6,191.9,4.65,420.0,439.5,419.9,429.6
0,0.75,0,4.28,2.74,19.34,0.024,3.19,2.96,0.019,0.23,0.126,187.6,191.9,4.67,420.1,439.9,420.0,429.5
0,0.74,0,4.24,2.75,19.31,0.025,3.93,3.7,0.019,0.23,0.129,187.6,191.9,4.65,420.0,439.9,420.0,429.9
0,0.74,0,4.25,2.75,19.34,0.026,3.12,2.89,0.02,0.23,0.134,187.6,191.9,4.72,420.0,439.7,420.1,430.0
0,0.73,0,4.27,2.7,19.31,0.024,4.01,3.78,0.018,0.23,0.124,187.6,191.9,4.68,419.9,439.8,420.1,430.3
0,0.76,0,4.24,2.67,19.34,0.026,3.44,3.21,0.021,0.23,0.137,187.6,191.9,4.63,419.7,439.9,420.1,429.9
0,0.76,0,4.21,2.73,19.37,0.023,3.26,3.03,0.018,0.23,0.122,187.6,191.9,4.66,419.7,439.8,420.1,430.1
0,0.77,0,4.27,2.63,19.32,0.024,3.64,3.41,0.019,0.23,0.127,187.6,191.9,4.62,419.9,439.8,420.0,429.8
0,0.77,0,4.24,2.72,19.36,0.024,3.25,3.02,0.019,0.23,0.125,187.6,191.9,4.67,420.1,439.9,419.9,430.5
0,0.78,0,4.29,2.75,19.32,0.022,3.34,3.11,0.016,0.23,0.113,187.6,191.9,4.62,420.1,439.9,420.1,429.9
0,0.77,0,4.21,2.83,19.37,0.022,2.7,2.47,0.016,0.23,0.114,187.6,191.9,4.69,420.1,440.1,420.1,429.9
0,0.77,0,4.21,2.74,19.34,0.022,2.82,2.59,0.017,0.23,0.117,187.6,191.9,4.62,420.1,439.9,419.9,429.8
0,0.8,0,4.25,2.85,19.36,0.025,2.93,2.7,0.019,0.23,0.129,187.6,191.9,4.64,420.0,439.9,420.1,430.0
0,0.8,0,4.26,2.53,19.44,0.024,3.32,3.09,0.019,0.23,0.126,187.6,191.9,4.62,419.9,439.9,420.0,430.5
0,0.82,0,4.25,2.85,19.44,0.025,3.34,3.11,0.02,0.23,0.132,187.6,191.9,4.65,419.9,439.9,420.0,430.0
0,0.82,0,4.2,2.73,19.39,0.025,2.99,2.76,0.02,0.23,0.131,187.6,191.9,4.69,419.9,439.6,419.9,430.3
0,0.8,0,4.2,2.73,19.34,0.024,2.79,2.56,0.018,0.23,0.124,187.6,192.0,4.59,419.9,439.6,420.0,430.6
0,0.82,0,4.28,2.65,19.43,0.023,2.75,2.52,0.018,0.23,0.122,187.6,191.9,4.7,420.0,439.7,420.0,430.0
0,0.8,0,4.22,2.66,19.39,0.023,2.55,2.32,0.018,0.23,0.123,187.6,191.9,4.71,420.1,439.6,420.0,430.2
0,0.83,0,4.2,2.66,19.42,0.024,2.83,2.6,0.018,0.23,0.124,187.6,191.9,4.68,420.3,439.7,420.1,430.3
0,0.82,0,4.3,2.71,19.39,0.023,3.08,2.85,0.018,0.23,0.123,187.6,191.9,4.68,420.3,439.7,420.0,430.4
0,0.81,0,4.28,2.71,19.42,0.024,2.95,2.72,0.018,0.23,0.123,187.6,191.9,4.68,420.2,439.6,420.0,430.5
0,0.82,0,4.23,2.83,19.38,0.023,3.39,3.16,0.018,0.23,0.121,187.6,191.9,4.66,420.1,439.8,420.1,430.5
0,0.82,0,4.26,2.26,19.38,0.023,2.84,2.61,0.018,0.23,0.122,187.6,191.9,4.68,420.0,439.6,420.0,430.4
0,0.84,0,4.13,2.79,19.44,0.023,3.23,3.0,0.018,0.23,0.123,187.6,191.9,4.66,419.8,439.4,420.0,430.7
0,0.82,0,4.22,2.74,19.41,0.025,3.29,3.06,0.02,0.23,0.13,187.6,191.9,4.62,419.7,439.3,420.0,430.5
0,0.82,0,4.26,2.65,19.4,0.024,3.12,2.89,0.019,0.23,0.126,187.6,192.0,4.62,419.8,439.5,420.0,430.6
0,0.8,0,4.25,2.7,19.36,0.024,3.07,2.84,0.018,0.23,0.123,187.6,191.9,4.66,419.9,439.5,420.0,430.6
0,0.81,0,4.29,2.64,19.4,0.023,3.44,3.21,0.017,0.23,0.119,187.7,192.1,4.66,420.1,439.3,420.0,430.5
0,0.81,0,4.25,2.67,19.4,0.024,2.9,2.67,0.019,0.23,0.126,187.7,192.0,4.66,420.3,439.5,420.0,430.6
0,0.79,0,4.24,2.66,19.38,0.024,3.27,3.04,0.018,0.23,0.124,187.7,192.1,4.71,420.3,439.5,420.1,430.7
0,0.79,0,4.24,2.72,19.36,0.024,2.75,2.52,0.019,0.23,0.126,187.6,192.0,4.61,420.2,439.4,420.0,430.8
0,0.79,0,4.22,2.63,19.43,0.024,2.87,2.64,0.018,0.23,0.123,187.6,192.0,4.68,420.0,439.3,420.1,430.9
0,0.79,0,4.25,2.69,19.43,0.024,2.96,2.73,0.019,0.23,0.127,187.6,192.0,4.65,420.0,439.4,420.0,430.7
0,0.77,0,4.26,2.72,19.38,0.024,3.0,2.77,0.019,0.23,0.126,187.6,192.1,4.69,420.0,440.2,420.0,430.9
0,0.78,0,4.26,2.68,19.36,0.024,2.67,2.44,0.019,0.23,0.125,187.6,192.0,4.7,419.9,440.1,420.0,431.2
0,0.79,0,4.23,2.65,19.35,0.023,3.35,3.12,0.018,0.23,0.12,187.6,192.0,4.64,419.8,439.8,420.0,430.5
0,0.8,0,4.25,2.7,19.38,0.024,3.69,3.46,0.019,0.23,0.126,187.6,192.0,4.67,419.8,439.6,420.1,430.8
0,0.78,0,4.27,2.66,19.36,0.023,3.3,3.07,0.018,0.23,0.122,187.6,192.0,4.6,420.0,439.6,420.1,430.1
0,0.81,0,4.24,2.69,19.39,0.024,3.04,2.81,0.019,0.23,0.126,187.6,192.0,4.62,420.0,439.8,420.0,429.9
0,0.79,0,4.24,2.71,19.36,0.023,2.93,2.7,0.018,0.23,0.121,187.6,192.0,4.66,420.2,439.7,420.0,429.7
0,0.84,0,4.28,2.71,19.4,0.023,3.16,2.93,0.018,0.23,0.121,187.6,191.9,4.64,420.2,439.4,419.9,430.1
0,0.83,0,4.28,2.75,19.39,0.024,3.59,3.36,0.019,0.23,0.127,187.6,192.0,4.65,420.0,439.3,420.0,430.2
0,0.81,0,4.26,2.67,19.46,0.024,3.29,3.06,0.019,0.23,0.127,187.6,192.0,4.71,420.0,439.2,419.9,430.1
0,0.83,0,4.18,2.69,19.43,0.026,3.92,3.69,0.02,0.23,0.134,187.6,192.0,4.65,419.9,439.6,420.0,430.0
0,0.81,0,4.3,2.72,19.4,0.025,2.97,2.74,0.02,0.23,0.13,187.6,192.0,4.65,419.9,439.7,420.0,430.0
0,0.81,0,4.26,2.57,19.38,0.023,2.88,2.65,0.018,0.23,0.122,187.6,192.0,4.66,419.9,439.6,420.0,429.9
0,0.79,0,4.23,2.79,19.38,0.022,3.06,2.83,0.017,0.23,0.117,187.6,191.9,4.68,420.0,439.7,420.0,430.1
0,0.79,0,4.26,2.73,19.38,0.023,2.83,2.6,0.018,0.23,0.121,187.6,192.0,4.68,420.0,439.6,420.0,430.5
0,0.77,0,4.21,2.67,19.36,0.024,2.87,2.64,0.018,0.23,0.124,187.6,192.0,4.64,420.0,439.6,420.0,431.2
0,0.8,0,4.26,2.66,19.38,0.023,2.92,2.69,0.018,0.23,0.12,187.6,192.0,4.63,420.0,439.8,420.1,431.0
0,0.77,0,4.27,2.71,19.33,0.023,3.2,2.97,0.018,0.23,0.121,187.6,192.0,4.7,419.9,439.7,420.0,431.2
0,0.8,0,4.23,2.67,19.38,0.024,3.34,3.11,0.019,0.23,0.128,187.6,192.0,4.62,419.7,439.7,419.8,431.1
0,0.76,0,4.26,2.67,19.33,0.025,3.25,3.02,0.02,0.23,0.132,187.7,192.1,4.69,419.7,439.6,420.0,431.3
0,0.75,0,4.3,2.66,19.31,0.025,2.67,2.44,0.019,0.23,0.129,187.7,192.1,4.62,420.0,439.6,419.9,431.3
0,0.77,0,4.25,2.71,19.37,0.023,2.86,2.64,0.018,0.23,0.122,187.6,191.9,4.66,420.0,439.7,420.0,431.0
0,0.75,0,4.28,2.71,19.33,0.023,3.26,3.03,0.018,0.23,0.121,187.7,192.0,4.6,420.1,439.7,420.0,430.9
0,0.8,0,4.27,2.7,19.39,0.023,2.93,2.7,0.018,0.23,0.121,187.7,192.1,4.62,420.3,439.7,420.1,430.8
0,0.8,0,4.27,2.68,19.37,0.024,3.88,3.65,0.018,0.23,0.123,187.7,192.0,4.7,420.1,439.6,420.0,430.8
0,0.81,0,4.28,2.68,19.42,0.025,3.59,3.36,0.02,0.23,0.13,187.7,192.0,4.73,419.9,439.6,420.0,430.8
0,0.8,0,4.24,2.68,19.41,0.024,3.21,2.98,0.018,0.23,0.124,187.7,192.0,4.71,419.8,439.5,420.0,431.1
0,0.8,0,4.3,2.65,19.37,0.024,3.49,3.26,0.019,0.23,0.128,187.7,192.0,4.63,419.8,439.5,419.9,431.0
0,0.8,0,4.22,2.68,19.37,0.024,3.5,3.27,0.019,0.23,0.128,187.7,192.0,4.65,419.9,439.4,420.1,430.9
0,0.8,0,4.26,2.71,19.36,0.023,3.27,3.04,0.018,0.23,0.122,187.7,192.0,4.66,419.9,440.1,420.1,430.9
0,0.81,0,4.28,2.62,19.38,0.023,3.1,2.87,0.018,0.23,0.122,187.7,192.0,4.66,420.0,439.7,420.0,431.0
0,0.82,0,4.25,2.66,19.4,0.023,3.24,3.01,0.018,0.23,0.12,187.7,192.0,4.67,420.1,439.9,420.0,431.2
0,0.8,0,4.25,2.6,19.41,0.024,3.07,2.84,0.018,0.23,0.123,187.7,192.1,4.67,420.1,439.8,420.0,431.1
0,0.78,0,4.28,2.65,19.38,0.023,3.15,2.92,0.017,0.23,0.118,187.7,192.0,4.69,420.0,439.8,420.0,431.1
0,0.78,0,4.21,2.78,19.37,0.024,3.4,3.17,0.019,0.23,0.127,187.7,192.1,4.66,419.7,439.7,420.0,431.2
0,0.75,0,4.24,2.59,19.36,0.025,3.07,2.84,0.02,0.23,0.132,187.7,192.0,4.73,419.6,439.9,420.0,430.8
0,0.78,0,4.22,2.76,19.33,0.024,3.08,2.85,0.019,0.23,0.126,187.7,192.0,4.63,419.7,439.8,420.0,430.4
0,0.79,0,4.23,2.69,19.36,0.024,3.59,3.36,0.018,0.23,0.125,187.7,192.0,4.7,419.9,439.9,420.1,430.7
0,0.78,0,4.14,2.75,19.33,0.025,3.62,3.39,0.019,0.23,0.129,187.7,192.0,4.64,420.0,439.8,420.1,430.7
0,0.77,0,4.21,2.63,19.35,0.024,2.94,2.71,0.018,0.23,0.123,187.6,192.0,4.71,420.1,439.7,420.0,430.6
0,0.81,0,4.18,2.66,19.39,0.024,3.55,3.32,0.018,0.23,0.124,187.6,192.0,4.72,420.0,439.8,420.0,430.6
0,0.81,0,4.26,2.5,19.38,0.024,3.04,2.81,0.019,0.23,0.125,187.6,191.9,4.6,419.9,439.8,420.0,430.6
0,0.79,0,4.24,2.65,19.4,0.023,3.23,3.0,0.017,0.23,0.119,187.6,192.0,4.72,419.9,440.0,420.0,430.5
0,0.8,0,4.22,2.74,19.37,0.024,3.15,2.92,0.018,0.23,0.123,187.6,192.0,4.61,419.9,439.9,420.0,430.8
0,0.81,0,4.22,2.68,19.4,0.024,3.79,3.56,0.019,0.23,0.126,187.6,192.0,4.62,420.0,439.9,420.1,431.2
0,0.81,0,4.23,2.71,19.38,0.025,3.42,3.19,0.02,0.23,0.13,187.7,192.0,4.64,420.0,439.7,420.1,431.6
0,0.8,0,4.26,2.78,19.38,0.025,3.09,2.86,0.019,0.23,0.129,187.6,192.0,4.66,420.2,439.8,420.0,431.5
0,0.79,0,4.22,2.66,19.36,0.024,3.56,3.33,0.019,0.23,0.125,187.7,192.0,4.69,420.2,439.8,420.0,431.6
0,0.76,0,4.26,2.72,19.33,0.025,3.02,2.79,0.019,0.23,0.129,187.7,192.0,4.66,420.3,440.0,420.0,432.2
0,0.78,0,4.26,2.63,19.39,0.023,3.72,3.49,0.018,0.23,0.121,187.7,192.0,4.7,420.2,439.9,419.9,432.2
0,0.78,0,4.23,2.7,19.35,0.023,3.41,3.18,0.018,0.23,0.122,187.7,192.0,4.63,420.1,439.9,420.0,432.3
0,0.76,0,4.25,2.71,19.34,0.023,3.63,3.4,0.017,0.23,0.119,187.7,192.0,4.67,420.1,440.0,420.0,432.2
0,0.75,0,4.26,2.68,19.37,0.023,2.96,2.73,0.018,0.23,0.12,187.7,192.1,4.63,420.0,439.8,419.9,432.2
0,0.75,0,4.27,2.65,19.33,0.023,3.14,2.91,0.018,0.23,0.122,187.7,192.0,4.67,419.9,439.8,420.1,432.1
0,0.76,0,4.22,2.65,19.36,0.024,3.19,2.96,0.019,0.23,0.128,187.7,192.1,4.64,419.7,439.6,420.0,432.2
0,0.75,0,4.23,2.67,19.33,0.025,3.21,2.98,0.019,0.23,0.13,187.6,192.1,4.69,419.7,439.9,419.9,431.9
0,0.73,0,4.2,2.69,19.3,0.025,3.79,3.56,0.019,0.23,0.129,187.7,192.1,4.67,419.8,439.7,419.9,432.0
0,0.74,0,4.26,2.43,19.32,0.023,3.25,3.02,0.018,0.23,0.123,187.7,192.1,4.65,420.1,439.7,420.1,432.1
0,0.73,0,4.26,2.75,19.29,0.023,3.44,3.21,0.017,0.23,0.119,187.7,192.1,4.7,420.1,439.4,420.0,432.2
0,0.74,0,4.25,2.75,19.33,0.023,3.66,3.43,0.018,0.23,0.12,187.7,192.1,4.67,420.1,439.5,419.8,432.1
0,0.74,0,4.24,2.71,19.36,0.024,3.84,3.61,0.018,0.23,0.124,187.7,192.1,4.71,420.1,439.6,420.0,432.2
0,0.75,0,4.27,2.6,19.32,0.023,3.02,2.79,0.018,0.23,0.122,187.6,192.0,4.64,419.8,439.3,419.9,432.1
0,0.74,0,4.27,2.68,19.31,0.023,2.72,2.49,0.018,0.23,0.122,187.8,192.2,4.62,419.9,440.1,420.0,432.0
0,0.73,0,4.26,2.76,19.32,0.023,3.04,2.81,0.018,0.23,0.12,187.8,192.2,4.71,420.0,440.0,420.0,432.0
0,0.73,0,4.3,2.69,19.31,0.024,3.14,2.91,0.019,0.23,0.125,187.8,192.2,4.7,420.1,440.2,420.0,432.0
0,0.75,0,4.21,2.7,19.32,0.025,3.61,3.38,0.019,0.23,0.129,187.8,192.2,4.63,419.9,439.9,420.1,431.4
0,0.76,0,4.23,2.66,19.33,0.024,3.22,2.99,0.019,0.23,0.127,187.8,192.1,4.71,419.9,440.1,420.0,431.7
0,0.76,0,4.2,2.73,19.34,0.023,3.23,3.0,0.018,0.23,0.121,187.8,192.1,4.67,419.9,439.9,420.1,431.8
0,0.77,0,4.26,2.73,19.37,0.023,3.45,3.22,0.018,0.23,0.12,187.7,192.1,4.68,419.9,440.1,420.0,431.4
0,0.75,0,4.28,2.66,19.37,0.023,3.08,2.85,0.018,0.23,0.12,187.8,192.1,4.68,420.0,440.0,420.1,431.6
0,0.76,0,4.28,2.52,19.4,0.023,3.48,3.25,0.018,0.23,0.123,187.8,192.1,4.68,420.1,440.0,420.1,431.7
0,0.74,0,4.22,2.63,19.34,0.024,2.84,2.61,0.018,0.23,0.124,187.8,192.1,4.68,420.4,440.0,420.1,431.5
0,0.76,0,4.24,2.73,19.35,0.023,2.85,2.62,0.018,0.23,0.123,187.8,192.1,4.61,420.2,439.9,420.0,431.4
0,0.77,0,4.29,2.71,19.33,0.025,2.86,2.63,0.02,0.23,0.13,187.8,192.1,4.62,420.1,440.0,420.0,431.4
0,0.75,0,4.22,2.68,19.37,0.023,3.34,3.11,0.017,0.23,0.119,187.8,192.1,4.69,420.0,440.1,420.0,431.8
0,0.78,0,4.25,2.71,19.33,0.023,3.22,2.99,0.018,0.23,0.12,187.8,192.1,4.62,419.8,439.9,420.0,431.7
0,0.76,0,4.29,2.63,19.32,0.023,3.72,3.49,0.018,0.23,0.12,187.8,192.1,4.59,419.7,439.8,420.0,432.0
0,0.78,0,4.28,2.77,19.37,0.024,3.55,3.32,0.019,0.23,0.126,187.8,192.0,4.67,420.0,439.9,419.9,431.7
0,0.76,0,4.24,2.62,19.44,0.025,2.82,2.59,0.019,0.23,0.129,187.8,192.1,4.64,420.2,439.9,420.0,432.1
0,0.78,0,4.27,2.77,19.36,0.023,2.94,2.71,0.018,0.23,0.122,187.8,192.1,4.65,420.3,440.0,420.0,432.3
0,0.78,0,4.28,2.74,19.38,0.023,2.85,2.62,0.018,0.23,0.119,187.8,192.1,4.66,420.2,440.1,420.0,432.2
0,0.76,0,4.29,2.66,19.38,0.024,3.24,3.01,0.018,0.23,0.124,187.8,192.1,4.7,420.1,440.1,419.9,432.1
0,0.77,0,4.28,2.64,19.37,0.022,2.8,2.57,0.017,0.23,0.116,187.8,192.0,4.63,420.0,440.3,419.9,432.2
0,0.77,0,4.28,2.66,19.36,0.023,2.86,2.63,0.018,0.23,0.121,187.8,192.1,4.67,419.9,440.0,420.0,432.0
0,0.76,0,4.25,2.59,19.37,0.022,3.4,3.17,0.017,0.23,0.118,187.8,192.1,4.71,419.7,439.8,420.0,432.0
0,0.75,0,4.29,2.51,19.3,0.024,3.61,3.38,0.018,0.23,0.124,187.8,192.0,4.66,419.8,440.1,420.0,432.1
0,0.77,0,4.27,2.76,19.34,0.025,3.7,3.47,0.019,0.23,0.128,187.7,192.0,4.59,419.9,440.1,420.0,432.1
0,0.78,0,4.27,2.73,19.44,0.025,3.78,3.55,0.019,0.23,0.129,187.8,192.1,4.65,420.1,440.0,420.0,432.0
0,0.77,0,4.3,2.7,19.38,0.025,3.12,2.89,0.019,0.23,0.128,187.8,192.1,4.65,420.3,440.0,420.0,432.7
0,0.75,0,4.29,2.68,19.38,0.024,2.77,2.54,0.019,0.23,0.125,187.8,192.1,4.67,420.3,439.7,419.9,432.6
0,0.75,0,4.25,2.68,19.37,0.023,3.09,2.86,0.017,0.23,0.118,187.8,192.1,4.7,420.3,439.6,420.0,432.6
0,0.74,0,4.3,2.72,19.41,0.023,3.18,2.95,0.018,0.23,0.123,187.8,192.1,4.68,420.0,439.8,420.0,432.4
0,0.74,0,4.31,2.69,19.37,0.025,3.38,3.15,0.02,0.23,0.132,187.8,192.1,4.68,419.9,439.9,420.0,432.5
0,0.75,0,4.28,2.67,19.38,0.025,3.08,2.85,0.019,0.23,0.129,187.8,192.1,4.69,420.1,439.6,420.0,432.5
0,0.74,0,4.28,2.77,19.36,0.024,2.73,2.5,0.018,0.23,0.124,187.8,192.1,4.62,420.1,439.8,420.0,432.5
0,0.76,0,4.24,2.95,19.44,0.022,3.16,2.93,0.017,0.23,0.117,187.8,192.1,4.68,420.2,439.6,420.0,432.7
0,0.78,0,4.25,2.59,19.36,0.023,3.16,2.93,0.018,0.23,0.123,187.8,192.1,4.68,420.0,439.6,420.0,433.0
0,0.78,0,4.25,2.7,19.35,0.023,3.51,3.28,0.018,0.23,0.122,187.9,192.2,4.61,419.9,439.7,420.0,432.9
0,0.79,0,4.27,2.74,19.36,0.024,3.48,3.25,0.019,0.23,0.127,187.8,192.1,4.67,419.7,439.6,420.0,433.1
0,0.77,0,4.27,2.67,19.37,0.024,3.69,3.46,0.019,0.23,0.125,187.8,192.2,4.68,419.8,439.6,420.1,433.5
0,0.8,0,4.27,2.72,19.4,0.024,3.5,3.27,0.019,0.23,0.127,187.8,192.2,4.68,419.8,439.8,420.0,433.5
0,0.73,0,4.29,2.52,19.4,0.023,3.04,2.81,0.018,0.23,0.123,187.8,192.2,4.73,420.1,439.7,420.0,434.1
0,0.75,0,4.25,2.78,19.37,0.025,3.26,3.03,0.019,0.23,0.129,187.8,192.2,4.59,419.9,439.6,420.0,434.2
0,0.76,0,4.27,2.66,19.32,0.024,2.62,2.39,0.019,0.23,0.127,187.8,192.2,4.69,419.8,439.7,420.0,434.2
0,0.74,0,4.29,2.75,19.42,0.023,2.72,2.49,0.017,0.23,0.118,187.8,192.2,4.7,419.9,439.7,420.0,434.2
0,0.74,0,4.25,2.66,19.43,0.023,3.11,2.88,0.018,0.23,0.12,187.8,192.2,4.69,420.0,439.5,420.0,434.3
0,0.75,0,4.26,2.66,19.33,0.024,2.97,2.74,0.018,0.23,0.124,187.8,192.2,4.61,420.2,439.8,420.0,434.0
0,0.75,0,4.26,2.71,19.32,0.023,3.88,3.65,0.018,0.23,0.121,187.8,192.1,4.69,420.3,439.6,420.0,434.6
0,0.77,0,4.21,2.68,19.37,0.026,3.44,3.21,0.02,0.23,0.135,187.8,192.2,4.62,420.2,439.7,420.0,434.6
0,0.77,0,4.23,2.68,19.42,0.025,3.19,2.96,0.02,0.23,0.133,187.7,192.1,4.7,420.1,439.8,420.0,434.9
0,0.76,0,4.28,2.78,19.4,0.024,3.38,3.15,0.019,0.23,0.128,187.9,192.2,4.68,420.0,439.6,420.1,434.9
0,0.73,0,4.27,2.7,19.26,0.022,2.59,2.36,0.016,0.23,0.114,187.8,192.2,4.57,419.9,439.6,420.1,435.1
0,0.76,0,4.28,2.65,19.42,0.022,3.0,2.77,0.017,0.23,0.114,187.8,192.2,4.7,419.8,439.6,420.0,435.2
0,0.76,0,4.27,2.7,19.46,0.022,3.05,2.82,0.017,0.23,0.118,187.9,192.2,4.65,419.9,439.7,420.1,434.9
0,0.74,0,4.25,2.68,19.39,0.023,3.29,3.06,0.017,0.23,0.119,187.8,192.2,4.63,420.0,439.6,420.0,434.9
0,0.76,0,4.25,2.7,19.38,0.024,3.64,3.41,0.018,0.23,0.124,187.8,192.2,4.66,420.1,439.8,420.0,434.1
0,0.76,0,4.26,2.64,19.37,0.024,3.3,3.07,0.018,0.23,0.124,187.8,192.2,4.68,420.2,439.8,420.0,433.9
0,0.77,0,4.26,2.69,19.38,0.026,3.33,3.1,0.02,0.23,0.135,187.8,192.2,4.7,420.2,439.9,420.0,434.1
0,0.76,0,4.22,2.68,19.35,0.025,3.1,2.87,0.02,0.23,0.131,187.8,192.2,4.6,420.1,439.7,420.0,434.3
0,0.77,0,4.24,2.65,19.43,0.024,2.87,2.64,0.019,0.23,0.125,187.8,192.2,4.7,420.0,439.6,420.0,434.0
0,0.77,0,4.29,2.69,19.37,0.024,2.86,2.63,0.019,0.23,0.127,187.8,192.2,4.64,419.9,439.6,420.0,434.1
0,0.78,0,4.26,2.68,19.39,0.023,2.59,2.36,0.017,0.23,0.118,187.8,192.2,4.64,419.9,439.7,420.1,434.5
0,0.78,0,4.27,2.68,19.35,0.022,2.71,2.48,0.017,0.23,0.118,187.8,192.2,4.67,419.7,439.7,419.9,434.0
0,0.77,0,4.28,2.67,19.38,0.022,2.59,2.36,0.017,0.23,0.115,187.8,192.2,4.67,419.9,439.6,420.0,433.9
0,0.77,0,4.28,2.71,19.43,0.022,3.07,2.84,0.017,0.23,0.117,187.8,192.2,4.65,420.0,439.7,420.0,434.3
0,0.75,0,4.28,2.61,19.34,0.025,3.72,3.49,0.019,0.23,0.128,187.8,192.2,4.69,420.1,439.7,420.0,434.5
0,0.76,0,4.22,2.65,19.36,0.025,3.62,3.39,0.02,0.23,0.132,187.8,192.2,4.62,420.3,439.7,419.9,434.6
0,0.75,0,4.24,2.71,19.38,0.024,3.15,2.92,0.018,0.23,0.125,187.8,192.2,4.67,420.3,439.6,420.0,434.3
0,0.76,0,4.26,2.78,19.37,0.024,3.51,3.28,0.018,0.23,0.124,187.8,192.2,4.67,420.1,439.6,420.0,435.1
0,0.74,0,4.3,2.71,19.31,0.024,2.97,2.74,0.019,0.23,0.125,187.8,192.2,4.66,420.0,439.7,420.0,435.3
0,0.76,0,4.24,2.68,19.36,0.024,3.3,3.07,0.019,0.23,0.125,187.8,192.2,4.63,420.0,439.8,420.0,434.7
0,0.75,0,4.29,2.69,19.4,0.023,3.16,2.93,0.018,0.23,0.123,187.8,192.2,4.62,420.1,439.6,419.7,434.9
0,0.75,0,4.29,2.64,19.43,0.023,3.02,2.79,0.017,0.23,0.119,187.8,192.2,4.71,420.3,439.6,420.0,434.8
0,0.74,0,4.3,2.69,19.43,0.023,2.86,2.63,0.018,0.23,0.123,187.8,192.2,4.67,420.3,439.9,420.0,434.6
0,0.74,0,4.26,2.71,19.33,0.023,2.93,2.7,0.018,0.23,0.122,187.8,192.2,4.61,420.1,439.9,420.0,435.1
0,0.74,0,4.28,2.67,19.38,0.023,2.77,2.54,0.018,0.23,0.122,187.8,192.2,4.65,420.0,439.7,420.1,435.1
0,0.75,0,4.25,2.66,19.42,0.023,3.35,3.12,0.018,0.23,0.12,187.8,192.2,4.64,419.8,439.8,420.0,434.9
0,0.76,0,4.24,2.72,19.33,0.025,3.66,3.43,0.019,0.23,0.129,187.8,192.2,4.64,419.8,439.9,420.0,435.3
0,0.75,0,4.31,2.71,19.39,0.025,3.21,2.98,0.02,0.23,0.132,187.8,192.2,4.65,419.8,439.9,420.0,435.4
0,0.74,0,4.28,2.6,19.35,0.024,3.29,3.06,0.018,0.23,0.124,187.8,192.2,4.59,419.9,439.8,420.0,435.2
0,0.75,0,4.3,2.68,19.38,0.023,2.88,2.65,0.018,0.23,0.122,187.8,192.2,4.6,419.9,439.9,420.1,435.2
0,0.74,0,4.27,2.78,19.38,0.023,3.03,2.8,0.018,0.23,0.12,187.8,192.2,4.63,420.0,439.9,419.9,435.1
0,0.74,0,4.29,2.63,19.37,0.022,3.63,3.4,0.017,0.23,0.117,187.8,192.2,4.65,420.0,439.7,420.1,435.2
0,0.74,0,4.29,2.72,19.39,0.023,2.74,2.51,0.017,0.23,0.119,187.8,192.2,4.67,420.1,439.9,420.0,435.3
0,0.73,0,4.25,2.61,19.37,0.023,3.11,2.88,0.017,0.23,0.119,187.8,192.2,4.69,420.1,439.8,419.9,435.5
0,0.74,0,4.29,2.81,19.32,0.023,3.46,3.23,0.018,0.23,0.123,187.8,192.2,4.67,420.1,439.8,420.2,435.0
0,0.74,0,4.3,2.68,19.36,0.025,3.06,2.83,0.019,0.23,0.13,187.8,192.2,4.69,420.0,439.8,420.0,435.4
0,0.73,0,4.29,2.6,19.29,0.025,3.62,3.39,0.02,0.23,0.13,187.8,192.2,4.57,419.7,439.8,420.0,435.0
0,0.74,0,4.32,2.57,19.43,0.024,3.26,3.03,0.019,0.23,0.128,187.8,192.2,4.7,419.7,439.9,420.1,435.4
0,0.73,0,4.29,2.75,19.37,0.022,3.25,3.02,0.016,0.23,0.114,187.8,192.2,4.7,420.0,439.9,420.1,435.2
0,0.74,0,4.28,2.8,19.37,0.022,3.07,2.84,0.017,0.23,0.117,187.8,192.2,4.62,420.0,439.7,420.1,435.3
0,0.74,0,4.3,2.67,19.33,0.022,2.93,2.7,0.017,0.23,0.118,187.8,192.2,4.7,420.1,439.7,420.0,435.1
0,0.72,0,4.27,2.63,19.31,0.024,3.55,3.32,0.018,0.23,0.124,187.8,192.2,4.69,419.8,439.7,420.0,435.2
0,0.75,0,4.32,2.64,19.33,0.025,3.36,3.13,0.02,0.23,0.133,187.8,192.2,4.64,419.7,439.8,420.1,435.0
0,0.74,0,4.26,2.76,19.38,0.026,3.23,3.0,0.02,0.23,0.134,187.8,192.2,4.68,419.8,439.9,420.0,435.2
0,0.75,0,4.27,2.74,19.36,0.024,2.79,2.56,0.019,0.23,0.126,187.8,192.2,4.71,419.9,439.7,420.1,435.3
0,0.75,0,4.29,2.62,19.37,0.023,3.15,2.92,0.017,0.23,0.119,187.8,192.2,4.65,420.0,440.0,420.0,435.2
0,0.75,0,4.26,2.67,19.33,0.022,3.33,3.1,0.017,0.23,0.116,187.8,192.2,4.69,420.1,439.9,420.0,435.4
0,0.74,0,4.25,2.71,19.32,0.023,3.48,3.25,0.017,0.23,0.119,187.8,192.2,4.65,420.1,439.0,420.0,435.4
0,0.74,0,4.31,2.73,19.36,0.023,3.02,2.79,0.017,0.23,0.119,187.8,192.2,4.68,420.1,439.1,419.9,435.5
0,0.73,0,4.25,2.64,19.33,0.024,3.38,3.15,0.018,0.23,0.123,187.8,192.2,4.64,420.0,439.2,420.0,435.3
0,0.74,0,4.3,2.7,19.36,0.025,3.2,2.97,0.019,0.23,0.129,187.8,192.2,4.71,420.0,439.2,420.0,435.3
0,0.72,0,4.28,2.57,19.31,0.024,3.1,2.87,0.019,0.23,0.126,187.8,192.2,4.63,419.9,439.9,419.9,435.4
0,0.74,0,4.29,2.76,19.31,0.024,3.62,3.39,0.018,0.23,0.124,187.8,192.2,4.63,419.7,439.6,420.1,435.3
0,0.74,0,4.28,2.7,19.32,0.023,2.8,2.57,0.018,0.23,0.121,187.8,192.2,4.71,419.7,439.5,420.0,435.6
0,0.74,0,4.27,2.67,19.34,0.023,3.06,2.83,0.017,0.23,0.118,187.8,192.2,4.66,419.9,439.8,420.1,435.5
0,0.74,0,4.32,2.66,19.32,0.024,2.91,2.68,0.019,0.23,0.124,187.8,192.2,4.64,420.0,439.6,420.1,435.6
0,0.72,0,4.32,2.63,19.3,0.023,2.98,2.75,0.018,0.23,0.119,187.8,192.2,4.62,420.2,439.5,420.0,435.6
0,0.73,0,4.26,2.61,19.37,0.023,2.99,2.76,0.018,0.23,0.121,187.8,192.2,4.65,420.2,439.6,420.0,435.4
0,0.75,0,4.32,2.68,19.32,0.022,3.45,3.22,0.017,0.23,0.117,187.8,192.2,4.59,420.1,439.7,420.1,435.5
0,0.76,0,4.34,2.69,19.38,0.025,3.17,2.94,0.02,0.23,0.13,187.8,192.2,4.65,420.0,439.5,420.1,435.6
0,0.74,0,4.32,2.7,19.37,0.024,2.86,2.63,0.019,0.23,0.128,187.8,192.2,4.67,420.0,439.6,420.0,435.6
0,0.74,0,4.31,2.59,19.37,0.024,3.2,2.97,0.019,0.23,0.126,187.8,192.2,4.68,420.0,439.6,420.0,435.5
0,0.75,0,4.32,2.68,19.37,0.023,3.0,2.77,0.017,0.23,0.119,187.8,192.2,4.64,419.8,439.8,420.1,435.7
0,0.75,0,4.29,2.8,19.33,0.023,3.32,3.09,0.017,0.23,0.118,187.8,192.2,4.61,419.8,439.7,420.1,435.8
0,0.74,0,4.32,2.69,19.3,0.022,2.96,2.73,0.017,0.23,0.115,187.8,192.2,4.57,419.9,439.7,420.0,435.4
0,0.73,0,4.28,2.71,19.36,0.022,3.69,3.46,0.017,0.23,0.116,187.8,192.2,4.62,420.0,439.8,419.8,435.5
0,0.73,0,4.29,2.65,19.31,0.023,3.44,3.21,0.018,0.23,0.122,187.8,192.2,4.58,420.1,439.5,420.0,435.5
0,0.75,0,4.3,2.68,19.43,0.023,3.13,2.9,0.018,0.23,0.12,187.8,192.2,4.68,420.1,439.8,420.0,435.5
0,0.74,0,4.27,2.72,19.36,0.024,2.94,2.71,0.019,0.23,0.126,187.8,192.2,4.63,420.1,439.6,420.0,435.6
0,0.73,0,4.19,2.71,19.33,0.024,3.16,2.93,0.018,0.23,0.124,187.8,192.2,4.67,420.1,439.7,420.0,435.7
0,0.73,0,4.28,2.74,19.32,0.024,2.85,2.62,0.019,0.23,0.125,187.8,192.2,4.63,420.0,439.6,420.1,436.1
0,0.73,0,4.28,2.71,19.37,0.024,3.33,3.1,0.019,0.23,0.125,187.7,192.2,4.67,419.9,439.5,420.1,436.3
0,0.73,0,4.28,2.75,19.39,0.024,3.06,2.83,0.019,0.23,0.126,187.8,192.2,4.69,419.9,439.6,420.0,435.6
0,0.72,0,4.3,2.64,19.37,0.023,3.24,3.01,0.018,0.23,0.122,187.8,192.2,4.68,420.0,439.5,420.1,435.4
0,0.72,0,4.28,2.8,19.33,0.022,3.24,3.01,0.017,0.23,0.114,187.8,192.2,4.59,420.0,439.5,420.0,435.7
0,0.72,0,4.29,2.67,19.31,0.024,3.18,2.95,0.019,0.23,0.128,187.8,192.2,4.69,420.1,439.6,419.9,435.6
0,0.73,0,4.27,2.72,19.27,0.025,3.32,3.09,0.019,0.23,0.128,187.8,192.2,4.6,420.0,439.6,420.0,435.5
0,0.75,0,4.31,2.68,19.38,0.025,2.85,2.62,0.019,0.23,0.129,187.8,192.2,4.64,420.1,439.7,420.0,435.6
0,0.75,0,4.25,2.7,19.35,0.022,2.71,2.48,0.017,0.23,0.118,187.8,192.2,4.64,420.0,439.5,420.0,435.7
0,0.76,0,4.27,2.66,19.39,0.022,2.66,2.43,0.017,0.23,0.115,187.8,192.2,4.65,419.9,439.5,420.0,435.5
0,0.77,0,4.26,2.68,19.41,0.022,3.18,2.95,0.017,0.23,0.116,187.8,192.2,4.67,419.8,439.7,420.0,435.6
0,0.77,0,4.28,2.36,19.44,0.023,2.88,2.65,0.018,0.23,0.12,187.8,192.2,4.64,419.9,439.6,419.9,435.6
0,0.77,0,4.28,2.69,19.33,0.025,3.36,3.13,0.02,0.23,0.132,187.8,192.3,4.64,420.1,439.6,420.0,436.1
0,0.75,0,4.3,2.62,19.37,0.025,3.18,2.95,0.02,0.23,0.133,187.8,192.2,4.67,420.1,439.8,420.0,435.7
0,0.76,0,4.25,2.68,19.31,0.023,3.29,3.06,0.018,0.23,0.123,187.8,192.3,4.65,420.1,439.6,420.0,435.4
0,0.76,0,4.28,2.76,19.37,0.023,2.82,2.59,0.018,0.23,0.121,187.8,192.2,4.67,420.0,439.6,419.8,435.1
0,0.76,0,4.27,2.74,19.41,0.022,3.1,2.87,0.017,0.23,0.116,187.8,192.2,4.66,420.0,439.7,420.0,435.5
0,0.75,0,4.28,2.71,19.39,0.023,2.88,2.65,0.018,0.23,0.122,187.8,192.2,4.65,419.7,439.4,420.0,435.2
0,0.75,0,4.25,2.65,19.35,0.023,3.2,2.97,0.018,0.23,0.122,187.8,192.2,4.67,419.7,439.7,420.1,435.1
0,0.75,0,4.27,2.74,19.38,0.024,2.78,2.55,0.018,0.23,0.124,187.8,192.2,4.7,419.9,439.6,420.0,435.1
0,0.75,0,4.31,2.76,19.38,0.025,3.72,3.49,0.019,0.23,0.129,187.8,192.2,4.64,420.1,439.5,420.0,435.2
0,0.76,0,4.27,2.62,19.32,0.024,2.61,2.38,0.018,0.23,0.124,187.8,192.2,4.63,420.0,439.5,420.0,435.2
0,0.74,0,4.3,2.62,19.33,0.023,3.38,3.15,0.018,0.23,0.122,187.8,192.2,4.63,419.8,439.6,420.1,435.3
0,0.74,0,4.27,2.73,19.31,0.024,3.69,3.46,0.018,0.23,0.124,187.8,192.2,4.62,419.7,439.5,419.9,435.4
0,0.74,0,4.24,2.65,19.39,0.025,3.79,3.56,0.019,0.23,0.129,187.8,192.2,4.65,419.8,439.5,419.9,435.6
0,0.73,0,4.24,2.7,19.37,0.025,3.09,2.86,0.019,0.23,0.128,187.8,192.2,4.66,420.0,439.6,420.0,435.4
0,0.74,0,4.26,2.68,19.38,0.023,3.73,3.5,0.018,0.23,0.123,187.8,192.2,4.68,420.1,439.6,420.0,434.7
0,0.76,0,4.3,2.67,19.39,0.024,3.51,3.28,0.019,0.23,0.125,187.8,192.2,4.68,420.2,439.6,419.9,434.2
0,0.74,0,4.27,2.7,19.35,0.024,3.47,3.24,0.018,0.23,0.124,187.8,192.2,4.63,420.2,439.5,419.9,433.8
0,0.77,0,4.27,2.62,19.34,0.023,2.85,2.62,0.018,0.23,0.123,187.8,192.2,4.66,420.1,439.5,420.0,433.9
0,0.75,0,4.28,2.62,19.37,0.024,2.91,2.68,0.018,0.23,0.124,187.8,192.2,4.71,420.0,439.5,420.0,434.0
0,0.77,0,4.24,2.67,19.46,0.023,3.1,2.87,0.018,0.23,0.123,187.8,192.2,4.76,419.9,439.6,420.0,434.0
0,0.76,0,4.28,2.63,19.42,0.025,3.57,3.34,0.019,0.23,0.129,187.8,192.2,4.69,419.8,439.6,419.9,433.8
0,0.75,0,4.26,2.65,19.29,0.025,3.7,3.47,0.02,0.23,0.132,187.8,192.2,4.67,419.7,439.5,420.1,433.7
0,0.75,0,4.29,2.67,19.43,0.024,2.88,2.65,0.019,0.23,0.128,187.8,192.2,4.66,419.9,439.6,419.9,433.8
0,0.75,0,4.24,2.61,19.36,0.022,2.67,2.44,0.017,0.23,0.116,187.8,192.2,4.73,420.1,439.6,419.9,433.8
0,0.73,0,4.27,2.58,19.32,0.023,2.94,2.71,0.018,0.23,0.121,187.8,192.2,4.68,420.1,439.7,420.0,433.9
0,0.75,0,4.26,2.73,19.36,0.022,3.37,3.14,0.017,0.23,0.117,187.8,192.2,4.7,420.1,439.5,420.0,434.2
0,0.75,0,4.23,2.65,19.36,0.024,3.41,3.18,0.018,0.23,0.124,187.8,192.2,4.62,420.1,439.4,420.1,433.6
0,0.74,0,4.27,2.68,19.34,0.024,2.79,2.56,0.018,0.23,0.125,187.8,192.2,4.69,420.0,439.6,420.2,433.8
0,0.74,0,4.29,2.65,19.35,0.024,2.94,2.71,0.018,0.23,0.124,187.8,192.2,4.63,420.0,439.5,420.1,433.8
0,0.74,0,4.28,2.67,19.38,0.024,3.11,2.88,0.019,0.23,0.125,187.8,192.2,4.66,420.0,439.5,419.9,433.8
0,0.74,0,4.31,2.66,19.32,0.024,3.44,3.21,0.019,0.23,0.127,187.8,192.2,4.63,419.9,439.6,420.0,434.2
0,0.72,0,4.29,2.68,19.29,0.025,3.34,3.11,0.019,0.23,0.129,187.8,192.2,4.62,419.8,439.8,420.0,434.0
0,0.72,0,4.29,2.7,19.34,0.024,3.03,2.8,0.019,0.23,0.128,187.8,192.2,4.68,419.8,439.6,420.0,433.9
0,0.74,0,4.26,2.6,19.43,0.024,3.03,2.8,0.019,0.23,0.125,187.8,192.2,4.68,419.9,439.5,420.0,433.9
0,0.73,0,4.25,2.73,19.38,0.022,2.72,2.49,0.017,0.23,0.117,187.8,192.2,4.67,420.0,439.6,420.1,434.0
0,0.74,0,4.3,2.68,19.3,0.022,2.63,2.4,0.016,0.23,0.113,187.8,192.2,4.63,420.1,439.6,420.0,434.5
0,0.74,0,4.26,2.73,19.37,0.022,3.5,3.27,0.017,0.23,0.116,187.8,192.2,4.68,420.2,439.6,420.1,434.1
0,0.75,0,4.29,2.66,19.42,0.025,3.14,2.91,0.019,0.23,0.129,187.7,192.2,4.64,420.1,439.6,420.1,434.5
0,0.72,0,4.24,2.73,19.35,0.025,2.92,2.69,0.019,0.23,0.129,187.8,192.2,4.71,420.1,439.5,420.0,434.4
0,0.74,0,4.27,2.66,19.39,0.023,2.88,2.65,0.018,0.23,0.123,187.8,192.2,4.7,420.0,439.4,420.1,434.0
0,0.75,0,4.26,2.7,19.37,0.023,2.86,2.63,0.017,0.23,0.118,187.8,192.2,4.69,420.0,439.5,419.8,434.5
0,0.74,0,4.3,2.71,19.28,0.024,3.43,3.2,0.019,0.23,0.127,187.8,192.2,4.66,419.7,439.4,419.9,434.4
0,0.71,0,4.28,2.69,19.28,0.024,3.41,3.18,0.019,0.23,0.125,187.8,192.2,4.68,419.7,439.4,420.1,434.5
0,0.73,0,4.3,2.7,19.31,0.024,2.94,2.71,0.018,0.23,0.124,187.8,192.2,4.67,419.9,439.4,420.1,434.6
0,0.74,0,4.31,2.63,19.31,0.023,2.83,2.6,0.018,0.23,0.121,187.8,192.2,4.61,420.1,439.4,420.1,434.8
0,0.73,0,4.27,2.71,19.36,0.024,3.06,2.83,0.019,0.23,0.126,187.8,192.1,4.65,420.0,439.3,420.0,434.7
0,0.72,0,4.28,2.72,19.37,0.023,3.95,3.72,0.018,0.23,0.122,187.8,192.2,4.71,419.8,439.5,420.0,434.8
0,0.72,0,4.31,2.66,19.3,0.025,3.56,3.33,0.019,0.23,0.129,187.8,192.1,4.69,419.7,439.6,419.9,434.8
0,0.74,0,4.32,2.64,19.32,0.025,3.33,3.1,0.019,0.23,0.128,187.8,192.2,4.64,419.8,439.2,420.1,434.8
0,0.72,0,4.26,2.61,19.37,0.024,3.48,3.25,0.019,0.23,0.125,187.8,192.1,4.7,420.0,439.4,420.0,435.0
0,0.72,0,4.29,2.73,19.35,0.024,2.63,2.4,0.019,0.23,0.125,187.8,192.2,4.7,420.1,439.4,420.1,434.9
0,0.73,0,4.31,2.69,19.29,0.023,2.86,2.63,0.018,0.23,0.121,187.8,192.1,4.68,420.2,439.3,419.9,435.3
0,0.73,0,4.25,2.71,19.33,0.023,2.53,2.3,0.018,0.23,0.12,187.8,192.2,4.64,420.1,439.4,420.0,435.1
0,0.72,0,4.28,2.69,19.31,0.022,2.99,2.76,0.016,0.23,0.113,187.8,192.1,4.63,420.1,439.9,420.0,435.4
0,0.72,0,4.28,2.69,19.41,0.023,4.03,3.8,0.018,0.23,0.12,187.8,192.1,4.73,420.0,439.9,420.1,435.1
1,0.51,0,4.22,2.66,21.32,0.025,6.8,3.66,0.019,3.14,0.129,187.2,192.2,4.7,419.8,440.0,420.0,435.0
1,0.51,0,4.33,2.54,20.69,0.028,6.48,3.34,0.023,3.13,0.147,187.3,192.2,4.69,419.8,440.0,420.0,434.9
1,0.74,0,4.27,2.54,20.33,0.025,3.43,3.2,0.02,0.23,0.133,187.4,192.1,4.6,420.1,440.0,420.1,435.3
1,0.74,0,4.25,2.6,20.36,0.026,3.53,3.3,0.02,0.23,0.134,187.4,192.1,4.65,420.1,440.0,420.3,435.1
1,0.74,0,4.26,2.66,20.33,0.026,3.74,3.51,0.021,0.23,0.135,187.4,192.0,4.69,420.0,439.9,420.1,435.2
1,0.73,0,4.28,2.67,20.34,0.026,6.68,3.8,0.021,2.88,0.137,187.4,192.0,4.66,420.0,440.0,419.8,435.6
1,0.73,0,4.3,2.65,20.3,0.026,6.65,3.25,0.021,3.4,0.137,187.5,192.0,4.63,419.8,439.8,419.9,435.5
1,0.74,0,4.27,2.69,20.33,0.025,3.22,2.99,0.02,0.23,0.131,187.5,192.1,4.61,419.8,439.9,420.0,435.1
1,0.74,0,4.25,2.68,20.34,0.024,3.68,3.45,0.019,0.23,0.127,187.5,192.1,4.69,419.9,439.9,420.1,435.7
1,0.73,0,4.26,2.66,20.34,0.023,5.89,2.75,0.018,3.14,0.123,187.5,192.1,4.65,420.1,440.0,420.0,435.7
1,0.72,0,4.29,2.55,20.29,0.025,3.6,3.37,0.02,0.23,0.13,187.6,192.1,4.6,420.2,440.0,420.3,435.5
1,0.72,0,4.28,2.68,20.28,0.024,3.75,3.52,0.019,0.23,0.127,187.6,192.1,4.62,420.2,439.9,420.0,435.4
1,0.71,0,4.27,2.63,20.31,0.024,3.56,3.33,0.018,0.23,0.125,187.6,192.1,4.62,420.1,439.9,420.0,435.1
1,0.74,0,4.25,2.7,20.35,0.024,7.04,3.64,0.019,3.4,0.125,187.6,192.0,4.67,420.1,439.9,419.9,435.8
1,0.74,0,4.27,2.65,20.42,0.024,6.84,3.7,0.019,3.14,0.127,187.6,192.1,4.68,420.1,440.0,420.0,435.4
1,0.74,0,4.32,2.69,20.39,0.024,6.86,3.72,0.019,3.14,0.127,187.6,192.0,4.65,420.2,439.8,419.9,435.6
1,0.77,0,4.29,2.71,20.37,0.024,3.92,3.69,0.019,0.23,0.128,187.6,192.1,4.68,420.1,439.8,419.9,435.3
1,0.76,0,4.3,2.72,20.36,0.025,7.15,4.01,0.02,3.14,0.131,187.6,192.0,4.61,420.1,439.8,419.9,435.5
1,0.76,0,4.28,2.66,20.34,0.025,4.03,3.8,0.02,0.23,0.133,187.7,192.2,4.67,420.1,439.7,419.9,435.6
1,0.74,0,4.3,2.62,20.32,0.026,6.12,3.24,0.02,2.88,0.134,187.7,192.1,4.65,420.0,439.8,419.9,435.3
1,0.75,0,4.3,2.63,20.36,0.023,3.84,3.61,0.018,0.23,0.12,187.7,192.1,4.69,420.0,439.8,420.1,435.4
1,0.74,0,4.24,2.4,20.31,0.022,3.22,2.99,0.017,0.23,0.117,187.7,192.1,4.66,419.9,439.8,420.0,435.6
0,0.74,0,4.29,2.65,20.33,0.024,3.15,2.92,0.019,0.23,0.128,187.6,192.1,4.68,420.1,440.0,420.0,435.5
0,0.74,0,4.26,2.71,19.31,0.023,3.11,2.88,0.018,0.23,0.122,187.6,192.1,4.67,420.1,439.8,420.0,435.4
0,0.74,0,4.25,2.66,19.32,0.024,3.58,3.35,0.019,0.23,0.126,187.6,192.1,4.67,420.1,439.8,420.0,435.9
0,0.74,0,4.27,2.69,19.3,0.025,3.98,3.75,0.019,0.23,0.129,187.7,192.1,4.64,419.9,439.9,420.0,436.0
0,0.75,0,4.24,2.71,19.33,0.025,2.89,2.66,0.019,0.23,0.129,187.6,192.1,4.68,419.9,439.8,420.0,435.8
0,0.73,0,4.21,2.69,19.31,0.022,3.45,3.22,0.017,0.23,0.116,187.7,192.1,4.66,419.9,439.8,420.0,435.8
0,0.75,0,4.27,2.72,19.31,0.022,2.66,2.43,0.017,0.23,0.114,187.6,192.1,4.65,420.0,439.7,420.0,435.6
0,0.75,0,4.28,2.72,19.3,0.022,2.91,2.68,0.017,0.23,0.117,187.7,192.1,4.64,420.1,439.7,420.0,436.1
0,0.73,0,4.27,2.68,19.31,0.024,3.0,2.77,0.018,0.23,0.124,187.7,192.0,4.62,420.2,439.4,420.0,435.8
0,0.74,0,4.26,2.65,19.38,0.024,2.92,2.69,0.018,0.23,0.124,187.8,192.1,4.62,420.2,439.9,420.0,435.3
0,0.74,0,4.23,2.63,19.4,0.023,2.86,2.63,0.018,0.23,0.122,187.7,192.1,4.63,420.1,439.8,419.9,435.6
0,0.74,0,4.21,2.73,19.3,0.024,3.21,2.98,0.018,0.23,0.123,187.8,192.1,4.6,420.1,439.7,420.1,435.6
0,0.73,0,4.3,2.69,19.33,0.024,3.18,2.95,0.018,0.23,0.124,187.8,192.1,4.69,420.1,439.7,419.9,435.7
0,0.73,0,4.26,2.7,19.29,0.024,3.32,3.09,0.019,0.23,0.125,187.8,192.1,4.68,420.0,439.9,420.0,435.8
0,0.73,0,4.22,2.77,19.33,0.023,2.86,2.63,0.017,0.23,0.118,187.8,192.1,4.65,419.9,439.9,420.0,435.6
0,0.71,0,4.29,2.66,19.26,0.023,3.26,3.03,0.017,0.23,0.118,187.8,192.1,4.62,419.9,440.4,420.0,435.5
0,0.73,0,4.28,2.62,19.28,0.024,3.72,3.49,0.019,0.23,0.128,187.7,192.1,4.63,420.0,439.8,420.0,435.6
0,0.73,0,4.29,2.72,19.33,0.024,3.05,2.82,0.018,0.23,0.123,187.8,192.1,4.62,420.1,439.9,420.0,435.8
0,0.74,0,4.3,2.71,19.31,0.024,3.49,3.26,0.018,0.23,0.123,187.9,192.2,4.68,420.0,439.7,420.0,435.9
0,0.71,0,4.3,2.68,19.31,0.024,2.84,2.61,0.019,0.23,0.127,187.9,192.2,4.68,419.9,439.8,420.0,435.9
0,0.73,0,4.3,2.66,19.31,0.024,3.87,3.64,0.019,0.23,0.128,187.9,192.2,4.63,419.8,439.9,420.1,435.8
0,0.75,0,4.29,2.65,19.33,0.024,2.71,2.48,0.018,0.23,0.123,187.8,192.2,4.6,419.9,419.2,420.0,418.7
0,0.76,0,4.3,2.34,19.34,0.022,2.89,2.66,0.017,0.23,0.116,187.8,192.2,4.62,420.1,420.1,419.9,420.3
0,0.75,0,4.24,2.67,19.33,0.022,2.97,2.74,0.017,0.23,0.117,187.8,192.2,4.59,420.3,420.1,420.0,420.1
0,0.74,0,4.3,2.74,19.33,0.023,3.16,2.93,0.018,0.23,0.122,187.8,192.2,4.68,420.2,419.9,420.0,419.9
0,0.77,0,4.29,2.73,19.38,0.024,3.28,3.05,0.018,0.23,0.125,187.8,192.1,4.71,420.2,420.3,420.0,420.0
0,0.75,0,4.28,2.66,19.35,0.024,3.62,3.39,0.019,0.23,0.125,187.8,192.1,4.64,420.0,420.3,420.0,420.2
0,0.73,0,4.28,2.71,19.32,0.024,3.03,2.8,0.019,0.23,0.126,187.8,192.1,4.59,419.9,420.3,420.1,420.0
0,0.75,0,4.26,2.74,19.33,0.024,3.34,3.11,0.018,0.23,0.124,187.9,192.2,4.66,419.8,420.3,420.1,420.1
0,0.77,0,4.29,2.75,19.37,0.024,3.04,2.81,0.019,0.23,0.125,187.9,192.2,4.61,419.8,420.0,420.0,420.6
0,0.74,0,4.25,2.45,19.33,0.024,3.27,3.04,0.018,0.23,0.123,187.9,192.2,4.65,419.8,419.8,420.0,420.2
1,0.51,0,4.33,2.6,20.61,0.027,6.28,3.41,0.021,2.88,0.139,187.6,192.2,4.67,419.8,420.2,420.1,420.1
1,0.74,0,4.29,2.65,20.34,0.027,3.75,3.52,0.022,0.23,0.142,187.6,192.1,4.61,419.8,420.1,419.9,419.9
1,0.72,0,4.23,2.6,20.33,0.027,3.84,3.61,0.022,0.23,0.143,187.7,192.1,4.68,419.9,419.7,420.0,419.9
1,0.71,0,4.29,2.66,20.33,0.023,3.45,3.22,0.018,0.23,0.122,187.7,192.1,4.61,420.1,420.0,420.2,420.0
1,0.74,0,4.25,2.68,20.35,0.022,5.12,2.25,0.017,2.88,0.115,187.7,192.1,4.65,420.1,420.0,419.9,419.6
1,0.75,0,4.25,2.68,20.34,0.022,3.59,3.36,0.016,0.23,0.115,187.7,192.1,4.61,420.1,420.0,420.0,420.1
1,0.73,0,4.28,2.7,20.34,0.024,3.64,3.41,0.019,0.23,0.126,187.7,192.1,4.67,420.0,420.3,419.9,420.0
1,0.75,0,4.27,2.7,20.38,0.026,4.2,3.97,0.021,0.23,0.138,187.7,192.1,4.72,419.9,419.6,419.9,419.4
0,0.74,0,4.22,2.64,20.35,0.025,2.88,2.65,0.019,0.23,0.129,187.7,192.0,4.64,419.9,420.1,420.0,420.5
0,0.74,0,4.29,2.72,19.36,0.024,3.41,3.18,0.019,0.23,0.126,187.7,191.9,4.69,420.0,421.0,420.0,420.2
0,0.75,0,4.28,2.68,19.38,0.024,3.49,3.26,0.019,0.23,0.127,187.8,192.1,4.68,420.2,420.8,420.0,419.7
0,0.75,0,4.3,2.59,19.39,0.023,3.54,3.31,0.018,0.23,0.122,187.7,192.0,4.7,420.4,420.7,420.0,420.1
0,0.75,0,4.3,2.57,19.38,0.023,3.6,3.37,0.017,0.23,0.12,187.7,192.0,4.73,420.3,420.8,420.1,420.1
1,0.52,0,4.36,2.65,20.61,0.024,4.16,3.93,0.019,0.23,0.126,187.6,192.0,4.7,419.8,420.4,420.3,419.9
1,0.76,0,4.26,2.64,20.37,0.026,4.26,4.03,0.02,0.23,0.134,187.7,192.1,4.62,419.9,420.4,420.0,420.0
1,0.74,0,4.19,2.59,20.35,0.027,6.84,3.7,0.022,3.14,0.141,187.7,192.1,4.65,419.9,420.5,419.9,419.8
1,0.75,0,4.24,2.71,20.35,0.027,3.96,3.73,0.022,0.23,0.144,187.7,192.0,4.7,419.9,420.9,420.0,419.5
1,0.74,0,4.28,2.69,20.34,0.026,6.58,3.97,0.02,2.61,0.135,187.7,192.0,4.65,420.1,420.8,420.0,419.9
1,0.73,0,4.29,2.73,20.38,0.022,3.77,3.54,0.017,0.23,0.118,187.6,191.9,4.63,419.9,420.8,420.2,420.1
1,0.73,0,4.24,2.7,20.37,0.024,3.85,3.62,0.019,0.23,0.125,187.7,192.1,4.66,419.7,420.9,420.0,420.0
0,0.76,0,4.28,2.73,20.35,0.024,3.08,2.85,0.019,0.23,0.126,187.7,192.1,4.65,419.7,421.0,420.0,420.0
0,0.75,0,4.3,2.72,19.43,0.024,3.49,3.26,0.019,0.23,0.125,187.7,192.1,4.67,419.8,421.1,420.0,419.5
1,0.51,0,4.07,2.6,21.44,0.03,7.7,4.29,0.024,3.4,0.155,185.3,192.5,4.67,419.8,421.3,420.2,420.0
1,0.51,0,4.3,2.54,20.67,0.028,7.24,4.11,0.023,3.13,0.147,185.6,192.3,4.71,419.7,421.3,420.2,420.3
1,0.73,0,4.24,2.54,20.39,0.026,3.7,3.47,0.021,0.23,0.138,185.9,192.2,4.7,419.7,421.1,420.1,420.0
1,0.76,0,4.17,2.68,20.43,0.023,3.09,2.86,0.018,0.23,0.121,186.4,192.0,4.71,420.3,420.9,420.0,419.6
1,0.74,0,4.21,2.7,20.32,0.024,3.3,3.07,0.018,0.23,0.125,186.6,191.9,4.64,420.2,421.0,420.1,419.6
1,0.77,0,4.22,2.67,20.36,0.025,3.99,3.76,0.019,0.23,0.13,186.7,191.9,4.6,420.1,420.8,420.0,419.4
1,0.76,0,4.25,2.66,20.35,0.026,6.82,3.94,0.02,2.87,0.136,186.8,191.9,4.67,420.0,421.1,420.2,419.4
0,0.77,0,4.2,2.72,20.39,0.026,3.73,3.5,0.021,0.23,0.137,186.9,191.9,4.66,420.0,420.9,420.0,419.1
0,0.74,0,4.25,2.7,19.38,0.024,3.67,3.44,0.019,0.23,0.126,187.1,191.9,4.68,420.0,421.3,420.0,419.9
0,0.76,0,4.26,2.64,19.4,0.023,3.73,3.5,0.018,0.23,0.122,187.1,191.9,4.66,420.1,421.1,419.9,419.6
0,0.75,0,4.23,2.66,19.4,0.022,3.18,2.95,0.017,0.23,0.118,187.2,191.9,4.62,420.1,420.1,420.0,418.9
0,0.75,0,4.18,2.71,19.43,0.022,2.44,2.21,0.017,0.23,0.115,187.2,191.9,4.59,420.1,420.5,420.0,418.6
0,0.75,0,4.17,2.65,19.37,0.021,3.01,2.78,0.016,0.23,0.112,187.3,191.9,4.66,420.0,420.7,420.0,418.7
0,0.75,0,4.25,2.65,19.33,0.023,3.5,3.27,0.017,0.23,0.119,187.3,191.9,4.59,419.9,420.7,420.1,418.6
0,0.75,0,4.24,2.7,19.35,0.025,3.91,3.68,0.02,0.23,0.132,187.4,191.9,4.64,419.9,421.0,420.1,418.3
0,0.75,0,4.16,2.66,19.34,0.026,2.99,2.76,0.02,0.23,0.135,187.4,191.9,4.67,419.9,420.8,420.0,418.3
0,0.75,0,4.24,2.74,19.36,0.025,3.47,3.24,0.02,0.23,0.13,187.4,191.9,4.62,419.9,421.1,420.0,418.5
0,0.74,0,4.23,2.64,19.38,0.023,2.7,2.47,0.018,0.23,0.122,187.5,192.0,4.65,420.0,420.3,420.0,418.5
0,0.75,0,4.26,2.71,19.39,0.022,2.92,2.69,0.017,0.23,0.117,187.5,192.0,4.64,420.0,420.7,420.0,418.4
0,0.74,0,4.25,2.41,19.32,0.022,2.89,2.66,0.017,0.23,0.116,187.5,192.0,4.59,420.1,420.7,420.0,417.9
0,0.75,0,4.21,2.71,19.36,0.022,2.55,2.32,0.017,0.23,0.118,187.5,191.9,4.67,420.3,420.5,420.1,418.3
0,0.74,0,4.22,2.69,19.34,0.022,3.16,2.93,0.017,0.23,0.117,187.5,192.0,4.61,420.3,420.6,420.0,418.3
0,0.74,0,4.21,2.76,19.31,0.023,3.21,2.98,0.018,0.23,0.123,187.5,192.0,4.58,420.2,420.9,420.1,418.4
0,0.75,0,4.26,2.6,19.33,0.024,3.17,2.94,0.018,0.23,0.124,187.6,192.0,4.65,420.0,420.8,420.0,418.5
0,0.73,0,4.27,2.66,19.32,0.025,3.47,3.24,0.019,0.23,0.129,187.6,192.0,4.67,419.8,420.2,420.0,418.6
0,0.74,0,4.23,2.67,19.32,0.025,3.69,3.46,0.02,0.23,0.13,187.6,192.0,4.63,419.9,420.1,420.0,418.5
0,0.74,0,4.27,2.51,19.34,0.024,2.93,2.7,0.018,0.23,0.124,187.6,192.0,4.65,420.0,420.8,420.0,418.6
0,0.74,0,4.25,2.68,19.34,0.023,3.22,2.99,0.018,0.23,0.123,187.6,192.0,4.68,420.0,420.8,420.0,418.6
0,0.74,0,4.27,2.74,19.37,0.025,2.73,2.5,0.019,0.23,0.129,187.6,192.0,4.59,420.1,420.9,419.9,418.5
0,0.74,0,4.25,2.72,19.4,0.021,2.71,2.48,0.016,0.23,0.109,187.6,192.0,4.68,420.1,420.4,420.0,418.6
0,0.73,0,4.24,2.65,19.38,0.022,3.2,2.97,0.016,0.23,0.113,187.6,192.0,4.62,420.0,419.8,420.0,418.7
0,0.74,0,4.22,2.68,19.38,0.023,3.63,3.4,0.018,0.23,0.123,187.7,192.1,4.61,419.9,420.2,420.0,418.4
0,0.74,0,4.22,2.66,19.38,0.024,3.18,2.95,0.019,0.23,0.128,187.6,192.1,4.66,419.7,420.7,420.0,418.6
0,0.72,0,4.24,2.6,19.31,0.025,2.71,2.48,0.019,0.23,0.129,187.8,192.1,4.67,419.9,420.3,420.0,418.8
0,0.74,0,4.24,2.65,19.37,0.023,2.97,2.74,0.018,0.23,0.122,187.7,192.1,4.71,419.9,420.1,420.1,419.2
0,0.73,0,4.24,2.67,19.37,0.023,3.37,3.14,0.018,0.23,0.12,187.8,192.1,4.61,420.1,420.5,420.0,419.3
0,0.74,0,4.24,2.72,19.37,0.024,2.97,2.74,0.018,0.23,0.124,187.8,192.1,4.61,420.1,420.2,420.0,419.7
0,0.74,0,4.25,2.66,19.36,0.022,2.9,2.67,0.017,0.23,0.116,187.8,192.1,4.68,420.1,420.2,420.0,419.5
0,0.72,0,4.26,2.69,19.33,0.023,2.98,2.75,0.017,0.23,0.118,187.8,192.1,4.65,420.0,420.1,420.0,419.2
0,0.73,0,4.26,2.71,19.31,0.023,2.72,2.49,0.018,0.23,0.121,187.8,192.1,4.59,420.0,420.0,420.1,419.0
0,0.74,0,4.22,2.68,19.31,0.023,3.35,3.12,0.018,0.23,0.123,187.8,192.1,4.67,420.0,420.0,420.1,419.0
0,0.73,0,4.21,2.71,19.31,0.024,3.43,3.2,0.019,0.23,0.126,187.8,192.1,4.66,420.1,420.1,420.1,418.9
0,0.75,0,4.21,2.7,19.35,0.026,2.72,2.49,0.02,0.23,0.135,187.8,192.1,4.68,420.4,420.1,420.0,418.6
0,0.72,0,4.24,2.81,19.31,0.024,3.27,3.04,0.018,0.23,0.124,187.8,192.1,4.68,420.2,420.2,420.0,418.6
0,0.74,0,4.29,2.7,19.33,0.023,3.6,3.37,0.017,0.23,0.119,187.8,192.1,4.63,420.0,420.0,420.1,418.8
0,0.72,0,4.28,2.66,19.32,0.025,2.72,2.49,0.019,0.23,0.128,187.8,192.1,4.71,420.0,419.7,419.9,418.8
0,0.74,0,4.28,2.68,19.36,0.023,2.34,2.11,0.018,0.23,0.12,187.8,192.1,4.63,419.8,419.9,420.1,418.8
0,0.74,0,4.27,2.71,19.4,0.021,2.79,2.56,0.016,0.23,0.111,187.8,192.1,4.66,419.7,419.7,420.0,418.8
0,0.74,0,4.19,2.76,19.35,0.022,3.28,3.05,0.017,0.23,0.116,187.8,192.1,4.69,419.7,420.4,420.0,419.0
0,0.73,0,4.25,2.57,19.36,0.024,3.61,3.38,0.019,0.23,0.127,187.8,192.1,4.71,420.0,420.1,420.0,418.8
0,0.71,0,4.27,2.75,19.37,0.025,2.97,2.74,0.019,0.23,0.129,187.8,192.1,4.64,419.9,419.9,420.0,419.2
0,0.71,0,4.23,2.66,19.38,0.025,3.66,3.43,0.02,0.23,0.132,187.8,192.1,4.64,419.9,420.2,420.0,418.9
0,0.74,0,4.24,2.66,19.36,0.024,3.17,2.94,0.018,0.23,0.124,187.9,192.2,4.69,420.0,420.1,419.9,418.9
0,0.72,0,4.23,2.75,19.32,0.023,2.69,2.46,0.017,0.23,0.118,187.9,192.2,4.64,420.2,420.0,420.0,419.1
0,0.72,0,4.25,2.74,19.34,0.022,2.6,2.37,0.017,0.23,0.116,187.9,192.2,4.63,420.3,420.1,420.0,419.2
0,0.71,0,4.25,2.67,19.32,0.023,2.85,2.62,0.018,0.23,0.12,187.9,192.2,4.7,420.1,420.1,420.1,419.4
0,0.72,0,4.28,2.64,19.31,0.024,2.91,2.68,0.019,0.23,0.124,187.9,192.2,4.65,420.0,420.1,420.0,419.1
0,0.74,0,4.21,2.78,19.37,0.024,3.47,3.24,0.019,0.23,0.125,187.8,192.1,4.7,419.9,420.1,420.0,418.7
0,0.72,0,4.25,2.65,19.32,0.025,2.92,2.69,0.019,0.23,0.13,187.9,192.3,4.67,420.0,420.1,419.9,418.8
0,0.73,0,4.22,2.71,19.38,0.023,3.26,3.03,0.018,0.23,0.122,187.9,192.2,4.67,420.1,420.0,420.0,418.8
0,0.73,0,4.25,2.62,19.31,0.023,2.63,2.4,0.018,0.23,0.12,187.9,192.2,4.64,420.3,420.8,420.0,419.2
0,0.71,0,4.22,2.74,19.31,0.022,2.65,2.42,0.016,0.23,0.114,187.9,192.2,4.65,420.1,420.3,420.0,419.1
0,0.73,0,4.19,2.75,19.36,0.022,2.83,2.6,0.016,0.23,0.114,187.9,192.2,4.69,419.9,420.6,420.0,419.2
0,0.74,0,4.24,2.71,19.37,0.023,3.16,2.93,0.018,0.23,0.121,187.9,192.2,4.72,419.8,420.3,420.0,419.6
0,0.72,0,4.23,2.69,19.27,0.025,3.63,3.4,0.019,0.23,0.13,187.9,192.2,4.58,419.7,420.1,420.0,419.4
0,0.71,0,4.26,2.63,19.31,0.025,3.04,2.81,0.02,0.23,0.13,187.9,192.2,4.67,419.9,420.5,420.0,419.7
0,0.73,0,4.18,2.77,19.35,0.024,2.9,2.67,0.019,0.23,0.127,187.9,192.2,4.62,419.9,420.4,419.8,419.4
0,0.74,0,4.24,2.71,19.39,0.024,3.12,2.9,0.018,0.23,0.123,187.9,192.2,4.62,419.9,420.6,419.8,419.5
0,0.73,0,4.23,2.75,19.37,0.023,3.32,3.09,0.018,0.23,0.122,187.9,192.2,4.61,419.9,420.5,419.9,419.5
0,0.73,0,4.24,2.74,19.38,0.023,3.69,3.46,0.018,0.23,0.123,187.9,192.2,4.68,419.9,420.4,420.0,419.6
0,0.73,0,4.25,2.83,19.31,0.024,2.88,2.65,0.019,0.23,0.127,187.9,192.2,4.65,420.0,420.6,420.0,420.2
0,0.73,0,4.26,2.62,19.33,0.023,3.03,2.8,0.018,0.23,0.121,188.0,192.2,4.63,420.0,420.7,419.9,419.8
0,0.74,0,4.24,2.71,19.33,0.023,2.8,2.57,0.018,0.23,0.12,188.0,192.3,4.69,420.0,420.4,420.1,420.1
0,0.74,0,4.25,2.71,19.38,0.023,2.94,2.71,0.017,0.23,0.118,188.0,192.3,4.71,420.3,420.6,420.0,419.2
0,0.72,0,4.27,2.66,19.37,0.024,2.9,2.67,0.018,0.23,0.123,188.0,192.3,4.64,420.1,420.5,420.0,419.0
0,0.74,0,4.27,2.63,19.37,0.024,3.34,3.11,0.018,0.23,0.123,188.0,192.3,4.65,420.0,420.6,419.9,419.7
0,0.72,0,4.27,2.51,19.32,0.024,3.28,3.05,0.019,0.23,0.127,188.0,192.3,4.67,419.9,420.5,420.1,420.3
0,0.74,0,4.24,2.71,19.32,0.024,3.59,3.36,0.019,0.23,0.127,188.0,192.2,4.68,420.2,420.6,420.1,420.0
0,0.74,0,4.22,2.65,19.38,0.024,3.5,3.27,0.019,0.23,0.126,188.0,192.2,4.72,420.0,420.0,420.1,419.8
0,0.73,0,4.25,2.7,19.34,0.022,3.18,2.95,0.017,0.23,0.117,188.0,192.2,4.64,420.0,420.5,419.9,420.4
0,0.74,0,4.24,2.71,19.34,0.022,3.55,3.32,0.017,0.23,0.116,188.0,192.3,4.6,419.8,420.7,419.9,420.2
0,0.75,0,4.25,2.7,19.32,0.023,3.11,2.88,0.017,0.23,0.119,188.0,192.3,4.68,419.7,420.5,419.9,420.2
0,0.74,0,4.28,2.63,19.31,0.022,3.55,3.32,0.017,0.23,0.117,188.0,192.3,4.66,419.7,420.7,420.0,419.7
0,0.75,0,4.22,2.75,19.37,0.024,3.75,3.52,0.019,0.23,0.126,188.0,192.3,4.72,419.9,420.6,420.2,420.1
0,0.74,0,4.25,2.72,19.37,0.025,3.88,3.65,0.02,0.23,0.13,188.0,192.3,4.63,420.0,420.5,420.1,420.2
0,0.74,0,4.23,2.71,19.35,0.025,3.13,2.9,0.02,0.23,0.133,188.0,192.3,4.65,420.1,420.4,419.9,420.2
0,0.73,0,4.26,2.67,19.35,0.025,3.3,3.07,0.02,0.23,0.13,188.0,192.3,4.69,420.1,420.3,420.0,420.3
0,0.74,0,4.27,2.71,19.31,0.023,2.71,2.48,0.018,0.23,0.121,188.1,192.3,4.63,420.1,420.4,419.8,420.1
0,0.75,0,4.24,2.68,19.31,0.021,2.72,2.49,0.016,0.23,0.11,188.0,192.3,4.6,420.0,420.7,420.1,420.3
0,0.75,0,4.27,2.73,19.31,0.024,3.53,3.3,0.019,0.23,0.125,188.0,192.3,4.65,419.7,420.7,420.0,420.3
0,0.75,0,4.25,2.72,19.36,0.023,4.0,3.77,0.018,0.23,0.121,188.0,192.3,4.64,419.8,420.4,420.0,420.2
0,0.75,0,4.25,2.68,19.33,0.025,3.18,2.95,0.02,0.23,0.133,188.0,192.3,4.69,420.0,420.6,420.1,420.1
0,0.75,0,4.27,2.71,19.37,0.024,2.86,2.63,0.019,0.23,0.127,188.0,192.3,4.69,420.1,421.3,420.0,420.4
0,0.76,0,4.25,2.72,19.37,0.022,2.56,2.33,0.017,0.23,0.118,188.0,192.3,4.7,420.1,421.4,420.0,419.7
0,0.76,0,4.25,2.72,19.37,0.022,3.16,2.93,0.017,0.23,0.117,188.1,192.3,4.64,420.0,422.0,420.0,419.8
0,0.79,0,4.27,2.79,19.4,0.023,3.24,3.01,0.018,0.23,0.123,188.0,192.3,4.65,420.1,422.1,420.0,419.4
0,0.78,0,4.26,2.73,19.36,0.025,3.42,3.19,0.019,0.23,0.128,188.1,192.3,4.65,420.1,421.7,420.0,419.9
0,0.8,0,4.29,2.72,19.39,0.025,3.73,3.5,0.02,0.23,0.132,188.1,192.3,4.7,420.2,422.1,420.0,419.8
0,0.77,0,4.27,2.68,19.36,0.024,3.13,2.9,0.019,0.23,0.127,188.0,192.3,4.64,420.1,421.9,420.0,419.5
0,0.77,0,4.2,2.76,19.32,0.023,3.46,3.23,0.018,0.23,0.122,188.1,192.3,4.59,420.0,422.1,420.1,420.0
0,0.75,0,4.26,2.69,19.37,0.024,2.97,2.74,0.019,0.23,0.126,188.1,192.3,4.65,419.9,421.4,420.0,420.1
0,0.75,0,4.25,2.65,19.37,0.023,3.13,2.9,0.017,0.23,0.119,188.1,192.3,4.68,419.8,421.8,420.0,420.0
0,0.74,0,4.27,2.68,19.34,0.023,3.19,2.96,0.018,0.23,0.121,188.1,192.3,4.62,419.9,422.0,420.0,419.9
0,0.71,0,4.24,2.72,19.33,0.022,3.21,2.98,0.017,0.23,0.117,188.1,192.4,4.65,420.1,421.3,420.0,420.1
0,0.74,0,4.25,2.7,19.36,0.024,3.62,3.39,0.019,0.23,0.126,188.1,192.4,4.7,420.1,422.3,420.0,420.1
0,0.7,0,4.26,2.68,19.29,0.025,3.51,3.28,0.02,0.23,0.131,188.0,192.4,4.69,420.0,422.7,420.0,419.6
0,0.72,0,4.22,2.7,19.32,0.024,2.93,2.7,0.019,0.23,0.127,188.0,192.4,4.66,419.8,422.5,420.1,420.3
0,0.72,0,4.21,2.6,19.31,0.024,2.62,2.39,0.019,0.23,0.126,188.0,192.3,4.63,419.8,422.5,420.0,420.5
0,0.74,0,4.27,2.65,19.31,0.023,2.8,2.57,0.017,0.23,0.119,188.1,192.3,4.6,419.9,422.5,420.0,420.1
0,0.73,0,4.22,2.59,19.35,0.022,2.74,2.51,0.017,0.23,0.117,188.0,192.3,4.64,420.2,422.4,420.0,420.5
0,0.7,0,4.24,2.66,19.31,0.023,2.84,2.61,0.017,0.23,0.119,187.9,192.3,4.64,420.3,422.8,420.1,420.3
0,0.72,0,4.16,2.68,19.31,0.023,3.7,3.47,0.018,0.23,0.12,188.0,192.3,4.69,420.3,422.6,420.0,420.5
0,0.7,0,4.18,2.65,19.26,0.024,3.25,3.02,0.019,0.23,0.125,187.9,192.3,4.65,420.1,422.5,420.1,420.3
0,0.72,0,4.22,2.66,19.3,0.024,3.68,3.46,0.018,0.23,0.124,188.0,192.3,4.67,420.0,422.6,420.0,420.4
0,0.73,0,4.18,2.71,19.35,0.024,3.41,3.18,0.018,0.23,0.124,188.0,192.4,4.71,420.0,422.4,420.1,420.1
0,0.71,0,4.23,2.45,19.29,0.023,3.37,3.14,0.018,0.23,0.123,187.9,192.3,4.7,419.8,422.4,420.0,420.7
0,0.71,0,4.2,2.66,19.33,0.024,3.51,3.28,0.019,0.23,0.126,188.0,192.4,4.68,419.9,422.3,420.0,420.7
0,0.71,0,4.2,2.72,19.31,0.023,2.75,2.52,0.018,0.23,0.122,188.0,192.4,4.69,419.9,423.5,420.1,420.8
0,0.7,0,4.19,2.65,19.27,0.023,2.89,2.66,0.018,0.23,0.122,188.0,192.4,4.59,420.0,423.1,420.1,420.2
0,0.7,0,4.19,2.61,19.26,0.023,2.76,2.53,0.018,0.23,0.12,188.0,192.4,4.63,420.3,423.5,419.9,420.1
0,0.74,0,4.23,2.66,19.32,0.023,3.44,3.21,0.018,0.23,0.121,188.1,192.5,4.61,420.1,423.5,420.0,420.3
0,0.75,0,4.24,2.69,19.37,0.024,3.28,3.05,0.019,0.23,0.128,188.0,192.3,4.66,420.1,424.2,420.2,420.6
0,0.73,0,4.23,2.66,19.36,0.024,3.38,3.15,0.018,0.23,0.124,188.0,192.3,4.69,420.0,424.2,420.0,420.4
0,0.76,0,4.22,2.74,19.33,0.024,2.91,2.68,0.018,0.23,0.124,188.0,192.3,4.61,419.9,423.7,420.0,420.2
0,0.74,0,4.25,2.65,19.31,0.024,3.22,2.99,0.018,0.23,0.124,188.0,192.3,4.59,419.8,424.1,420.0,420.4
0,0.71,0,4.26,2.65,19.31,0.024,2.97,2.74,0.019,0.23,0.125,187.9,192.3,4.69,419.7,424.3,420.0,420.5
0,0.71,0,4.25,2.67,19.31,0.024,2.9,2.67,0.018,0.23,0.125,187.9,192.3,4.7,419.8,424.1,420.0,420.4
0,0.74,0,4.24,2.71,19.31,0.022,2.75,2.52,0.016,0.23,0.113,188.0,192.3,4.63,420.0,424.1,420.0,420.5
0,0.74,0,4.24,2.68,19.32,0.022,3.22,2.99,0.016,0.23,0.114,188.0,192.4,4.61,420.1,423.7,420.2,420.3
0,0.74,0,4.2,2.67,19.34,0.024,3.28,3.05,0.019,0.23,0.125,188.0,192.4,4.65,420.1,423.8,420.0,420.3
0,0.7,0,4.26,2.67,19.3,0.024,3.06,2.83,0.018,0.23,0.124,188.0,192.4,4.64,420.1,424.2,420.0,420.8
0,0.72,0,4.21,2.7,19.31,0.025,3.18,2.95,0.019,0.23,0.129,188.0,192.4,4.63,420.1,424.3,420.0,420.7
0,0.73,0,4.22,2.68,19.34,0.025,3.45,3.22,0.019,0.23,0.129,188.0,192.4,4.66,420.0,424.2,420.0,420.3
0,0.73,0,4.25,2.71,19.31,0.025,3.24,3.01,0.019,0.23,0.128,188.0,192.3,4.66,419.9,424.0,420.1,420.5
0,0.72,0,4.21,2.74,19.31,0.023,2.71,2.48,0.018,0.23,0.12,188.0,192.3,4.63,420.0,424.3,420.0,420.9
0,0.71,0,4.22,2.76,19.3,0.021,2.98,2.75,0.016,0.23,0.112,188.1,192.3,4.61,420.1,424.2,420.1,420.7
0,0.73,0,4.21,2.68,19.33,0.023,3.37,3.14,0.018,0.23,0.12,188.1,192.4,4.69,420.0,424.2,420.1,420.7
0,0.74,0,4.21,2.75,19.3,0.024,3.13,2.9,0.018,0.23,0.124,188.1,192.4,4.65,420.0,424.2,419.9,420.7
0,0.73,0,4.22,2.55,19.3,0.024,3.54,3.31,0.019,0.23,0.125,188.1,192.4,4.61,419.8,424.2,420.0,420.1
0,0.74,0,4.24,2.75,19.32,0.024,3.24,3.01,0.019,0.23,0.127,188.1,192.4,4.6,419.9,423.9,419.9,420.2
0,0.75,0,4.17,2.65,19.36,0.024,2.96,2.73,0.019,0.23,0.127,188.0,192.3,4.67,420.0,424.0,420.1,420.8
0,0.74,0,4.22,2.65,19.38,0.024,3.54,3.31,0.018,0.23,0.125,188.0,192.3,4.68,420.1,424.1,420.0,420.7
0,0.74,0,4.22,2.7,19.33,0.024,2.95,2.72,0.019,0.23,0.125,188.0,192.3,4.62,420.2,424.2,420.0,421.0
0,0.73,0,4.25,2.66,19.35,0.023,2.83,2.6,0.018,0.23,0.122,188.0,192.3,4.7,420.2,424.0,420.0,420.6
0,0.74,0,4.23,2.47,19.34,0.023,3.49,3.26,0.018,0.23,0.122,188.0,192.3,4.62,420.2,424.2,420.1,420.5
0,0.7,0,4.2,2.76,19.3,0.023,3.18,2.95,0.018,0.23,0.123,188.0,192.3,4.63,420.1,424.1,420.1,420.4
0,0.73,0,4.2,2.66,19.37,0.023,3.34,3.11,0.018,0.23,0.119,188.0,192.3,4.66,420.0,424.5,420.0,420.5
0,0.73,0,4.22,2.68,19.32,0.023,3.05,2.82,0.017,0.23,0.119,188.0,192.3,4.62,420.0,424.2,420.0,420.2
0,0.73,0,4.22,2.69,19.32,0.023,3.25,3.02,0.017,0.23,0.119,188.0,192.3,4.69,420.1,424.1,419.9,420.6
0,0.71,0,4.2,2.69,19.32,0.023,3.22,2.99,0.018,0.23,0.121,188.1,192.3,4.63,420.3,424.2,420.1,420.5
0,0.7,0,4.24,2.74,19.31,0.025,3.55,3.32,0.02,0.23,0.131,188.1,192.4,4.71,419.9,424.1,419.9,420.9
0,0.69,0,4.24,2.73,19.31,0.023,3.55,3.32,0.018,0.23,0.123,188.1,192.4,4.7,420.0,424.3,419.9,420.6
0,0.72,0,4.23,2.73,19.34,0.023,3.62,3.39,0.017,0.23,0.119,188.0,192.3,4.65,420.0,424.2,420.1,420.3
0,0.72,0,4.22,2.71,19.32,0.023,2.94,2.71,0.018,0.23,0.121,188.1,192.4,4.66,420.3,425.0,420.0,420.9
0,0.72,0,4.15,2.74,19.3,0.023,3.24,3.01,0.018,0.23,0.121,188.1,192.4,4.63,420.0,424.9,420.0,420.9
0,0.72,0,4.25,2.72,19.33,0.024,3.51,3.28,0.019,0.23,0.127,188.0,192.3,4.72,419.9,424.9,420.0,420.8
0,0.74,0,4.25,2.39,19.32,0.024,3.35,3.12,0.018,0.23,0.124,188.0,192.3,4.64,419.7,424.9,419.9,420.5
0,0.7,0,4.16,2.74,19.31,0.024,2.99,2.76,0.019,0.23,0.127,188.0,192.3,4.64,419.7,424.8,419.9,420.7
0,0.73,0,4.18,2.68,19.3,0.023,3.54,3.31,0.018,0.23,0.121,188.0,192.4,4.6,419.9,424.7,420.0,420.3
0,0.74,0,4.2,2.68,19.37,0.025,3.45,3.22,0.019,0.23,0.129,188.0,192.3,4.66,419.8,424.9,420.1,420.1
0,0.72,0,4.21,2.74,19.31,0.023,2.97,2.74,0.017,0.23,0.12,188.0,192.3,4.68,419.9,424.8,419.9,420.8
0,0.72,0,4.2,2.74,19.32,0.023,3.3,3.07,0.018,0.23,0.122,188.0,192.3,4.66,420.0,424.9,419.9,420.5
0,0.71,0,4.26,2.66,19.32,0.024,3.49,3.26,0.018,0.23,0.124,188.0,192.3,4.64,420.1,425.0,420.0,420.5
0,0.72,0,4.21,2.7,19.33,0.025,3.56,3.33,0.019,0.23,0.129,188.0,192.3,4.7,420.1,425.0,420.0,419.8
0,0.72,0,4.22,2.73,19.3,0.024,3.31,3.08,0.019,0.23,0.127,188.0,192.3,4.68,420.2,424.8,419.9,419.9
0,0.73,0,4.25,2.65,19.29,0.024,2.84,2.61,0.019,0.23,0.126,188.0,192.4,4.68,420.1,424.7,420.0,420.6
0,0.72,0,4.2,2.66,19.37,0.024,2.99,2.76,0.019,0.23,0.125,188.0,192.3,4.7,419.9,424.9,420.0,420.8
0,0.71,0,4.24,2.66,19.31,0.023,2.98,2.75,0.018,0.23,0.12,188.1,192.3,4.7,419.7,425.0,419.8,420.7
0,0.7,0,4.26,2.72,19.32,0.023,3.32,3.09,0.018,0.23,0.121,188.1,192.4,4.68,419.8,424.7,420.0,420.8
0,0.72,0,4.23,2.77,19.31,0.023,3.15,2.92,0.018,0.23,0.122,188.1,192.4,4.65,420.0,425.1,420.1,421.2
0,0.72,0,4.24,2.65,19.34,0.024,2.89,2.66,0.019,0.23,0.128,188.1,192.4,4.72,420.1,424.4,420.1,421.0
0,0.72,0,4.2,2.7,19.36,0.024,3.43,3.2,0.019,0.23,0.127,188.1,192.4,4.66,420.1,424.9,420.0,420.9
0,0.71,0,4.17,2.72,19.31,0.024,3.11,2.88,0.019,0.23,0.126,188.1,192.5,4.63,420.2,424.4,420.0,420.4
0,0.71,0,4.23,2.76,19.31,0.023,2.95,2.72,0.018,0.23,0.122,188.1,192.5,4.69,420.1,424.5,420.1,420.5
0,0.71,0,4.23,2.69,19.29,0.023,3.32,3.09,0.018,0.23,0.123,188.0,192.4,4.67,420.0,424.5,420.1,421.1
0,0.72,0,4.19,2.7,19.29,0.024,3.6,3.37,0.018,0.23,0.124,188.0,192.3,4.64,419.7,424.6,419.9,420.7
0,0.72,0,4.17,2.67,19.31,0.023,3.45,3.22,0.018,0.23,0.121,188.0,192.3,4.63,419.7,424.6,419.9,420.8
0,0.69,0,4.25,2.68,19.26,0.023,3.1,2.87,0.017,0.23,0.119,187.9,192.3,4.65,419.8,424.4,419.9,420.5
0,0.71,0,4.22,2.69,19.34,0.022,3.31,3.08,0.017,0.23,0.118,188.0,192.3,4.66,420.0,425.1,420.0,420.8
0,0.72,0,4.26,2.72,19.3,0.024,3.14,2.91,0.019,0.23,0.126,188.0,192.3,4.61,420.1,425.1,420.1,420.3
0,0.71,0,4.19,2.7,19.31,0.024,3.94,3.71,0.018,0.23,0.123,188.0,192.3,4.68,420.1,425.3,420.0,420.3
0,0.72,0,4.24,2.7,19.34,0.025,2.71,2.48,0.019,0.23,0.129,188.0,192.3,4.65,420.0,425.0,419.9,421.1
0,0.71,0,4.25,2.62,19.31,0.023,3.05,2.82,0.018,0.23,0.121,188.0,192.3,4.63,419.9,425.1,420.0,420.9
0,0.72,0,4.22,2.65,19.31,0.023,2.71,2.48,0.018,0.23,0.122,188.0,192.4,4.71,419.8,425.0,420.1,420.8
0,0.7,0,4.27,2.81,19.32,0.022,3.53,3.3,0.017,0.23,0.116,188.0,192.3,4.63,420.0,424.9,420.1,420.9
0,0.73,0,4.23,2.65,19.33,0.024,2.98,2.75,0.018,0.23,0.124,188.1,192.3,4.7,420.0,425.2,420.2,421.1
0,0.69,0,4.21,2.66,19.3,0.025,3.11,2.88,0.019,0.23,0.129,188.0,192.3,4.68,420.0,425.1,419.9,420.8
0,0.71,0,4.18,2.71,19.31,0.024,2.63,2.4,0.019,0.23,0.126,188.0,192.3,4.63,419.9,425.0,420.0,420.7
0,0.71,0,4.23,2.72,19.3,0.022,3.07,2.84,0.017,0.23,0.116,188.1,192.3,4.65,419.7,425.1,420.0,420.9
0,0.71,0,4.26,2.72,19.27,0.023,2.97,2.74,0.018,0.23,0.121,188.1,192.4,4.65,419.7,425.0,419.9,420.9
0,0.71,0,4.25,2.71,19.31,0.024,3.02,2.79,0.018,0.23,0.123,188.1,192.3,4.65,419.9,424.9,420.0,421.6
0,0.69,0,4.25,2.68,19.26,0.023,3.22,2.99,0.017,0.23,0.118,188.1,192.4,4.66,420.0,424.6,420.0,421.7
0,0.72,0,4.24,2.66,19.31,0.025,3.64,3.41,0.02,0.23,0.133,188.0,192.4,4.63,420.1,424.9,420.0,421.6
0,0.71,0,4.2,2.71,19.34,0.025,3.7,3.47,0.02,0.23,0.131,188.0,192.4,4.63,420.1,425.2,420.0,421.2
0,0.72,0,4.23,2.8,19.32,0.024,3.71,3.48,0.019,0.23,0.127,188.0,192.4,4.7,420.1,425.1,420.1,420.7
0,0.7,0,4.24,2.69,19.29,0.024,2.78,2.55,0.018,0.23,0.124,188.1,192.4,4.7,420.1,425.4,420.1,421.0
0,0.72,0,4.21,2.8,19.29,0.022,2.77,2.54,0.017,0.23,0.117,188.1,192.4,4.68,420.1,425.4,420.0,421.4
0,0.7,0,4.25,2.5,19.27,0.022,3.06,2.83,0.017,0.23,0.115,188.1,192.4,4.6,420.0,425.5,420.1,420.9
0,0.72,0,4.18,2.78,19.34,0.023,3.1,2.87,0.018,0.23,0.122,188.1,192.4,4.69,420.0,425.6,420.1,420.7
0,0.71,0,4.2,2.71,19.32,0.023,3.19,2.96,0.018,0.23,0.12,188.0,192.4,4.68,420.0,425.6,420.0,420.9
0,0.71,0,4.23,2.63,19.29,0.024,3.81,3.58,0.018,0.23,0.123,188.1,192.4,4.67,419.9,425.1,419.9,421.1
0,0.71,0,4.24,2.63,19.34,0.025,3.72,3.49,0.02,0.23,0.131,188.1,192.4,4.63,420.0,425.7,420.0,421.1
0,0.71,0,4.25,2.69,19.32,0.024,3.11,2.88,0.019,0.23,0.128,187.9,192.3,4.68,420.4,425.7,420.1,421.1
0,0.72,0,4.27,2.65,19.32,0.024,3.06,2.83,0.018,0.23,0.124,188.0,192.4,4.65,420.3,425.5,420.0,421.6
0,0.69,0,4.28,2.66,19.29,0.024,3.26,3.03,0.019,0.23,0.125,188.0,192.4,4.67,420.2,425.0,419.9,421.9
0,0.71,0,4.27,2.71,19.31,0.022,2.93,2.7,0.017,0.23,0.115,188.0,192.3,4.64,420.0,425.5,420.0,421.7
0,0.7,0,4.25,2.71,19.33,0.022,2.65,2.42,0.016,0.23,0.113,188.0,192.4,4.64,420.0,425.4,420.1,421.7
0,0.7,0,4.26,2.72,19.26,0.022,2.89,2.66,0.017,0.23,0.116,188.0,192.4,4.64,419.9,425.5,420.1,422.2
0,0.72,0,4.25,2.63,19.31,0.024,3.36,3.13,0.019,0.23,0.125,188.0,192.4,4.63,419.8,425.5,420.0,421.7
0,0.7,0,4.26,2.74,19.31,0.025,3.67,3.44,0.02,0.23,0.131,188.0,192.3,4.62,419.8,425.6,420.1,421.1
0,0.7,0,4.2,2.65,19.34,0.025,2.98,2.75,0.02,0.23,0.133,188.0,192.4,4.69,419.9,425.5,420.1,421.6
0,0.7,0,4.21,2.71,19.3,0.024,3.38,3.15,0.019,0.23,0.128,188.0,192.4,4.67,420.0,425.3,420.0,421.6
0,0.71,0,4.24,2.75,19.31,0.023,3.16,2.93,0.018,0.23,0.123,188.0,192.4,4.67,420.1,425.6,419.9,421.4
0,0.69,0,4.22,2.69,19.31,0.023,3.48,3.25,0.018,0.23,0.123,188.0,192.4,4.62,420.2,425.6,419.9,422.0
0,0.67,0,4.28,2.72,19.29,0.023,2.94,2.71,0.018,0.23,0.123,188.0,192.3,4.62,420.0,425.6,420.0,421.0
0,0.7,0,4.21,2.75,19.31,0.022,2.86,2.63,0.017,0.23,0.117,187.9,192.3,4.72,420.0,425.7,420.0,421.3
0,0.71,0,4.25,2.72,19.27,0.023,3.7,3.47,0.018,0.23,0.123,188.0,192.4,4.6,420.0,425.4,420.1,421.4
0,0.7,0,4.26,2.63,19.31,0.024,3.57,3.34,0.019,0.23,0.127,188.0,192.4,4.71,419.9,425.5,420.0,421.7
0,0.7,0,4.28,2.68,19.31,0.025,3.28,3.05,0.019,0.23,0.129,188.0,192.4,4.7,419.8,425.3,420.0,421.6
0,0.7,0,4.27,2.62,19.27,0.024,3.19,2.96,0.018,0.23,0.124,187.9,192.4,4.59,419.7,425.1,420.0,421.5
0,0.71,0,4.22,2.86,19.33,0.023,2.88,2.65,0.018,0.23,0.121,188.0,192.4,4.69,419.7,425.0,419.8,421.7
0,0.72,0,4.23,2.76,19.29,0.023,3.36,3.13,0.017,0.23,0.119,188.0,192.4,4.65,419.7,424.8,419.9,421.8
0,0.72,0,4.25,2.64,19.37,0.024,3.45,3.22,0.019,0.23,0.128,188.0,192.4,4.72,419.9,424.9,420.0,421.9
0,0.72,0,4.28,2.7,19.33,0.025,3.09,2.86,0.019,0.23,0.13,188.1,192.5,4.67,420.0,425.1,420.0,421.9
0,0.72,0,4.27,2.67,19.29,0.024,2.99,2.76,0.018,0.23,0.124,188.0,192.5,4.65,420.1,425.1,420.0,421.8
0,0.73,0,4.27,2.63,19.37,0.023,2.98,2.75,0.018,0.23,0.123,188.1,192.5,4.7,420.1,424.9,420.1,422.0
0,0.72,0,4.27,2.68,19.31,0.023,3.02,2.79,0.018,0.23,0.122,188.0,192.5,4.66,420.1,425.4,420.1,422.1
0,0.72,0,4.26,2.66,19.31,0.023,2.88,2.65,0.018,0.23,0.122,188.0,192.4,4.62,420.0,425.5,420.0,421.5
0,0.72,0,4.26,2.68,19.32,0.023,3.02,2.79,0.018,0.23,0.12,188.0,192.3,4.63,419.9,425.6,420.0,421.8
0,0.69,0,4.27,2.61,19.29,0.023,3.29,3.06,0.018,0.23,0.12,188.0,192.3,4.63,419.8,425.6,420.1,421.8
0,0.72,0,4.28,2.68,19.33,0.024,3.29,3.06,0.019,0.23,0.125,188.0,192.3,4.66,419.7,426.1,420.0,421.9
0,0.72,0,4.28,2.71,19.38,0.024,3.26,3.03,0.019,0.23,0.128,188.0,192.3,4.72,419.9,426.3,419.9,421.9
0,0.73,0,4.21,2.66,19.34,0.024,3.32,3.09,0.019,0.23,0.127,188.0,192.3,4.68,420.1,426.1,420.0,422.0
0,0.74,0,4.27,2.64,19.37,0.023,3.02,2.79,0.018,0.23,0.121,187.9,192.3,4.63,420.1,426.8,420.0,421.8
0,0.73,0,4.2,2.7,19.32,0.024,3.33,3.1,0.018,0.23,0.124,188.0,192.3,4.68,420.1,426.6,420.0,422.4
0,0.73,0,4.24,2.6,19.32,0.023,2.75,2.52,0.017,0.23,0.119,188.0,192.3,4.64,420.1,426.1,419.9,422.4
0,0.74,0,4.27,2.62,19.32,0.023,3.32,3.09,0.018,0.23,0.12,188.0,192.4,4.62,420.0,426.3,420.1,422.3
0,0.74,0,4.26,2.69,19.4,0.023,2.92,2.69,0.018,0.23,0.119,188.0,192.3,4.66,419.9,426.0,420.1,422.2
0,0.71,0,4.26,2.68,19.35,0.024,3.0,2.77,0.019,0.23,0.125,188.0,192.3,4.72,419.8,426.2,420.1,421.9
0,0.71,0,4.23,2.69,19.27,0.024,2.98,2.75,0.019,0.23,0.128,188.0,192.4,4.59,419.8,426.1,420.0,421.8
0,0.74,0,4.25,2.71,19.31,0.024,3.36,3.13,0.018,0.23,0.123,188.0,192.4,4.68,419.9,426.2,420.0,421.9
0,0.72,0,4.24,2.65,19.37,0.025,2.99,2.76,0.019,0.23,0.129,188.1,192.4,4.62,420.1,426.0,420.1,422.2
0,0.73,0,4.24,2.69,19.33,0.024,3.04,2.81,0.019,0.23,0.128,188.0,192.4,4.67,420.3,426.2,420.0,422.3
0,0.72,0,4.22,2.71,19.31,0.023,3.23,3.0,0.018,0.23,0.12,188.0,192.3,4.65,420.2,426.5,419.9,421.8
0,0.72,0,4.24,2.68,19.32,0.023,3.16,2.93,0.018,0.23,0.122,188.0,192.3,4.65,420.2,426.5,420.0,422.0
0,0.72,0,4.26,2.66,19.31,0.023,3.16,2.93,0.017,0.23,0.118,188.0,192.3,4.62,420.1,426.1,420.0,422.1
0,0.72,0,4.28,2.74,19.33,0.024,3.58,3.35,0.019,0.23,0.125,188.0,192.3,4.67,420.0,426.3,420.0,422.3
0,0.69,0,4.22,2.68,19.34,0.024,2.98,2.75,0.018,0.23,0.124,188.0,192.4,4.65,419.9,425.9,420.1,422.2
0,0.73,0,4.21,2.67,19.32,0.024,3.51,3.28,0.019,0.23,0.127,188.1,192.4,4.61,419.9,426.4,420.0,422.0
0,0.72,0,4.26,2.73,19.31,0.025,3.09,2.86,0.019,0.23,0.128,188.0,192.4,4.66,420.1,426.1,420.0,422.1
0,0.72,0,4.23,2.76,19.31,0.024,2.65,2.42,0.018,0.23,0.123,188.0,192.4,4.65,420.2,426.1,420.0,421.7
0,0.69,0,4.24,2.5,19.31,0.024,3.16,2.92,0.018,0.23,0.124,188.0,192.4,4.62,420.1,426.4,420.0,422.4
0,0.71,0,4.2,2.69,19.32,0.024,3.03,2.8,0.018,0.23,0.124,188.1,192.4,4.7,420.0,426.2,420.0,422.3
0,0.72,0,4.21,2.68,19.37,0.024,3.34,3.11,0.018,0.23,0.123,188.1,192.5,4.64,419.9,426.3,420.0,422.3
0,0.71,0,4.22,2.64,19.31,0.023,2.62,2.39,0.018,0.23,0.122,188.1,192.5,4.71,419.9,426.2,420.0,422.3
0,0.71,0,4.23,2.67,19.27,0.021,3.3,3.07,0.016,0.23,0.11,188.1,192.4,4.58,419.9,425.9,420.0,422.4
0,0.71,0,4.17,2.63,19.29,0.023,3.24,3.01,0.018,0.23,0.121,188.0,192.4,4.61,420.0,426.3,420.0,422.2
0,0.72,0,4.22,2.64,19.34,0.024,3.53,3.3,0.019,0.23,0.126,188.1,192.4,4.68,420.0,426.0,420.0,422.5
0,0.72,0,4.25,2.68,19.35,0.025,3.1,2.87,0.019,0.23,0.129,188.1,192.4,4.63,420.1,426.2,420.0,423.0
0,0.7,0,4.22,2.68,19.31,0.025,3.19,2.96,0.02,0.23,0.133,188.1,192.4,4.61,420.1,426.1,420.0,422.5
0,0.7,0,4.24,2.51,19.3,0.023,3.35,3.12,0.018,0.23,0.12,188.1,192.4,4.7,420.0,426.2,420.1,422.4
0,0.68,0,4.28,2.77,19.31,0.023,2.64,2.41,0.018,0.23,0.122,188.0,192.3,4.68,419.9,426.0,420.0,422.0
0,0.71,0,4.27,2.64,19.33,0.022,2.82,2.59,0.017,0.23,0.115,188.0,192.3,4.64,419.9,426.1,420.1,422.4
0,0.71,0,4.25,2.62,19.29,0.023,3.0,2.77,0.017,0.23,0.119,188.1,192.4,4.7,419.9,426.1,420.0,421.2
0,0.68,0,4.31,2.64,19.31,0.022,2.78,2.56,0.017,0.23,0.117,188.0,192.3,4.71,420.0,426.0,420.0,421.0
0,0.71,0,4.25,2.68,19.31,0.025,3.43,3.2,0.02,0.23,0.132,188.1,192.4,4.59,420.3,425.0,420.0,421.0
0,0.7,0,4.28,2.65,19.32,0.025,3.9,3.67,0.02,0.23,0.132,188.1,192.4,4.69,420.3,425.5,419.9,421.4
0,0.72,0,4.25,2.71,19.35,0.025,3.01,2.78,0.02,0.23,0.131,187.9,192.3,4.64,420.2,425.4,419.9,421.4
0,0.72,0,4.3,2.75,19.36,0.024,2.71,2.48,0.019,0.23,0.125,187.9,192.3,4.7,420.0,425.3,419.9,421.3
0,0.69,0,4.24,2.63,19.3,0.023,2.65,2.42,0.018,0.23,0.122,187.9,192.3,4.7,420.0,425.2,420.0,421.0
0,0.72,0,4.29,2.65,19.31,0.022,3.18,2.95,0.017,0.23,0.117,188.0,192.3,4.63,419.9,425.3,420.1,421.7
0,0.72,0,4.26,2.64,19.37,0.022,3.08,2.85,0.017,0.23,0.117,187.9,192.3,4.68,419.9,425.6,420.0,421.4
0,0.71,0,4.3,2.69,19.34,0.023,3.89,3.66,0.018,0.23,0.12,187.9,192.3,4.72,420.1,425.4,420.0,421.1
0,0.72,0,4.27,2.72,19.35,0.024,3.3,3.07,0.019,0.23,0.127,187.9,192.3,4.66,420.1,425.5,420.0,421.3
0,0.72,0,4.29,2.71,19.32,0.025,3.36,3.13,0.019,0.23,0.128,188.0,192.3,4.59,420.1,425.2,419.9,421.7
0,0.72,0,4.26,2.66,19.33,0.024,2.78,2.55,0.018,0.23,0.124,188.0,192.3,4.66,419.8,425.3,420.0,421.1
0,0.72,0,4.27,2.74,19.29,0.023,3.04,2.81,0.018,0.23,0.121,188.0,192.3,4.64,419.8,425.5,420.1,421.2
0,0.71,0,4.28,2.62,19.31,0.023,3.16,2.92,0.018,0.23,0.119,188.0,192.3,4.68,420.2,425.4,420.0,421.6
0,0.72,0,4.26,2.66,19.33,0.023,3.24,3.01,0.017,0.23,0.119,188.0,192.4,4.63,420.0,425.4,420.0,421.4
0,0.69,0,4.26,2.64,19.34,0.023,3.72,3.49,0.018,0.23,0.122,188.0,192.4,4.72,419.8,426.0,420.0,421.4
0,0.72,0,4.28,2.72,19.31,0.024,2.86,2.63,0.019,0.23,0.125,188.0,192.4,4.61,420.0,426.0,420.0,421.7
0,0.73,0,4.28,2.68,19.37,0.025,3.1,2.87,0.019,0.23,0.129,188.0,192.4,4.66,419.9,425.9,419.8,421.7
0,0.72,0,4.28,2.57,19.33,0.024,3.03,2.8,0.018,0.23,0.124,188.0,192.4,4.71,420.0,426.0,420.0,421.5
0,0.69,0,4.26,2.7,19.3,0.022,3.38,3.15,0.017,0.23,0.117,188.0,192.4,4.72,420.1,425.9,420.0,421.4
0,0.72,0,4.27,2.67,19.31,0.025,3.01,2.78,0.02,0.23,0.131,188.0,192.4,4.64,419.9,425.9,420.0,421.3
0,0.72,0,4.24,2.43,19.37,0.023,2.72,2.49,0.017,0.23,0.119,188.0,192.3,4.68,419.8,425.9,420.0,421.3
0,0.7,0,4.27,2.74,19.34,0.022,3.37,3.14,0.017,0.23,0.116,188.0,192.4,4.65,420.0,425.9,420.0,421.6
0,0.72,0,4.27,2.74,19.35,0.023,3.67,3.44,0.018,0.23,0.119,188.0,192.4,4.7,420.0,426.0,420.0,421.9
0,0.71,0,4.28,2.71,19.37,0.024,3.64,3.41,0.019,0.23,0.126,188.0,192.4,4.64,420.1,425.9,420.2,421.6
0,0.69,0,4.29,2.59,19.26,0.025,3.33,3.1,0.02,0.23,0.132,188.1,192.4,4.61,420.2,426.0,420.1,421.7
0,0.72,0,4.26,2.71,19.32,0.025,3.14,2.91,0.02,0.23,0.132,188.0,192.4,4.61,420.1,425.9,420.0,421.3
0,0.71,0,4.26,2.78,19.32,0.025,3.03,2.8,0.019,0.23,0.129,188.0,192.3,4.69,420.1,425.7,420.0,421.4
0,0.71,0,4.26,2.75,19.3,0.023,2.94,2.71,0.018,0.23,0.12,188.0,192.3,4.63,420.0,425.9,420.0,421.9
0,0.72,0,4.26,2.66,19.38,0.023,2.7,2.47,0.018,0.23,0.122,188.0,192.3,4.69,420.2,425.7,420.1,421.7
0,0.72,0,4.25,2.65,19.37,0.023,3.23,3.0,0.018,0.23,0.12,188.0,192.3,4.72,420.3,426.4,420.0,422.3
0,0.72,0,4.25,2.67,19.31,0.024,3.2,2.97,0.019,0.23,0.125,188.0,192.3,4.68,420.1,426.5,420.0,421.7
0,0.71,0,4.24,2.71,19.31,0.024,2.76,2.53,0.019,0.23,0.125,188.0,192.4,4.65,420.0,425.9,420.0,421.9
0,0.72,0,4.22,2.77,19.34,0.023,3.01,2.78,0.017,0.23,0.119,188.0,192.3,4.7,419.9,426.3,420.0,421.8
0,0.72,0,4.24,2.69,19.36,0.024,3.19,2.96,0.018,0.23,0.124,188.0,192.3,4.63,420.0,426.2,420.0,421.8
0,0.71,0,4.3,2.59,19.34,0.025,3.3,3.07,0.02,0.23,0.132,188.0,192.3,4.68,420.1,426.0,420.0,422.1
0,0.72,0,4.22,2.65,19.35,0.025,2.94,2.71,0.02,0.23,0.13,188.0,192.3,4.63,420.1,426.2,420.0,422.2
0,0.72,0,4.28,2.66,19.29,0.023,2.69,2.46,0.018,0.23,0.12,188.0,192.4,4.6,420.0,426.2,420.0,422.5
0,0.69,0,4.25,2.68,19.34,0.022,3.21,2.98,0.017,0.23,0.116,188.0,192.3,4.69,419.9,426.2,420.0,422.8
0,0.72,0,4.29,2.66,19.29,0.023,3.14,2.91,0.018,0.23,0.122,188.0,192.4,4.67,419.7,426.2,420.0,422.9
0,0.71,0,4.26,2.68,19.34,0.024,3.35,3.12,0.018,0.23,0.124,188.0,192.3,4.69,419.9,426.1,420.1,422.9
0,0.72,0,4.29,2.72,19.33,0.024,3.69,3.46,0.019,0.23,0.127,188.0,192.3,4.72,420.0,426.1,419.8,422.6
0,0.71,0,4.25,2.71,19.3,0.024,3.73,3.5,0.019,0.23,0.125,188.0,192.3,4.68,420.1,425.9,420.0,422.9
0,0.68,0,4.29,2.71,19.26,0.023,3.1,2.87,0.018,0.23,0.123,188.0,192.3,4.68,419.9,426.2,420.0,423.0
0,0.69,0,4.24,2.72,19.32,0.024,3.7,3.47,0.018,0.23,0.124,188.0,192.3,4.65,419.8,425.8,419.9,422.8
0,0.71,0,4.21,2.71,19.37,0.023,3.03,2.8,0.018,0.23,0.122,187.9,192.3,4.7,419.9,425.9,420.0,423.0
0,0.71,0,4.24,2.62,19.33,0.023,3.45,3.22,0.017,0.23,0.119,187.9,192.3,4.65,420.0,426.1,420.1,422.5
0,0.72,0,4.24,2.65,19.37,0.024,3.34,3.11,0.019,0.23,0.127,188.0,192.3,4.66,420.2,426.2,420.1,423.3
0,0.72,0,4.25,2.74,19.31,0.024,3.01,2.78,0.019,0.23,0.127,188.0,192.4,4.63,420.0,426.0,420.0,423.0
0,0.72,0,4.3,2.67,19.32,0.024,2.79,2.56,0.018,0.23,0.125,188.0,192.3,4.61,420.0,425.9,420.0,422.8
0,0.73,0,4.27,2.69,19.37,0.023,2.86,2.63,0.018,0.23,0.122,188.0,192.3,4.68,419.8,425.8,420.0,423.4
0,0.73,0,4.27,2.68,19.32,0.023,3.28,3.05,0.018,0.23,0.12,188.0,192.4,4.62,419.9,426.2,420.0,423.3
0,0.71,0,4.22,2.7,19.31,0.022,2.93,2.7,0.017,0.23,0.115,188.0,192.4,4.59,419.8,425.9,420.0,423.0
0,0.7,0,4.27,2.62,19.3,0.024,3.86,3.63,0.018,0.23,0.125,188.0,192.3,4.67,420.1,426.1,420.0,423.4
0,0.72,0,4.26,2.68,19.34,0.024,3.67,3.44,0.019,0.23,0.126,188.0,192.3,4.63,420.2,426.3,420.0,423.4
0,0.69,0,4.26,2.65,19.34,0.025,3.21,2.98,0.019,0.23,0.129,188.0,192.3,4.71,420.2,426.1,420.0,423.6
0,0.69,0,4.23,2.64,19.29,0.024,3.12,2.89,0.018,0.23,0.123,188.0,192.3,4.67,420.0,426.3,420.0,423.6
0,0.69,0,4.22,2.63,19.31,0.024,3.67,3.44,0.019,0.23,0.127,188.0,192.3,4.68,419.9,426.4,419.9,423.8
0,0.71,0,4.21,2.73,19.37,0.024,2.93,2.7,0.018,0.23,0.124,188.0,192.3,4.72,419.8,426.1,419.8,424.0
0,0.72,0,4.24,2.67,19.35,0.022,3.09,2.86,0.016,0.23,0.114,188.0,192.3,4.7,420.0,426.3,420.0,423.9
0,0.71,0,4.23,2.74,19.28,0.023,3.32,3.09,0.018,0.23,0.121,188.0,192.3,4.67,420.1,426.2,420.0,423.7
0,0.69,0,4.26,2.79,19.3,0.024,3.56,3.33,0.019,0.23,0.126,188.0,192.3,4.68,420.2,426.1,420.0,424.1
0,0.68,0,4.27,2.72,19.27,0.025,3.07,2.84,0.02,0.23,0.13,188.0,192.4,4.71,420.3,426.2,420.0,423.9
0,0.69,0,4.23,2.68,19.3,0.024,3.0,2.77,0.018,0.23,0.125,188.0,192.4,4.72,420.1,426.2,420.0,424.2
0,0.71,0,4.24,2.57,19.31,0.024,3.32,3.09,0.019,0.23,0.126,188.0,192.4,4.69,420.0,426.3,420.0,424.4
0,0.71,0,4.16,2.74,19.31,0.023,3.06,2.83,0.018,0.23,0.122,188.0,192.4,4.63,419.9,426.5,419.9,424.2
0,0.72,0,4.26,2.64,19.33,0.023,3.44,3.21,0.018,0.23,0.122,188.0,192.4,4.64,420.0,426.9,420.1,424.3
0,0.72,0,4.22,2.67,19.3,0.025,2.72,2.49,0.02,0.23,0.13,188.0,192.3,4.6,420.0,426.9,420.1,424.4
0,0.7,0,4.23,2.71,19.31,0.023,3.06,2.83,0.018,0.23,0.119,188.0,192.3,4.58,420.1,426.8,420.1,424.4
0,0.72,0,4.24,2.75,19.39,0.023,2.98,2.75,0.018,0.23,0.12,188.0,192.4,4.64,420.1,426.9,420.0,424.2
0,0.73,0,4.19,2.62,19.31,0.023,3.2,2.97,0.017,0.23,0.119,188.0,192.3,4.58,420.0,426.9,420.0,424.6
0,0.7,0,4.21,2.69,19.33,0.024,3.31,3.08,0.019,0.23,0.125,188.1,192.4,4.71,420.1,426.9,420.1,424.4
0,0.72,0,4.24,2.72,19.3,0.024,2.92,2.69,0.019,0.23,0.125,188.0,192.4,4.67,419.8,426.7,420.0,425.1
0,0.73,0,4.27,2.68,19.37,0.024,3.25,3.02,0.018,0.23,0.124,188.0,192.4,4.66,419.8,426.4,420.0,424.8
0,0.73,0,4.25,2.67,19.31,0.024,3.27,3.04,0.019,0.23,0.126,188.0,192.4,4.68,420.0,426.8,420.0,424.3
0,0.73,0,4.26,2.71,19.31,0.024,3.59,3.36,0.019,0.23,0.128,188.1,192.4,4.67,420.0,426.8,420.1,424.4
0,0.74,0,4.22,2.63,19.32,0.023,2.98,2.75,0.017,0.23,0.119,188.1,192.4,4.65,419.9,426.9,420.0,424.4
0,0.73,0,4.26,2.53,19.32,0.023,3.39,3.16,0.018,0.23,0.121,188.1,192.4,4.61,419.7,427.0,419.9,424.6
0,0.72,0,4.25,2.87,19.36,0.024,2.81,2.58,0.019,0.23,0.125,188.1,192.4,4.7,419.9,427.6,419.9,424.5
0,0.7,0,4.23,2.78,19.33,0.023,3.01,2.78,0.018,0.23,0.12,188.1,192.4,4.64,419.8,427.4,420.0,424.6
0,0.74,0,4.22,2.69,19.37,0.024,3.49,3.26,0.019,0.23,0.127,188.0,192.3,4.68,420.0,427.4,420.0,424.2
0,0.74,0,4.21,2.71,19.33,0.024,3.19,2.96,0.019,0.23,0.128,188.1,192.4,4.63,420.0,427.2,420.0,424.5
0,0.72,0,4.27,2.41,19.3,0.025,3.59,3.36,0.019,0.23,0.129,188.0,192.4,4.6,420.1,427.5,420.0,424.6
0,0.74,0,4.22,2.69,19.31,0.025,3.14,2.91,0.02,0.23,0.13,188.1,192.4,4.58,420.2,427.2,419.9,424.6
0,0.72,0,4.21,2.7,19.34,0.024,3.21,2.98,0.018,0.23,0.124,188.1,192.4,4.67,420.2,428.0,420.0,424.3
0,0.72,0,4.25,2.74,19.31,0.022,2.28,2.05,0.017,0.23,0.116,187.9,192.3,4.63,420.1,427.9,419.9,425.0
0,0.72,0,4.16,2.68,19.32,0.022,3.3,3.07,0.016,0.23,0.114,188.1,192.4,4.63,420.1,428.2,419.9,425.1
0,0.72,0,4.25,2.69,19.32,0.023,3.37,3.14,0.018,0.23,0.12,188.1,192.4,4.63,419.9,427.8,420.0,424.9
0,0.73,0,4.25,2.6,19.32,0.023,3.1,2.87,0.017,0.23,0.118,188.0,192.3,4.69,419.9,428.1,420.0,425.1
0,0.71,0,4.29,2.66,19.31,0.025,3.46,3.23,0.02,0.23,0.131,187.9,192.3,4.65,419.9,428.0,420.0,426.1
0,0.69,0,4.27,2.75,19.3,0.025,3.43,3.2,0.02,0.23,0.131,187.9,192.3,4.7,420.0,428.0,420.1,425.6
0,0.72,0,4.24,2.6,19.31,0.022,3.24,3.01,0.017,0.23,0.118,188.0,192.3,4.59,420.2,428.5,420.1,425.9
0,0.71,0,4.27,2.75,19.33,0.023,3.16,2.93,0.018,0.23,0.122,187.9,192.3,4.68,420.2,428.2,420.0,425.5
0,0.71,0,4.32,2.69,19.32,0.024,3.58,3.35,0.019,0.23,0.126,188.0,192.3,4.64,420.1,428.1,420.0,426.2
0,0.71,0,4.26,2.72,19.32,0.024,3.08,2.85,0.018,0.23,0.124,188.0,192.3,4.62,420.1,428.2,420.0,425.8
0,0.7,0,4.29,2.73,19.32,0.023,2.81,2.58,0.018,0.23,0.121,188.0,192.3,4.61,420.0,427.9,420.0,425.8
0,0.69,0,4.27,2.77,19.31,0.023,3.64,3.41,0.018,0.23,0.123,188.0,192.3,4.65,419.9,428.3,420.1,426.2
0,0.71,0,4.25,2.62,19.32,0.024,3.06,2.83,0.019,0.23,0.128,188.0,192.3,4.64,420.0,428.6,420.0,426.1
0,0.71,0,4.24,2.63,19.32,0.024,3.49,3.26,0.019,0.23,0.127,188.0,192.3,4.7,420.1,428.1,420.0,425.7
0,0.71,0,4.3,2.71,19.31,0.024,2.97,2.74,0.018,0.23,0.124,188.0,192.3,4.69,420.2,428.7,420.1,425.4
0,0.72,0,4.25,2.69,19.32,0.023,2.74,2.51,0.018,0.23,0.121,188.0,192.3,4.65,420.0,428.7,420.0,425.7
0,0.72,0,4.3,2.69,19.32,0.022,3.05,2.82,0.017,0.23,0.117,188.0,192.3,4.63,419.9,428.2,419.9,425.7
0,0.68,0,4.29,2.66,19.3,0.023,2.93,2.7,0.018,0.23,0.121,188.0,192.3,4.63,419.9,428.5,420.0,426.2
0,0.71,0,4.32,2.68,19.33,0.024,3.49,3.26,0.019,0.23,0.125,188.0,192.3,4.69,419.8,428.3,420.0,426.0
0,0.72,0,4.29,2.69,19.34,0.025,3.71,3.48,0.019,0.23,0.129,188.0,192.3,4.66,419.8,428.4,420.0,425.6
0,0.7,0,4.28,2.67,19.3,0.025,3.15,2.92,0.019,0.23,0.128,188.0,192.3,4.63,419.9,429.1,420.0,425.7
0,0.72,0,4.25,2.71,19.31,0.023,3.06,2.83,0.018,0.23,0.123,188.0,192.3,4.6,420.0,428.9,420.0,426.0
0,0.72,0,4.32,2.68,19.31,0.024,3.35,3.12,0.019,0.23,0.126,188.0,192.3,4.6,419.9,430.0,419.8,426.3
0,0.72,0,4.31,2.72,19.33,0.024,3.08,2.85,0.019,0.23,0.126,188.0,192.3,4.69,419.8,429.5,419.9,426.4
0,0.72,0,4.31,2.67,19.34,0.022,3.07,2.84,0.017,0.23,0.116,188.0,192.3,4.65,419.9,429.5,420.0,426.0
0,0.73,0,4.29,2.66,19.31,0.023,3.81,3.58,0.018,0.23,0.122,188.0,192.3,4.64,420.1,429.2,420.0,426.4
0,0.72,0,4.25,2.6,19.36,0.024,3.6,3.37,0.019,0.23,0.128,187.9,192.3,4.71,420.2,429.6,420.0,426.3
0,0.72,0,4.27,2.69,19.32,0.025,2.96,2.73,0.02,0.23,0.13,188.0,192.3,4.66,420.1,429.2,420.0,426.3
0,0.72,0,4.28,2.65,19.33,0.024,2.85,2.62,0.019,0.23,0.127,188.0,192.3,4.63,420.2,428.7,420.1,427.2
0,0.72,0,4.26,2.66,19.33,0.023,2.91,2.68,0.018,0.23,0.122,187.9,192.3,4.69,420.0,428.8,420.0,426.4
0,0.71,0,4.27,2.63,19.31,0.022,2.55,2.32,0.017,0.23,0.117,188.0,192.3,4.67,420.0,428.7,420.0,427.1
0,0.7,0,4.29,2.65,19.31,0.022,2.96,2.73,0.017,0.23,0.116,187.9,192.3,4.68,419.9,429.1,419.9,427.0
0,0.69,0,4.29,2.65,19.26,0.023,3.17,2.94,0.018,0.23,0.121,188.0,192.3,4.67,420.0,429.2,420.1,427.0
0,0.72,0,4.26,2.72,19.33,0.024,3.52,3.29,0.019,0.23,0.127,188.0,192.3,4.64,420.3,429.3,419.9,427.7
0,0.72,0,4.25,2.64,19.3,0.024,3.0,2.77,0.018,0.23,0.123,188.0,192.4,4.6,420.2,429.5,419.9,427.5
0,0.72,0,4.26,2.72,19.33,0.024,3.37,3.14,0.018,0.23,0.123,188.0,192.3,4.7,420.1,429.5,420.0,426.8
0,0.7,0,4.29,2.65,19.29,0.023,3.15,2.92,0.018,0.23,0.122,188.0,192.3,4.67,420.0,429.3,420.0,427.1
0,0.71,0,4.2,2.77,19.31,0.023,2.68,2.45,0.018,0.23,0.122,188.0,192.4,4.63,420.0,429.2,420.0,427.2
0,0.69,0,4.29,2.66,19.32,0.023,3.04,2.81,0.018,0.23,0.12,188.0,192.4,4.71,419.7,429.3,420.1,427.5
0,0.72,0,4.27,2.73,19.32,0.023,3.49,3.26,0.017,0.23,0.119,188.0,192.4,4.66,419.8,429.2,420.0,427.4
0,0.72,0,4.28,2.9,19.3,0.024,3.44,3.21,0.018,0.23,0.124,188.0,192.4,4.63,419.9,429.2,419.9,427.4
0,0.71,0,4.23,2.56,19.32,0.024,3.55,3.32,0.018,0.23,0.123,188.1,192.4,4.65,420.0,429.3,420.0,427.4
0,0.69,0,4.26,2.7,19.32,0.025,3.81,3.58,0.02,0.23,0.13,188.1,192.4,4.63,420.1,429.4,420.0,427.3
0,0.69,0,4.27,2.75,19.32,0.025,3.2,2.97,0.02,0.23,0.131,188.0,192.4,4.72,420.2,430.1,419.9,427.4
0,0.72,0,4.28,2.66,19.34,0.024,3.17,2.94,0.019,0.23,0.128,188.0,192.4,4.66,420.2,430.2,420.0,427.8
0,0.71,0,4.24,2.64,19.29,0.024,3.24,3.01,0.019,0.23,0.126,188.0,192.4,4.64,420.1,430.5,420.0,427.9
0,0.72,0,4.22,2.64,19.31,0.023,3.15,2.92,0.018,0.23,0.122,188.0,192.4,4.62,420.0,431.3,419.9,428.1
0,0.75,0,4.16,2.68,19.37,0.022,2.92,2.69,0.016,0.23,0.113,188.1,192.5,4.69,419.9,430.8,420.1,428.1
0,0.75,0,4.2,2.71,19.37,0.022,2.92,2.69,0.017,0.23,0.114,188.1,192.4,4.62,419.9,430.9,420.0,428.5
0,0.74,0,4.22,2.68,19.38,0.024,3.16,2.93,0.019,0.23,0.128,188.1,192.4,4.7,420.0,431.2,420.1,428.3
0,0.74,0,4.3,2.68,19.36,0.024,3.13,2.9,0.019,0.23,0.128,188.0,192.4,4.63,420.0,430.9,420.0,428.6
0,0.72,0,4.23,2.71,19.36,0.024,3.16,2.93,0.019,0.23,0.128,188.0,192.4,4.67,420.1,430.9,420.0,429.3
0,0.72,0,4.29,2.69,19.33,0.024,3.0,2.77,0.019,0.23,0.128,188.0,192.4,4.61,420.1,430.8,420.0,429.1
0,0.71,0,4.25,2.71,19.31,0.023,3.06,2.83,0.018,0.23,0.123,188.1,192.4,4.62,420.1,431.1,420.0,428.8
0,0.72,0,4.25,2.73,19.33,0.024,3.03,2.8,0.019,0.23,0.126,188.1,192.4,4.67,420.0,431.0,420.0,429.2
0,0.73,0,4.26,2.68,19.36,0.024,2.88,2.65,0.019,0.23,0.127,188.0,192.4,4.62,419.9,430.9,420.1,429.9
0,0.71,0,4.27,2.6,19.31,0.024,3.1,2.87,0.019,0.23,0.126,188.0,192.4,4.68,419.8,431.1,420.0,429.1
0,0.72,0,4.23,2.51,19.33,0.023,2.73,2.5,0.018,0.23,0.121,188.0,192.4,4.66,419.8,431.1,419.9,429.3
0,0.71,0,4.22,2.74,19.33,0.021,2.71,2.48,0.016,0.23,0.109,188.1,192.4,4.64,419.9,431.6,420.0,429.8
0,0.7,0,4.22,2.74,19.32,0.022,3.49,3.26,0.016,0.23,0.114,188.1,192.4,4.64,420.0,431.2,420.1,429.7
0,0.7,0,4.23,2.65,19.32,0.025,3.95,3.72,0.019,0.23,0.129,188.0,192.4,4.71,420.0,431.0,420.1,429.3
0,0.71,0,4.2,2.71,19.29,0.024,3.8,3.57,0.019,0.23,0.127,188.1,192.4,4.69,420.1,431.2,420.0,429.1
0,0.72,0,4.27,2.63,19.36,0.026,3.03,2.8,0.021,0.23,0.137,188.0,192.5,4.65,420.2,431.2,420.2,428.8
0,0.72,0,4.28,2.64,19.3,0.025,3.12,2.89,0.02,0.23,0.131,188.0,192.4,4.63,420.3,431.2,419.7,429.4
0,0.71,0,4.25,2.69,19.31,0.024,2.79,2.56,0.019,0.23,0.125,188.1,192.4,4.63,420.1,431.1,420.0,429.6
0,0.71,0,4.24,2.67,19.31,0.023,3.15,2.92,0.018,0.23,0.121,188.0,192.5,4.6,419.9,431.1,420.1,429.0
0,0.72,0,4.29,2.66,19.32,0.024,3.4,3.17,0.018,0.23,0.124,188.1,192.4,4.68,419.8,431.2,420.0,429.0
0,0.71,0,4.29,2.66,19.32,0.022,2.79,2.56,0.017,0.23,0.117,188.0,192.4,4.66,419.8,431.5,420.0,429.1
0,0.71,0,4.25,2.68,19.33,0.022,2.73,2.5,0.017,0.23,0.116,188.0,192.4,4.63,419.8,431.6,420.1,429.4
0,0.72,0,4.26,2.67,19.32,0.022,3.39,3.16,0.017,0.23,0.116,188.0,192.4,4.62,419.9,431.8,420.0,429.5
0,0.72,0,4.25,2.72,19.32,0.023,3.76,3.53,0.018,0.23,0.12,188.0,192.4,4.69,420.0,431.7,420.0,428.9
0,0.7,0,4.24,2.71,19.32,0.026,3.74,3.51,0.021,0.23,0.136,188.1,192.4,4.68,420.1,431.7,420.0,429.0
0,0.71,0,4.28,2.71,19.33,0.024,2.95,2.72,0.018,0.23,0.125,188.1,192.5,4.7,419.9,432.1,420.0,429.7
0,0.7,0,4.29,2.69,19.31,0.023,3.59,3.36,0.018,0.23,0.12,188.1,192.5,4.67,419.8,432.7,419.9,429.8
0,0.74,0,4.27,2.43,19.31,0.023,3.12,2.89,0.018,0.23,0.121,188.1,192.5,4.61,419.9,432.2,420.0,429.9
0,0.72,0,4.24,2.59,19.33,0.024,2.81,2.58,0.018,0.23,0.123,188.1,192.5,4.61,419.9,432.4,420.0,429.9
0,0.72,0,4.29,2.53,19.32,0.022,3.63,3.4,0.017,0.23,0.118,188.1,192.5,4.7,419.9,433.1,419.9,429.7
0,0.76,0,4.29,2.62,19.35,0.023,3.15,2.92,0.018,0.23,0.122,188.1,192.5,4.64,420.1,433.0,420.0,430.3
0,0.75,0,4.25,2.59,19.36,0.023,3.15,2.92,0.018,0.23,0.123,188.1,192.5,4.7,420.2,433.0,420.1,430.2
0,0.75,0,4.23,2.75,19.33,0.023,3.31,3.08,0.017,0.23,0.118,188.1,192.5,4.64,420.2,433.2,420.0,429.9
0,0.74,0,4.29,2.74,19.32,0.024,3.28,3.05,0.019,0.23,0.125,188.1,192.5,4.61,420.2,433.4,419.9,429.9
0,0.74,0,4.26,2.72,19.32,0.024,3.37,3.14,0.018,0.23,0.123,188.1,192.5,4.6,420.0,433.1,420.0,430.4
0,0.73,0,4.19,2.69,19.31,0.024,3.84,3.61,0.019,0.23,0.128,188.1,192.5,4.57,420.0,432.9,420.1,431.1
0,0.73,0,4.26,2.75,19.35,0.023,3.73,3.5,0.017,0.23,0.119,188.1,192.5,4.6,420.0,432.9,420.0,430.9
0,0.73,0,4.26,2.69,19.31,0.022,2.77,2.54,0.017,0.23,0.117,188.1,192.5,4.65,420.1,433.2,420.1,430.7
0,0.73,0,4.28,2.72,19.33,0.022,2.73,2.5,0.017,0.23,0.115,188.1,192.5,4.63,420.1,433.2,420.2,430.6
0,0.72,0,4.27,2.72,19.32,0.022,3.61,3.38,0.017,0.23,0.118,188.1,192.5,4.6,420.1,433.1,420.0,430.6
0,0.71,0,4.27,2.69,19.31,0.023,2.89,2.66,0.018,0.23,0.122,188.1,192.5,4.6,420.0,433.1,420.0,430.5
0,0.71,0,4.28,2.56,19.32,0.024,3.16,2.93,0.019,0.23,0.128,188.1,192.5,4.68,419.9,433.9,420.0,430.6
0,0.73,0,4.24,2.69,19.33,0.024,3.37,3.14,0.019,0.23,0.126,188.1,192.5,4.65,419.9,433.1,420.0,430.7
0,0.72,0,4.25,2.41,19.3,0.024,3.42,3.19,0.019,0.23,0.124,188.1,192.5,4.61,419.9,433.2,420.0,430.6
0,0.72,0,4.23,2.74,19.32,0.024,2.94,2.71,0.019,0.23,0.127,188.1,192.5,4.61,419.9,433.1,420.0,430.4
0,0.72,0,4.23,2.69,19.32,0.023,3.41,3.18,0.018,0.23,0.121,188.1,192.5,4.68,419.9,433.0,419.9,431.2
0,0.72,0,4.25,2.74,19.3,0.024,3.17,2.94,0.019,0.23,0.125,188.1,192.4,4.65,420.0,433.2,419.9,431.3
0,0.71,0,4.27,2.72,19.34,0.023,3.5,3.27,0.018,0.23,0.12,188.0,192.4,4.65,420.0,433.3,419.9,430.9
0,0.71,0,4.25,2.68,19.37,0.024,3.47,3.24,0.019,0.23,0.125,188.0,192.4,4.71,420.1,433.2,419.9,430.6
0,0.71,0,4.27,2.79,19.32,0.024,3.59,3.36,0.019,0.23,0.126,188.1,192.5,4.67,420.1,433.1,420.0,430.8
0,0.71,0,4.23,2.63,19.32,0.024,3.93,3.7,0.019,0.23,0.128,188.1,192.4,4.62,420.1,433.1,420.0,431.0
0,0.71,0,4.29,2.64,19.31,0.025,3.54,3.31,0.019,0.23,0.129,188.0,192.4,4.63,420.0,433.4,420.0,431.0
0,0.71,0,4.28,2.66,19.31,0.023,3.51,3.28,0.018,0.23,0.122,187.9,192.3,4.67,419.8,433.2,420.0,431.8
0,0.71,0,4.28,2.69,19.31,0.022,2.83,2.6,0.017,0.23,0.118,187.9,192.3,4.67,419.8,433.8,419.9,431.4
0,0.71,0,4.27,2.67,19.32,0.023,3.02,2.79,0.018,0.23,0.122,187.9,192.3,4.62,419.9,433.7,420.1,431.1
0,0.7,0,4.26,2.58,19.34,0.024,3.73,3.5,0.018,0.23,0.123,187.9,192.3,4.7,420.0,433.3,419.9,431.2
0,0.71,0,4.23,2.67,19.33,0.024,3.66,3.43,0.019,0.23,0.126,187.9,192.3,4.66,420.0,433.6,420.0,431.3
0,0.71,0,4.29,2.68,19.27,0.024,3.82,3.59,0.019,0.23,0.126,187.9,192.3,4.63,419.8,433.6,420.0,431.1
0,0.72,0,4.26,2.7,19.33,0.025,3.67,3.44,0.02,0.23,0.13,188.0,192.3,4.65,419.6,433.6,420.1,431.5
0,0.72,0,4.26,2.71,19.32,0.024,2.89,2.66,0.018,0.23,0.124,188.0,192.3,4.72,419.6,433.3,420.1,432.0
0,0.71,0,4.25,2.69,19.3,0.022,2.6,2.37,0.017,0.23,0.117,188.0,192.3,4.7,419.8,433.5,420.0,431.1
0,0.72,0,4.26,2.77,19.34,0.022,3.3,3.07,0.017,0.23,0.117,188.0,192.3,4.64,420.0,434.1,420.1,430.3
0,0.73,0,4.29,2.68,19.31,0.023,3.35,3.12,0.018,0.23,0.119,188.0,192.3,4.62,420.2,434.0,420.0,430.4
0,0.72,0,4.29,2.68,19.37,0.025,3.47,3.24,0.019,0.23,0.129,188.0,192.3,4.68,420.1,434.0,420.0,430.5
0,0.74,0,4.28,2.56,19.38,0.026,3.46,3.23,0.02,0.23,0.134,188.0,192.3,4.69,420.1,434.0,420.0,430.7
0,0.73,0,4.26,2.71,19.36,0.025,3.11,2.88,0.02,0.23,0.131,187.9,192.4,4.6,420.1,433.7,420.0,430.7
0,0.74,0,4.28,2.73,19.34,0.024,3.0,2.77,0.019,0.23,0.127,187.9,192.4,4.65,420.1,433.8,420.0,430.6
0,0.71,0,4.27,2.7,19.32,0.024,3.06,2.83,0.019,0.23,0.125,188.0,192.4,4.66,420.1,434.0,420.0,431.1
0,0.74,0,4.29,2.63,19.37,0.023,3.0,2.77,0.018,0.23,0.123,188.0,192.3,4.69,420.0,433.8,420.0,431.2
0,0.72,0,4.28,2.63,19.31,0.023,3.14,2.91,0.018,0.23,0.12,188.0,192.3,4.65,420.0,434.1,420.0,431.0
0,0.73,0,4.24,2.7,19.32,0.024,3.08,2.85,0.019,0.23,0.126,188.0,192.3,4.63,419.8,434.4,420.0,431.5
0,0.73,0,4.27,2.72,19.37,0.025,2.82,2.59,0.019,0.23,0.129,188.0,192.3,4.69,419.7,434.1,419.9,431.6
0,0.74,0,4.27,2.75,19.29,0.024,3.34,3.11,0.019,0.23,0.125,188.0,192.3,4.61,419.9,434.7,420.1,430.8
0,0.73,0,4.29,2.58,19.37,0.024,3.04,2.81,0.018,0.23,0.124,188.0,192.4,4.67,420.1,434.8,420.0,431.4
0,0.75,0,4.25,2.65,19.37,0.024,3.46,3.23,0.018,0.23,0.124,188.0,192.4,4.68,420.2,434.6,420.0,431.2
0,0.74,0,4.28,2.69,19.37,0.024,3.26,3.03,0.019,0.23,0.125,188.0,192.4,4.72,420.3,434.5,420.1,431.3
0,0.73,0,4.3,2.71,19.31,0.024,2.65,2.42,0.019,0.23,0.126,188.1,192.4,4.67,420.2,434.8,420.1,431.3
0,0.75,0,4.21,2.65,19.37,0.023,3.28,3.05,0.018,0.23,0.122,188.0,192.4,4.71,420.1,434.3,420.0,431.2
0,0.74,0,4.24,2.68,19.37,0.023,2.76,2.53,0.018,0.23,0.122,188.0,192.4,4.64,420.1,434.7,419.9,431.3
0,0.74,0,4.24,2.66,19.31,0.023,3.27,3.04,0.018,0.23,0.121,188.0,192.4,4.59,420.0,434.5,420.1,431.2
0,0.73,0,4.26,2.6,19.39,0.023,3.76,3.53,0.018,0.23,0.12,188.0,192.3,4.68,419.8,435.6,420.0,431.3
0,0.74,0,4.27,2.72,19.35,0.024,3.81,3.58,0.019,0.23,0.127,188.0,192.3,4.68,419.6,435.6,420.0,431.4
0,0.74,0,4.28,2.68,19.33,0.025,4.19,3.96,0.02,0.23,0.132,188.0,192.3,4.63,419.7,435.6,420.0,431.3
0,0.73,0,4.25,2.65,19.32,0.023,2.87,2.64,0.018,0.23,0.122,188.0,192.4,4.67,420.1,435.6,419.9,431.7
0,0.74,0,4.31,2.71,19.4,0.023,3.22,2.99,0.018,0.23,0.119,188.0,192.4,4.7,420.2,435.6,420.0,431.8
0,0.74,0,4.24,2.71,19.4,0.022,3.3,3.07,0.017,0.23,0.116,188.0,192.4,4.67,420.3,435.7,420.0,431.8
0,0.75,0,4.26,2.65,19.38,0.023,2.91,2.68,0.017,0.23,0.118,188.0,192.4,4.72,420.2,435.5,419.8,432.1
0,0.72,0,4.24,2.67,19.33,0.022,3.12,2.89,0.017,0.23,0.116,188.0,192.4,4.66,420.1,435.5,420.0,432.1
0,0.73,0,4.29,2.69,19.38,0.026,3.5,3.27,0.02,0.23,0.134,188.0,192.4,4.68,420.0,435.6,420.1,431.7
0,0.74,0,4.23,2.65,19.37,0.026,3.42,3.19,0.02,0.23,0.135,188.0,192.4,4.68,419.9,435.6,420.0,432.0
0,0.74,0,4.17,2.69,19.39,0.023,3.06,2.83,0.018,0.23,0.12,188.0,192.4,4.72,419.7,434.7,420.1,431.8
0,0.72,0,4.29,2.68,19.35,0.023,2.42,2.19,0.018,0.23,0.121,188.0,192.4,4.65,419.9,434.7,420.0,432.7
0,0.71,0,4.23,2.65,19.31,0.022,2.45,2.22,0.017,0.23,0.117,188.0,192.5,4.59,419.9,434.7,419.9,432.5
0,0.72,0,4.24,2.64,19.37,0.022,3.31,3.08,0.017,0.23,0.114,188.0,192.4,4.65,420.1,434.8,420.0,432.3
0,0.72,0,4.29,2.74,19.32,0.023,3.29,3.06,0.018,0.23,0.122,188.0,192.4,4.68,420.2,434.8,420.0,432.7
0,0.71,0,4.27,2.62,19.31,0.024,3.65,3.42,0.018,0.23,0.123,188.1,192.4,4.67,420.0,435.0,420.0,432.7
0,0.71,0,4.3,2.65,19.32,0.024,3.68,3.45,0.018,0.23,0.124,188.1,192.4,4.65,419.9,434.6,420.0,432.7
0,0.71,0,4.29,2.53,19.37,0.024,3.59,3.36,0.019,0.23,0.127,188.0,192.4,4.72,419.9,435.2,420.0,432.2
0,0.72,0,4.24,2.47,19.37,0.024,3.33,3.1,0.019,0.23,0.126,188.1,192.5,4.64,420.1,434.6,419.9,432.4
0,0.69,0,4.27,2.66,19.35,0.023,3.8,3.57,0.017,0.23,0.119,188.0,192.5,4.68,420.1,434.7,420.0,432.4
0,0.71,0,4.28,2.71,19.33,0.024,3.44,3.2,0.018,0.23,0.124,188.1,192.4,4.6,420.2,435.0,419.9,432.4
0,0.71,0,4.29,2.7,19.37,0.024,3.3,3.07,0.018,0.23,0.124,188.0,192.5,4.65,420.2,434.6,419.9,432.9
0,0.71,0,4.19,2.66,19.35,0.023,3.36,3.13,0.018,0.23,0.12,188.0,192.4,4.67,420.1,434.7,420.0,432.7
0,0.72,0,4.19,2.63,19.33,0.023,3.45,3.22,0.017,0.23,0.118,188.0,192.4,4.6,420.0,434.7,419.9,433.1
0,0.72,0,4.29,2.7,19.37,0.023,2.88,2.65,0.018,0.23,0.121,188.1,192.4,4.65,420.0,434.7,420.0,433.0
0,0.72,0,4.29,2.66,19.33,0.023,3.0,2.77,0.018,0.23,0.121,188.1,192.4,4.61,419.9,434.7,420.0,432.9
0,0.73,0,4.28,2.29,19.37,0.024,3.9,3.67,0.019,0.23,0.125,188.0,192.5,4.66,419.7,434.7,420.0,432.9
0,0.73,0,4.2,2.68,19.31,0.025,3.42,3.19,0.02,0.23,0.131,188.1,192.5,4.59,419.9,434.7,420.1,432.7
0,0.73,0,4.29,2.67,19.37,0.025,2.92,2.69,0.02,0.23,0.13,188.1,192.5,4.66,419.9,434.6,420.1,433.3
0,0.74,0,4.22,2.66,19.38,0.023,2.92,2.69,0.018,0.23,0.122,188.1,192.5,4.67,419.9,434.7,420.0,433.0
0,0.74,0,4.24,2.68,19.4,0.023,3.75,3.52,0.018,0.23,0.12,188.1,192.5,4.68,420.0,434.8,419.8,433.0
0,0.73,0,4.29,2.68,19.29,0.024,3.07,2.84,0.019,0.23,0.125,188.1,192.5,4.63,420.1,434.7,420.0,432.8
0,0.74,0,4.21,2.76,19.32,0.023,3.64,3.41,0.018,0.23,0.122,188.1,192.5,4.62,420.3,434.8,420.0,433.3
0,0.74,0,4.31,2.66,19.33,0.024,3.44,3.21,0.018,0.23,0.124,188.1,192.5,4.6,420.4,434.8,420.0,433.2
0,0.72,0,4.21,2.75,19.31,0.023,3.76,3.53,0.018,0.23,0.121,188.1,192.5,4.67,420.3,434.7,420.0,433.0
0,0.72,0,4.27,2.59,19.29,0.024,3.88,3.65,0.019,0.23,0.126,188.0,192.4,4.68,420.1,434.6,420.1,433.5
0,0.73,0,4.26,2.54,19.35,0.025,3.21,2.98,0.02,0.23,0.131,188.1,192.4,4.64,419.9,435.1,420.1,433.0
0,0.71,0,4.26,2.76,19.29,0.024,2.98,2.75,0.018,0.23,0.124,188.1,192.4,4.62,420.0,435.5,420.1,433.3
0,0.74,0,4.22,2.7,19.38,0.023,2.9,2.67,0.018,0.23,0.122,188.1,192.4,4.66,420.0,435.0,420.2,433.4
0,0.74,0,4.21,2.69,19.37,0.023,3.12,2.89,0.018,0.23,0.122,188.0,192.4,4.69,420.0,435.3,420.0,433.0
0,0.73,0,4.29,2.71,19.31,0.023,3.27,3.04,0.018,0.23,0.12,188.0,192.4,4.62,419.7,435.0,420.0,433.1
0,0.71,0,4.25,2.62,19.31,0.024,3.11,2.88,0.019,0.23,0.125,188.1,192.4,4.61,419.9,434.7,420.1,433.5
0,0.72,0,4.24,2.69,19.34,0.024,3.53,3.3,0.019,0.23,0.125,188.0,192.4,4.69,419.9,435.3,420.0,433.4
0,0.72,0,4.27,2.68,19.35,0.024,3.42,3.19,0.019,0.23,0.125,188.1,192.4,4.61,420.0,435.0,420.0,433.3
0,0.72,0,4.29,2.69,19.4,0.023,2.8,2.57,0.018,0.23,0.121,188.1,192.4,4.63,420.0,435.1,419.9,433.5
0,0.69,0,4.3,2.66,19.26,0.023,2.91,2.68,0.017,0.23,0.118,188.1,192.5,4.66,420.3,435.1,420.0,433.5
0,0.7,0,4.28,2.65,19.28,0.023,3.27,3.04,0.018,0.23,0.123,188.1,192.5,4.68,420.3,435.5,420.0,433.2
0,0.71,0,4.3,2.64,19.33,0.025,3.85,3.62,0.019,0.23,0.129,188.1,192.5,4.64,420.1,435.1,420.1,434.0
0,0.71,0,4.27,2.66,19.37,0.026,3.5,3.27,0.02,0.23,0.134,188.0,192.4,4.67,420.0,435.7,420.0,433.4
0,0.71,0,4.27,2.65,19.31,0.025,3.19,2.96,0.02,0.23,0.13,188.1,192.5,4.66,419.9,435.9,420.1,433.4
0,0.71,0,4.29,2.7,19.32,0.024,2.59,2.36,0.018,0.23,0.123,188.0,192.4,4.65,419.8,435.8,420.1,433.5
0,0.73,0,4.27,2.68,19.37,0.023,2.78,2.55,0.018,0.23,0.119,188.0,192.4,4.65,420.0,435.8,420.1,433.2
0,0.73,0,4.3,2.66,19.33,0.023,2.91,2.68,0.017,0.23,0.119,188.0,192.4,4.69,420.0,435.7,420.0,433.4
0,0.73,0,4.29,2.63,19.37,0.024,3.65,3.42,0.019,0.23,0.126,188.0,192.4,4.63,420.2,436.4,420.1,433.3
0,0.72,0,4.28,2.68,19.36,0.025,3.41,3.18,0.02,0.23,0.131,188.0,192.5,4.65,420.2,436.5,420.0,433.2
0,0.74,0,4.26,2.7,19.37,0.024,3.06,2.83,0.019,0.23,0.127,188.0,192.5,4.65,420.1,436.2,420.0,433.6
0,0.75,0,4.31,2.66,19.38,0.024,2.76,2.53,0.019,0.23,0.127,188.0,192.4,4.67,420.0,436.3,419.9,433.3
0,0.75,0,4.33,2.66,19.31,0.023,3.04,2.81,0.018,0.23,0.121,188.1,192.4,4.68,419.7,436.9,419.9,433.5
0,0.75,0,4.3,2.72,19.39,0.022,3.23,3.0,0.017,0.23,0.116,188.1,192.4,4.66,419.9,436.7,420.0,433.5
0,0.77,0,4.24,2.67,19.37,0.024,3.86,3.63,0.019,0.23,0.127,188.0,192.4,4.6,420.0,437.0,420.1,433.9
0,0.73,0,4.3,2.63,19.4,0.024,3.48,3.25,0.019,0.23,0.125,188.0,192.4,4.62,420.1,436.9,420.1,434.0
0,0.75,0,4.31,2.64,19.41,0.024,3.28,3.05,0.019,0.23,0.125,188.0,192.4,4.72,420.3,436.9,420.1,433.7
0,0.75,0,4.28,2.65,19.38,0.024,3.41,3.18,0.019,0.23,0.127,188.0,192.4,4.71,420.3,437.3,420.1,433.6
0,0.76,0,4.29,2.67,19.36,0.024,3.5,3.27,0.019,0.23,0.125,188.1,192.4,4.63,420.2,436.6,420.1,433.7
0,0.72,0,4.32,2.65,19.37,0.024,3.42,3.19,0.018,0.23,0.123,188.1,192.5,4.68,420.1,436.7,420.0,433.4
0,0.75,0,4.28,2.6,19.4,0.024,2.74,2.5,0.018,0.23,0.124,188.1,192.4,4.7,420.0,436.9,420.0,434.0
0,0.71,0,4.32,2.77,19.3,0.023,3.09,2.86,0.018,0.23,0.121,188.1,192.4,4.66,419.9,437.3,420.0,434.3
0,0.74,0,4.26,2.7,19.39,0.023,3.25,3.02,0.018,0.23,0.122,188.0,192.4,4.71,419.8,436.4,420.1,434.3
0,0.72,0,4.32,2.69,19.36,0.024,3.07,2.84,0.019,0.23,0.126,188.0,192.4,4.63,419.9,436.8,420.0,433.9
0,0.73,0,4.22,2.75,19.35,0.022,2.82,2.59,0.017,0.23,0.115,188.1,192.4,4.64,420.3,437.4,420.0,433.0
0,0.71,0,4.22,2.69,19.3,0.023,3.26,3.03,0.018,0.23,0.122,188.0,192.4,4.6,420.2,437.3,420.1,432.8
0,0.73,0,4.32,2.67,19.31,0.025,3.09,2.86,0.02,0.23,0.13,188.1,192.4,4.7,420.1,437.7,420.1,433.1
0,0.73,0,4.31,2.69,19.32,0.024,3.31,3.08,0.019,0.23,0.125,188.0,192.4,4.71,420.0,437.5,420.0,432.3
0,0.74,0,4.25,2.77,19.41,0.024,2.98,2.75,0.019,0.23,0.126,188.0,192.4,4.71,419.9,437.1,420.1,432.8
0,0.76,0,4.28,2.68,19.39,0.023,3.01,2.78,0.018,0.23,0.121,188.0,192.4,4.69,419.8,437.6,420.0,432.8
0,0.71,0,4.29,2.63,19.35,0.023,3.15,2.92,0.017,0.23,0.119,188.0,192.3,4.65,419.9,437.1,420.0,433.2
0,0.74,0,4.24,2.69,19.33,0.023,3.43,3.2,0.018,0.23,0.122,188.0,192.3,4.68,419.9,437.5,420.1,433.1
0,0.72,0,4.23,2.66,19.31,0.023,3.32,3.09,0.018,0.23,0.122,188.0,192.4,4.66,419.9,437.0,420.0,433.5
0,0.71,0,4.32,2.71,19.27,0.024,3.26,3.03,0.019,0.23,0.125,188.0,192.4,4.57,419.9,437.4,419.9,432.9
0,0.75,0,4.3,2.64,19.39,0.024,3.03,2.8,0.018,0.23,0.124,188.0,192.4,4.64,420.0,436.8,420.1,433.7
0,0.75,0,4.29,2.73,19.37,0.023,2.92,2.69,0.018,0.23,0.122,188.0,192.4,4.66,420.1,436.9,420.0,433.1
0,0.73,0,4.32,2.62,19.32,0.023,3.1,2.87,0.018,0.23,0.121,188.0,192.4,4.7,419.9,437.1,420.0,433.4
0,0.75,0,4.32,2.62,19.36,0.024,2.98,2.75,0.019,0.23,0.126,188.0,192.4,4.65,419.8,436.9,419.9,433.2
0,0.75,0,4.27,2.74,19.31,0.024,2.73,2.5,0.019,0.23,0.125,188.0,192.3,4.59,419.7,436.8,420.0,432.9
0,0.72,0,4.3,2.66,19.37,0.024,3.2,2.97,0.018,0.23,0.123,188.0,192.3,4.66,419.7,436.6,420.1,432.9
0,0.74,0,4.26,2.68,19.35,0.023,3.44,3.21,0.018,0.23,0.122,188.0,192.3,4.67,419.9,436.8,420.0,433.0
0,0.74,0,4.29,2.65,19.33,0.023,3.08,2.85,0.018,0.23,0.121,188.0,192.3,4.61,420.0,436.6,420.0,432.9
0,0.73,0,4.29,2.71,19.31,0.023,2.68,2.45,0.018,0.23,0.121,188.0,192.3,4.59,420.1,436.8,420.0,432.9
0,0.72,0,4.28,2.66,19.31,0.023,2.83,2.6,0.018,0.23,0.12,188.0,192.3,4.69,420.0,436.8,420.0,433.1
0,0.74,0,4.27,2.66,19.37,0.024,2.91,2.68,0.018,0.23,0.123,188.0,192.3,4.63,419.9,436.7,420.1,433.4
0,0.7,0,4.25,2.67,19.37,0.023,3.28,3.05,0.018,0.23,0.123,188.0,192.3,4.66,419.8,437.5,420.1,433.0
0,0.72,0,4.28,2.64,19.32,0.024,3.5,3.27,0.019,0.23,0.128,188.0,192.4,4.61,419.8,437.3,420.0,433.6
0,0.71,0,4.28,2.71,19.32,0.025,3.61,3.38,0.02,0.23,0.131,188.0,192.4,4.69,419.9,437.4,420.1,433.1
0,0.72,0,4.29,2.71,19.31,0.024,2.76,2.53,0.019,0.23,0.128,188.0,192.3,4.68,420.0,437.4,420.0,433.3
0,0.73,0,4.29,2.6,19.37,0.023,2.88,2.65,0.018,0.23,0.12,188.0,192.3,4.69,420.1,437.3,419.8,433.6
0,0.72,0,4.29,2.7,19.4,0.024,2.6,2.37,0.018,0.23,0.124,188.0,192.3,4.72,419.9,437.7,420.0,433.0
0,0.72,0,4.27,2.7,19.35,0.022,3.29,3.06,0.016,0.23,0.114,188.0,192.4,4.65,419.7,437.3,420.0,433.3
0,0.73,0,4.28,2.74,19.33,0.023,3.66,3.43,0.018,0.23,0.121,188.0,192.4,4.6,419.7,437.3,419.9,433.1
0,0.72,0,4.29,2.71,19.38,0.023,3.39,3.16,0.018,0.23,0.121,188.0,192.4,4.65,419.9,437.3,420.0,433.4
0,0.72,0,4.3,2.62,19.31,0.023,3.57,3.34,0.018,0.23,0.122,188.0,192.4,4.6,420.1,437.8,420.0,433.3
0,0.71,0,4.25,2.68,19.37,0.024,3.45,3.22,0.018,0.23,0.123,188.0,192.4,4.67,420.1,437.3,420.0,433.1
0,0.7,0,4.28,2.65,19.37,0.024,3.53,3.3,0.019,0.23,0.127,188.0,192.4,4.68,420.1,437.2,420.1,433.2
0,0.7,0,4.22,2.66,19.31,0.025,3.33,3.1,0.02,0.23,0.13,188.1,192.4,4.65,420.1,437.7,420.0,433.4
0,0.72,0,4.27,2.62,19.37,0.024,3.24,3.01,0.019,0.23,0.128,188.0,192.4,4.7,420.0,437.3,420.0,433.8
0,0.74,0,4.24,2.65,19.34,0.024,3.11,2.88,0.019,0.23,0.128,188.0,192.4,4.66,419.9,437.3,420.0,433.6
0,0.73,0,4.31,2.65,19.31,0.024,3.34,3.11,0.019,0.23,0.124,188.0,192.4,4.69,419.8,438.1,420.0,433.2
0,0.74,0,4.27,2.61,19.3,0.022,3.66,3.43,0.017,0.23,0.116,188.0,192.4,4.67,419.7,437.3,420.0,433.2
0,0.72,0,4.27,2.48,19.4,0.023,3.31,3.08,0.018,0.23,0.121,188.0,192.4,4.72,419.9,436.8,420.1,434.2
0,0.71,0,4.28,2.64,19.35,0.024,3.38,3.15,0.018,0.23,0.124,188.1,192.4,4.63,420.0,437.0,419.8,433.9
0,0.74,0,4.32,2.66,19.38,0.023,3.48,3.25,0.018,0.23,0.121,188.0,192.4,4.66,420.2,437.0,420.1,434.1
0,0.73,0,4.29,2.71,19.36,0.023,3.11,2.88,0.018,0.23,0.123,188.1,192.4,4.69,420.4,437.0,420.1,434.1
0,0.72,0,4.2,2.68,19.37,0.023,3.99,3.76,0.018,0.23,0.122,188.0,192.4,4.7,420.3,437.0,420.0,433.8
0,0.73,0,4.22,2.66,19.38,0.024,3.46,3.23,0.019,0.23,0.127,188.0,192.4,4.71,420.1,437.0,420.0,433.8
0,0.73,0,4.25,2.57,19.37,0.024,2.89,2.66,0.018,0.23,0.123,188.0,192.4,4.64,420.1,437.0,420.0,434.3
0,0.73,0,4.27,2.71,19.31,0.024,3.22,2.99,0.018,0.23,0.123,188.0,192.4,4.68,420.1,437.0,420.1,434.4
0,0.71,0,4.28,2.7,19.31,0.024,3.06,2.83,0.018,0.23,0.123,188.0,192.4,4.65,420.0,437.1,419.8,434.3
0,0.74,0,4.31,2.74,19.37,0.024,3.18,2.95,0.019,0.23,0.128,188.0,192.4,4.71,419.9,436.7,419.9,434.2
0,0.75,0,4.3,2.63,19.38,0.023,2.63,2.4,0.018,0.23,0.121,188.0,192.4,4.65,419.7,436.7,420.0,433.8
0,0.74,0,4.3,2.68,19.39,0.022,3.12,2.89,0.017,0.23,0.115,188.0,192.4,4.67,419.9,436.1,420.0,434.5
0,0.74,0,4.29,2.61,19.38,0.022,2.99,2.76,0.017,0.23,0.118,188.0,192.4,4.67,420.0,436.2,420.1,434.6
0,0.74,0,4.3,2.67,19.36,0.023,2.91,2.68,0.018,0.23,0.12,188.0,192.4,4.71,420.1,436.2,420.0,434.1
0,0.72,0,4.27,2.73,19.37,0.024,3.23,3.0,0.019,0.23,0.126,188.0,192.4,4.72,420.1,436.3,420.1,434.7
0,0.74,0,4.25,2.66,19.36,0.025,4.08,3.85,0.02,0.23,0.132,188.0,192.4,4.61,420.2,436.1,420.0,434.6
0,0.71,0,4.27,2.63,19.33,0.023,3.18,2.95,0.018,0.23,0.122,188.0,192.4,4.65,420.1,436.3,419.9,434.4
0,0.73,0,4.27,2.68,19.38,0.023,3.03,2.8,0.018,0.23,0.123,188.0,192.4,4.68,420.1,436.7,420.0,434.3
0,0.72,0,4.21,2.68,19.38,0.023,2.84,2.61,0.018,0.23,0.121,188.0,192.4,4.68,420.0,436.1,420.0,434.5
0,0.73,0,4.32,2.64,19.36,0.024,3.12,2.88,0.018,0.23,0.123,188.0,192.4,4.7,420.0,436.2,420.2,434.3
0,0.73,0,4.25,2.62,19.37,0.024,2.72,2.49,0.019,0.23,0.125,188.0,192.4,4.64,419.9,436.8,420.0,434.5
0,0.72,0,4.28,2.64,19.31,0.022,2.33,2.1,0.017,0.23,0.117,188.1,192.4,4.59,420.0,435.7,420.0,434.4
0,0.72,0,4.25,2.71,19.31,0.022,2.98,2.75,0.016,0.23,0.113,188.0,192.4,4.68,420.1,435.6,420.1,435.0
0,0.72,0,4.28,2.73,19.34,0.025,3.2,2.97,0.02,0.23,0.133,188.1,192.4,4.71,420.3,435.6,420.0,434.7
0,0.69,0,4.23,2.69,19.32,0.024,3.46,3.23,0.019,0.23,0.126,188.1,192.5,4.69,420.1,436.2,420.0,434.3
0,0.71,0,4.3,2.61,19.37,0.023,3.07,2.84,0.018,0.23,0.121,188.1,192.4,4.73,419.9,436.5,420.0,434.6
0,0.69,0,4.3,2.75,19.35,0.022,2.89,2.66,0.017,0.23,0.115,188.1,192.5,4.67,419.8,436.5,419.9,434.7
0,0.72,0,4.3,2.63,19.29,0.022,2.91,2.68,0.017,0.23,0.115,188.1,192.5,4.63,419.9,436.9,420.0,434.6
0,0.71,0,4.31,2.67,19.35,0.024,3.42,3.19,0.018,0.23,0.124,188.1,192.5,4.73,419.9,436.7,419.8,435.1
0,0.72,0,4.3,2.69,19.33,0.025,3.48,3.25,0.019,0.23,0.129,188.1,192.5,4.66,420.0,437.2,420.0,434.5
0,0.71,0,4.31,2.62,19.35,0.025,3.57,3.34,0.02,0.23,0.131,188.1,192.5,4.74,420.2,437.4,420.1,434.7
0,0.72,0,4.31,2.66,19.32,0.025,3.33,3.1,0.02,0.23,0.131,188.1,192.5,4.68,420.2,437.3,420.0,435.3
0,0.72,0,4.29,2.71,19.31,0.024,2.95,2.72,0.019,0.23,0.126,188.1,192.5,4.64,420.2,437.4,420.2,434.9
0,0.73,0,4.27,2.68,19.32,0.022,3.28,3.05,0.017,0.23,0.116,188.1,192.5,4.62,420.0,437.3,420.0,434.4
0,0.72,0,4.29,2.62,19.34,0.022,3.31,3.08,0.017,0.23,0.118,188.0,192.5,4.7,419.9,437.2,420.0,434.8
0,0.74,0,4.22,2.67,19.32,0.022,3.36,3.13,0.017,0.23,0.117,188.0,192.5,4.68,419.7,437.3,420.0,435.6
0,0.72,0,4.28,2.68,19.31,0.023,3.67,3.44,0.018,0.23,0.121,188.1,192.5,4.67,419.9,437.3,420.0,435.6
0,0.74,0,4.31,2.74,19.32,0.024,3.32,3.09,0.019,0.23,0.124,188.1,192.5,4.67,419.9,437.3,420.0,435.1
0,0.73,0,4.28,2.76,19.31,0.024,2.81,2.58,0.018,0.23,0.123,188.0,192.4,4.62,420.0,437.5,420.0,434.9
0,0.73,0,4.28,2.82,19.35,0.023,3.18,2.95,0.018,0.23,0.122,188.1,192.4,4.69,420.0,437.4,420.0,434.8
0,0.72,0,4.26,2.63,19.35,0.025,3.18,2.95,0.02,0.23,0.131,188.0,192.4,4.66,420.3,437.3,419.9,434.9
0,0.74,0,4.27,2.69,19.32,0.025,2.96,2.73,0.02,0.23,0.131,188.1,192.5,4.7,420.3,437.6,420.0,434.8
0,0.72,0,4.25,2.67,19.35,0.024,2.89,2.66,0.019,0.23,0.128,188.1,192.5,4.66,420.1,437.5,420.1,435.1
0,0.72,0,4.3,2.69,19.37,0.023,2.78,2.55,0.018,0.23,0.123,188.0,192.4,4.7,420.0,437.9,420.0,435.5
0,0.72,0,4.3,2.75,19.35,0.023,2.81,2.58,0.017,0.23,0.118,188.1,192.4,4.73,419.9,437.3,420.0,435.8
0,0.72,0,4.26,2.67,19.3,0.023,2.64,2.41,0.018,0.23,0.121,188.1,192.5,4.66,420.0,437.3,420.1,435.5
0,0.73,0,4.26,2.67,19.37,0.023,3.17,2.94,0.018,0.23,0.119,188.1,192.4,4.64,420.1,437.0,420.0,435.1
0,0.74,0,4.26,2.64,19.37,0.023,3.58,3.35,0.018,0.23,0.122,188.1,192.5,4.68,420.2,437.1,420.1,435.3
0,0.72,0,4.27,2.69,19.3,0.023,3.12,2.89,0.018,0.23,0.122,188.1,192.5,4.63,420.1,437.3,420.0,435.0
0,0.73,0,4.27,2.65,19.32,0.024,3.71,3.48,0.019,0.23,0.125,188.1,192.5,4.69,420.1,437.9,419.8,435.7
0,0.72,0,4.28,2.6,19.3,0.024,3.33,3.1,0.019,0.23,0.127,188.1,192.5,4.68,420.0,437.8,420.0,435.4
0,0.73,0,4.29,2.67,19.37,0.024,2.99,2.76,0.019,0.23,0.126,188.1,192.5,4.63,419.8,437.8,420.0,435.5
0,0.73,0,4.3,2.63,19.34,0.024,3.63,3.4,0.019,0.23,0.124,188.1,192.5,4.68,419.8,437.7,420.0,435.6
0,0.73,0,4.25,2.59,19.35,0.023,3.26,3.03,0.018,0.23,0.12,188.1,192.5,4.72,419.9,437.8,420.0,436.2
0,0.72,0,4.26,2.64,19.37,0.023,2.75,2.52,0.017,0.23,0.119,188.0,192.3,4.65,420.1,437.9,420.0,435.5
0,0.72,0,4.25,2.63,19.32,0.024,2.89,2.66,0.019,0.23,0.125,188.1,192.5,4.61,420.2,438.6,420.0,435.7
0,0.73,0,4.27,2.68,19.33,0.024,2.72,2.49,0.018,0.23,0.124,188.1,192.5,4.68,420.2,437.7,419.8,434.6
0,0.74,0,4.22,2.6,19.37,0.023,3.29,3.06,0.018,0.23,0.122,188.0,192.3,4.71,420.1,437.9,420.0,434.8
0,0.74,0,4.24,2.63,19.37,0.023,3.14,2.91,0.018,0.23,0.122,188.1,192.5,4.62,420.0,437.7,420.1,434.8
0,0.72,0,4.26,2.63,19.37,0.024,3.12,2.89,0.019,0.23,0.125,188.1,192.4,4.68,419.9,437.4,420.0,434.8
0,0.73,0,4.29,2.63,19.33,0.025,3.47,3.24,0.02,0.23,0.13,188.1,192.4,4.63,419.9,437.6,420.0,435.5
0,0.72,0,4.23,2.7,19.33,0.023,3.24,3.0,0.018,0.23,0.122,188.1,192.5,4.68,420.1,437.9,420.0,434.9
0,0.74,0,4.3,2.68,19.32,0.022,3.6,3.37,0.017,0.23,0.115,188.0,192.3,4.64,420.2,437.5,420.0,434.5
0,0.72,0,4.26,2.68,19.31,0.023,3.01,2.78,0.018,0.23,0.121,188.0,192.3,4.62,420.3,437.7,420.0,434.8
0,0.74,0,4.27,2.64,19.36,0.023,3.12,2.89,0.018,0.23,0.12,188.0,192.3,4.7,420.1,438.0,420.0,434.8
0,0.74,0,4.27,2.63,19.33,0.023,3.5,3.27,0.018,0.23,0.121,188.1,192.5,4.62,420.0,437.6,419.9,434.8
0,0.73,0,4.28,2.68,19.37,0.024,2.76,2.53,0.018,0.23,0.123,188.1,192.5,4.65,419.8,437.5,420.0,434.8
0,0.72,0,4.29,2.59,19.38,0.023,3.44,3.21,0.018,0.23,0.122,188.0,192.3,4.68,419.7,437.4,420.1,434.9
0,0.75,0,4.23,2.69,19.31,0.024,3.03,2.8,0.019,0.23,0.126,188.0,192.3,4.62,419.8,437.3,420.0,434.9
0,0.74,0,4.26,2.69,19.31,0.023,3.38,3.15,0.018,0.23,0.121,187.9,192.3,4.58,419.9,437.7,420.1,434.7
0,0.73,0,4.27,2.74,19.37,0.024,2.88,2.65,0.019,0.23,0.128,188.0,192.3,4.65,419.9,437.3,420.0,435.5
0,0.73,0,4.31,2.68,19.31,0.024,3.05,2.82,0.019,0.23,0.126,188.0,192.3,4.6,419.9,437.3,420.0,435.2
0,0.73,0,4.31,2.5,19.36,0.023,3.1,2.87,0.018,0.23,0.12,187.9,192.4,4.68,419.9,436.8,420.0,434.8
0,0.72,0,4.27,2.73,19.32,0.024,3.32,3.09,0.018,0.23,0.124,188.0,192.3,4.67,420.2,437.1,420.1,435.3
0,0.72,0,4.26,2.68,19.31,0.023,3.18,2.95,0.017,0.23,0.119,187.9,192.4,4.66,420.3,436.9,420.0,435.4
0,0.72,0,4.31,2.71,19.31,0.023,3.62,3.39,0.018,0.23,0.122,188.0,192.4,4.68,420.0,437.4,420.1,434.7
0,0.71,0,4.31,2.57,19.31,0.024,3.84,3.61,0.018,0.23,0.125,188.0,192.3,4.68,419.9,437.5,420.1,434.7
0,0.72,0,4.27,2.62,19.31,0.024,3.8,3.58,0.019,0.23,0.127,187.9,192.4,4.64,419.7,437.6,420.1,435.2
0,0.73,0,4.31,2.69,19.32,0.023,3.24,3.01,0.017,0.23,0.118,187.9,192.3,4.7,419.9,438.4,420.0,435.5
0,0.72,0,4.28,2.57,19.32,0.023,3.38,3.15,0.018,0.23,0.12,187.9,192.3,4.68,419.9,439.1,420.1,435.2
0,0.75,0,4.31,2.7,19.36,0.023,3.65,3.42,0.018,0.23,0.122,188.0,192.3,4.64,420.0,439.2,420.1,435.3
0,0.76,0,4.27,2.72,19.37,0.024,3.19,2.96,0.019,0.23,0.126,187.9,192.3,4.64,419.9,439.5,419.9,435.4
0,0.76,0,4.33,2.65,19.37,0.023,2.84,2.61,0.018,0.23,0.121,188.0,192.3,4.66,420.0,439.4,420.0,435.3
0,0.77,0,4.25,2.67,19.39,0.023,2.68,2.45,0.018,0.23,0.122,187.9,192.3,4.68,420.2,439.4,420.0,435.3
0,0.75,0,4.29,2.72,19.37,0.022,2.74,2.51,0.017,0.23,0.116,187.9,192.3,4.71,420.3,439.4,420.1,435.1
0,0.78,0,4.26,2.63,19.39,0.024,2.89,2.66,0.019,0.23,0.125,187.9,192.3,4.71,420.2,439.4,419.9,435.6
0,0.75,0,4.23,2.59,19.35,0.023,3.74,3.51,0.018,0.23,0.121,188.0,192.3,4.65,420.1,439.4,420.0,435.9
0,0.74,0,4.25,2.67,19.32,0.024,3.73,3.5,0.018,0.23,0.123,188.0,192.4,4.6,420.0,439.5,420.0,435.8
0,0.75,0,4.29,2.69,19.38,0.024,3.26,3.03,0.019,0.23,0.125,187.9,192.4,4.63,419.8,439.6,420.0,435.6
0,0.74,0,4.28,2.32,19.3,0.025,3.41,3.18,0.02,0.23,0.131,188.0,192.3,4.6,419.8,439.5,420.0,436.2
0,0.75,0,4.25,2.61,19.37,0.025,3.64,3.41,0.019,0.23,0.129,187.9,192.3,4.65,419.8,439.6,420.0,435.9
0,0.76,0,4.22,2.51,19.36,0.024,2.69,2.46,0.019,0.23,0.128,188.0,192.3,4.68,419.9,439.4,420.0,435.7
0,0.76,0,4.25,2.72,19.39,0.023,2.82,2.58,0.018,0.23,0.12,188.0,192.4,4.68,419.9,439.5,419.9,436.2
0,0.73,0,4.22,2.64,19.31,0.022,3.06,2.83,0.016,0.23,0.114,187.9,192.4,4.61,420.0,439.2,420.0,435.8
0,0.71,0,4.23,2.7,19.32,0.022,2.71,2.48,0.017,0.23,0.118,188.0,192.4,4.61,420.2,438.7,420.0,435.8
0,0.71,0,4.24,2.68,19.32,0.023,3.03,2.8,0.017,0.23,0.119,188.0,192.4,4.67,420.4,438.7,420.0,436.5
0,0.72,0,4.29,2.66,19.31,0.023,3.32,3.09,0.018,0.23,0.122,188.0,192.4,4.66,420.3,439.4,420.0,436.2
0,0.72,0,4.23,2.39,19.31,0.025,3.04,2.81,0.019,0.23,0.129,188.0,192.4,4.64,420.1,438.6,420.0,436.3
0,0.74,0,4.21,2.6,19.37,0.025,3.0,2.77,0.02,0.23,0.131,188.0,192.4,4.7,420.0,438.9,419.9,436.3
0,0.73,0,4.28,2.68,19.32,0.024,2.72,2.49,0.019,0.23,0.125,188.0,192.4,4.62,419.8,438.7,420.0,436.2
0,0.72,0,4.23,2.75,19.32,0.023,3.41,3.18,0.018,0.23,0.122,188.0,192.4,4.61,419.8,438.8,420.0,435.7
0,0.73,0,4.24,2.66,19.32,0.022,3.24,3.01,0.017,0.23,0.116,188.0,192.4,4.67,419.9,439.2,420.0,436.1
0,0.73,0,4.26,2.66,19.31,0.024,3.47,3.24,0.019,0.23,0.127,188.0,192.4,4.64,420.2,438.7,420.1,435.8
0,0.74,0,4.25,2.62,19.4,0.024,3.33,3.1,0.019,0.23,0.127,188.0,192.5,4.66,420.3,438.8,420.1,436.2
0,0.76,0,4.29,2.66,19.41,0.025,3.48,3.25,0.019,0.23,0.129,188.0,192.5,4.64,420.2,438.7,420.0,436.0
0,0.74,0,4.27,2.63,19.33,0.024,3.71,3.48,0.019,0.23,0.128,188.1,192.5,4.67,420.0,438.8,420.1,435.8
0,0.74,0,4.24,2.62,19.36,0.024,3.59,3.36,0.019,0.23,0.125,188.0,192.5,4.64,419.9,438.7,420.0,436.2
0,0.75,0,4.26,2.63,19.37,0.024,3.3,3.07,0.018,0.23,0.124,188.1,192.5,4.65,419.8,438.3,420.0,436.5
0,0.73,0,4.26,2.69,19.32,0.024,2.7,2.47,0.018,0.23,0.123,188.1,192.5,4.6,419.8,438.4,420.3,436.0
0,0.74,0,4.27,2.64,19.37,0.021,2.79,2.56,0.016,0.23,0.112,188.1,192.5,4.64,419.9,438.3,420.0,435.8
0,0.73,0,4.23,2.67,19.37,0.022,2.92,2.69,0.017,0.23,0.118,188.1,192.5,4.69,420.0,438.8,420.0,435.7
0,0.73,0,4.28,2.68,19.34,0.022,3.0,2.77,0.017,0.23,0.118,188.1,192.5,4.61,420.0,438.2,420.1,435.6
0,0.74,0,4.28,2.72,19.33,0.023,3.09,2.86,0.018,0.23,0.122,188.1,192.5,4.7,420.1,438.5,420.0,435.6
0,0.7,0,4.26,2.7,19.32,0.024,3.19,2.96,0.019,0.23,0.128,188.1,192.5,4.69,420.2,438.8,420.1,435.9
0,0.73,0,4.29,2.66,19.33,0.025,3.09,2.86,0.02,0.23,0.131,187.9,192.4,4.7,420.1,438.5,420.1,436.2
0,0.72,0,4.28,2.64,19.34,0.024,2.48,2.25,0.019,0.23,0.125,188.1,192.5,4.66,420.0,438.9,420.1,435.9
0,0.73,0,4.28,2.67,19.31,0.023,3.61,3.38,0.018,0.23,0.122,188.1,192.5,4.63,419.9,438.2,420.0,436.0
0,0.73,0,4.27,2.68,19.29,0.024,3.2,2.97,0.019,0.23,0.125,187.9,192.5,4.62,419.8,438.7,419.8,436.3
0,0.74,0,4.2,2.65,19.31,0.024,2.97,2.74,0.018,0.23,0.125,188.0,192.5,4.6,419.9,438.5,419.9,436.5
0,0.71,0,4.29,2.62,19.32,0.023,2.62,2.39,0.018,0.23,0.12,187.9,192.4,4.71,419.9,438.7,420.0,436.6
0,0.72,0,4.28,2.65,19.29,0.021,3.38,3.15,0.016,0.23,0.11,187.9,192.4,4.66,419.9,439.1,420.0,436.5
0,0.72,0,4.27,2.74,19.31,0.024,3.56,3.33,0.018,0.23,0.124,188.0,192.4,4.62,420.1,438.5,420.0,436.4
0,0.73,0,4.19,2.65,19.38,0.025,2.97,2.74,0.02,0.23,0.132,188.0,192.4,4.67,420.1,438.6,420.0,436.2
0,0.73,0,4.2,2.8,19.37,0.024,3.46,3.23,0.019,0.23,0.126,188.0,192.4,4.69,420.2,438.6,419.9,436.2
0,0.73,0,4.26,2.71,19.37,0.024,3.64,3.41,0.019,0.23,0.127,188.0,192.4,4.72,420.3,438.4,420.0,436.5
0,0.7,0,4.24,2.69,19.34,0.023,3.44,3.21,0.018,0.23,0.123,187.9,192.4,4.68,420.0,438.1,420.0,436.8
0,0.71,0,4.28,2.67,19.29,0.023,2.77,2.54,0.018,0.23,0.121,187.9,192.4,4.66,419.9,438.1,420.0,436.9
0,0.7,0,4.28,2.64,19.31,0.023,3.12,2.89,0.018,0.23,0.121,187.9,192.4,4.65,419.8,437.8,420.0,436.5
0,0.71,0,4.24,2.77,19.31,0.024,3.01,2.78,0.019,0.23,0.127,187.9,192.3,4.61,419.8,437.8,419.9,436.4
0,0.72,0,4.28,2.7,19.31,0.024,3.31,3.08,0.019,0.23,0.126,188.0,192.4,4.69,419.8,437.8,419.9,436.3
0,0.71,0,4.3,2.69,19.31,0.023,2.71,2.48,0.018,0.23,0.12,188.0,192.4,4.64,419.9,437.8,420.0,435.9
0,0.7,0,4.33,2.72,19.29,0.022,3.13,2.9,0.017,0.23,0.117,187.9,192.4,4.64,419.9,438.0,420.0,436.4
0,0.71,0,4.31,2.67,19.34,0.023,3.02,2.79,0.018,0.23,0.119,188.0,192.4,4.72,420.0,437.7,420.1,436.6
0,0.72,0,4.26,2.7,19.35,0.022,3.76,3.53,0.017,0.23,0.117,187.9,192.4,4.64,420.1,437.6,420.0,436.4
0,0.72,0,4.29,2.68,19.37,0.024,3.64,3.41,0.019,0.23,0.125,187.9,192.4,4.68,420.1,437.8,420.0,436.1
0,0.72,0,4.31,2.69,19.37,0.025,3.0,2.77,0.019,0.23,0.129,188.0,192.4,4.7,420.2,437.7,420.0,435.8
0,0.72,0,4.3,2.68,19.31,0.024,2.88,2.65,0.019,0.23,0.127,188.0,192.4,4.64,420.1,437.7,420.0,435.9
0,0.71,0,4.26,2.49,19.26,0.024,3.45,3.22,0.019,0.23,0.126,187.9,192.3,4.66,419.9,438.1,420.0,435.7
0,0.71,0,4.27,2.72,19.31,0.022,3.21,2.98,0.016,0.23,0.114,188.0,192.3,4.6,419.9,437.8,420.0,436.1
0,0.71,0,4.28,2.69,19.31,0.022,3.3,3.07,0.016,0.23,0.113,187.9,192.3,4.68,419.9,437.5,420.0,436.0
0,0.71,0,4.32,2.66,19.32,0.022,3.03,2.8,0.016,0.23,0.114,187.9,192.3,4.68,420.0,437.5,420.0,435.6
0,0.69,0,4.31,2.69,19.3,0.023,3.16,2.93,0.017,0.23,0.119,187.9,192.3,4.68,420.0,437.7,420.1,436.0
0,0.72,0,4.29,2.66,19.34,0.024,3.77,3.54,0.019,0.23,0.127,187.9,192.3,4.62,420.2,437.6,420.0,435.8
0,0.72,0,4.27,2.67,19.32,0.025,3.07,2.84,0.02,0.23,0.133,187.9,192.3,4.69,420.3,436.5,420.0,435.8
0,0.72,0,4.29,2.65,19.37,0.025,2.89,2.66,0.019,0.23,0.129,187.9,192.3,4.64,420.1,436.8,420.0,435.6
0,0.72,0,4.29,2.67,19.32,0.023,2.92,2.69,0.017,0.23,0.119,188.0,192.3,4.68,420.0,437.0,420.0,435.7
0,0.72,0,4.28,2.65,19.31,0.022,2.83,2.6,0.017,0.23,0.115,188.0,192.3,4.65,419.9,436.7,420.0,435.6
0,0.71,0,4.29,2.66,19.34,0.023,2.79,2.56,0.018,0.23,0.119,187.9,192.3,4.64,419.8,436.8,419.9,436.5
0,0.71,0,4.28,2.65,19.32,0.023,3.55,3.32,0.018,0.23,0.122,187.9,192.3,4.71,419.9,436.5,419.8,436.2
0,0.7,0,4.3,2.69,19.34,0.024,3.33,3.1,0.018,0.23,0.124,187.9,192.3,4.71,419.9,436.8,420.0,435.8
0,0.72,0,4.26,2.71,19.32,0.024,3.7,3.47,0.019,0.23,0.126,187.9,192.3,4.65,420.0,436.9,420.0,435.9
0,0.71,0,4.28,2.67,19.35,0.024,3.41,3.18,0.019,0.23,0.125,187.9,192.3,4.72,420.1,436.9,420.1,435.7
0,0.72,0,4.3,2.68,19.35,0.024,3.09,2.86,0.019,0.23,0.125,187.9,192.3,4.67,420.0,436.9,419.9,436.2
0,0.73,0,4.29,2.72,19.32,0.023,2.81,2.58,0.018,0.23,0.121,187.9,192.4,4.63,420.0,437.3,420.1,435.8
0,0.72,0,4.3,2.63,19.32,0.023,3.02,2.79,0.018,0.23,0.123,188.0,192.3,4.72,419.9,437.4,419.9,436.0
0,0.72,0,4.31,2.66,19.31,0.023,3.52,3.29,0.018,0.23,0.122,188.0,192.3,4.67,419.6,437.5,420.1,435.7
0,0.74,0,4.25,2.65,19.38,0.023,3.22,2.99,0.018,0.23,0.121,187.9,192.3,4.71,419.7,437.8,420.0,435.8
0,0.71,0,4.24,2.68,19.31,0.023,3.29,3.06,0.018,0.23,0.119,187.9,192.3,4.69,419.9,437.1,420.0,435.5
0,0.71,0,4.25,2.71,19.31,0.023,3.05,2.82,0.018,0.23,0.12,188.0,192.3,4.65,420.0,437.3,420.1,435.3
0,0.71,0,4.32,2.74,19.32,0.023,3.18,2.95,0.018,0.23,0.12,188.0,192.3,4.62,420.0,437.2,420.1,435.6
0,0.72,0,4.24,2.76,19.31,0.023,2.88,2.65,0.018,0.23,0.122,187.9,192.3,4.62,420.3,437.5,420.0,435.6
0,0.74,0,4.27,2.69,19.35,0.024,3.3,3.07,0.018,0.23,0.124,188.0,192.3,4.69,420.0,437.2,420.1,435.8
0,0.72,0,4.26,2.68,19.33,0.024,2.96,2.73,0.019,0.23,0.125,187.9,192.3,4.64,420.0,437.3,420.1,435.7
0,0.71,0,4.28,2.69,19.31,0.025,2.85,2.62,0.02,0.23,0.133,187.9,192.3,4.62,419.9,436.8,420.0,436.2
0,0.74,0,4.26,2.65,19.37,0.024,2.89,2.66,0.019,0.23,0.127,187.9,192.3,4.66,419.7,436.8,420.1,435.7
0,0.7,0,4.21,2.69,19.31,0.024,2.89,2.66,0.019,0.23,0.125,187.9,192.3,4.65,419.7,436.8,420.1,435.6
0,0.73,0,4.29,2.66,19.33,0.023,3.03,2.8,0.018,0.23,0.121,187.9,192.3,4.68,419.9,436.6,420.0,435.7
0,0.72,0,4.3,2.58,19.31,0.022,2.71,2.48,0.017,0.23,0.115,187.9,192.3,4.65,420.0,436.8,420.0,435.6
0,0.71,0,4.29,2.67,19.33,0.023,3.57,3.34,0.017,0.23,0.118,187.9,192.3,4.66,420.0,437.2,420.2,435.4
0,0.72,0,4.29,2.43,19.35,0.023,3.26,3.03,0.017,0.23,0.12,187.9,192.3,4.69,420.1,436.8,420.1,435.7
0,0.72,0,4.25,2.69,19.31,0.024,3.07,2.84,0.018,0.23,0.124,187.9,192.3,4.65,420.2,437.4,420.0,435.5
0,0.7,0,4.31,2.63,19.31,0.024,3.13,2.9,0.019,0.23,0.124,187.9,192.2,4.64,420.1,436.6,419.9,435.8
0,0.72,0,4.24,2.63,19.31,0.024,3.62,3.39,0.019,0.23,0.126,187.9,192.2,4.6,420.1,436.3,420.0,435.8
0,0.71,0,4.21,2.63,19.3,0.024,3.11,2.88,0.019,0.23,0.128,187.9,192.2,4.61,420.0,437.1,420.0,436.1
0,0.71,0,4.22,2.69,19.33,0.023,3.04,2.81,0.018,0.23,0.121,187.9,192.3,4.69,420.0,438.1,419.9,435.7
0,0.73,0,4.26,2.74,19.31,0.023,2.77,2.54,0.018,0.23,0.122,187.9,192.3,4.64,420.0,437.8,420.1,435.6
0,0.74,0,4.29,2.66,19.33,0.023,3.05,2.82,0.018,0.23,0.122,187.9,192.2,4.62,420.2,437.8,420.0,435.6
0,0.74,0,4.28,2.45,19.4,0.024,3.45,3.22,0.018,0.23,0.123,187.9,192.3,4.66,420.4,437.8,420.0,435.9
0,0.75,0,4.26,2.69,19.35,0.024,3.03,2.8,0.019,0.23,0.126,187.9,192.3,4.66,420.3,438.2,420.0,435.7
0,0.73,0,4.3,2.64,19.32,0.024,2.78,2.55,0.018,0.23,0.124,187.9,192.3,4.64,420.1,438.5,420.0,435.2
0,0.74,0,4.27,2.72,19.32,0.023,2.76,2.53,0.018,0.23,0.119,187.9,192.3,4.62,420.0,438.6,420.0,435.3
0,0.75,0,4.3,2.64,19.38,0.022,2.8,2.57,0.017,0.23,0.117,187.9,192.3,4.68,419.9,438.1,420.0,435.3
0,0.73,0,4.26,2.65,19.37,0.023,3.03,2.8,0.017,0.23,0.119,187.9,192.3,4.68,419.9,438.1,420.0,435.5
0,0.72,0,4.24,2.72,19.31,0.024,3.03,2.8,0.018,0.23,0.124,187.9,192.3,4.66,419.8,438.2,420.0,435.5
0,0.75,0,4.22,2.6,19.35,0.023,2.98,2.75,0.018,0.23,0.12,187.9,192.3,4.72,419.9,438.1,420.0,435.2
0,0.72,0,4.25,2.65,19.33,0.024,3.24,3.01,0.019,0.23,0.126,187.9,192.3,4.63,419.9,438.1,420.0,435.6
0,0.72,0,4.19,2.68,19.31,0.025,3.52,3.29,0.019,0.23,0.129,187.9,192.3,4.63,420.0,438.9,420.1,435.6
0,0.75,0,4.26,2.63,19.37,0.024,3.02,2.79,0.019,0.23,0.128,187.9,192.3,4.68,420.0,438.8,420.0,435.3
0,0.75,0,4.25,2.69,19.37,0.022,2.82,2.59,0.017,0.23,0.116,187.9,192.3,4.7,419.8,438.8,420.0,435.2
0,0.74,0,4.27,2.74,19.37,0.022,2.5,2.27,0.017,0.23,0.116,187.9,192.3,4.68,419.7,438.7,420.1,435.4
0,0.74,0,4.27,2.66,19.38,0.023,2.84,2.61,0.017,0.23,0.119,187.9,192.3,4.73,419.8,438.6,420.0,435.2
0,0.74,0,4.19,2.73,19.37,0.024,2.63,2.4,0.019,0.23,0.126,187.9,192.3,4.62,419.9,438.5,420.0,435.4
0,0.73,0,4.28,2.71,19.31,0.024,3.22,3.0,0.019,0.23,0.127,187.9,192.3,4.65,420.2,438.6,420.1,435.4
0,0.72,0,4.27,2.41,19.37,0.023,3.25,3.02,0.018,0.23,0.122,187.9,192.3,4.66,420.1,438.5,419.9,436.1
0,0.73,0,4.17,2.71,19.33,0.023,3.07,2.84,0.017,0.23,0.119,187.9,192.3,4.68,420.0,438.7,420.1,435.7
0,0.74,0,4.27,2.63,19.38,0.023,2.91,2.68,0.018,0.23,0.119,187.9,192.3,4.72,420.0,438.6,420.0,436.1
0,0.73,0,4.23,2.73,19.36,0.023,3.23,3.0,0.018,0.23,0.122,187.9,192.3,4.65,419.8,438.6,420.0,435.8
0,0.73,0,4.27,2.66,19.31,0.024,3.17,2.94,0.019,0.23,0.126,187.9,192.3,4.62,419.8,438.5,419.9,435.6
0,0.73,0,4.27,2.71,19.32,0.023,2.79,2.56,0.018,0.23,0.122,187.9,192.3,4.7,419.8,439.0,420.0,435.8
0,0.72,0,4.25,2.67,19.31,0.023,2.86,2.63,0.017,0.23,0.118,187.9,192.3,4.66,420.0,438.6,420.0,436.1
0,0.72,0,4.31,2.63,19.34,0.023,3.31,3.08,0.017,0.23,0.118,187.9,192.3,4.65,420.0,438.5,420.0,435.7
0,0.74,0,4.28,2.66,19.37,0.025,3.35,3.12,0.02,0.23,0.132,187.9,192.3,4.72,420.2,438.7,420.0,436.0
0,0.73,0,4.29,2.7,19.37,0.025,3.61,3.38,0.02,0.23,0.13,187.9,192.3,4.64,420.3,438.6,420.0,435.7
0,0.74,0,4.27,2.66,19.37,0.024,3.68,3.45,0.019,0.23,0.126,187.9,192.3,4.66,420.1,438.6,420.0,435.7
0,0.74,0,4.27,2.71,19.37,0.023,3.32,3.09,0.018,0.23,0.123,188.0,192.3,4.68,420.0,438.6,419.9,435.7
0,0.74,0,4.3,2.67,19.4,0.023,3.14,2.91,0.018,0.23,0.121,188.0,192.3,4.68,420.0,438.7,420.0,436.0
0,0.74,0,4.23,2.73,19.35,0.022,2.34,2.11,0.017,0.23,0.117,188.0,192.4,4.68,419.9,438.5,420.0,436.0
0,0.74,0,4.3,2.65,19.35,0.022,2.85,2.62,0.016,0.23,0.113,188.0,192.4,4.66,419.9,438.6,419.9,436.0
0,0.73,0,4.28,2.51,19.33,0.023,2.99,2.76,0.017,0.23,0.119,187.9,192.4,4.68,420.0,439.0,420.0,436.0
0,0.74,0,4.29,2.5,19.31,0.023,3.17,2.94,0.018,0.23,0.121,187.9,192.4,4.66,420.0,438.2,420.0,436.0
0,0.74,0,4.26,2.59,19.38,0.023,2.98,2.75,0.018,0.23,0.123,188.0,192.4,4.71,420.1,438.3,420.0,436.6
0,0.72,0,4.32,2.62,19.31,0.024,2.95,2.72,0.019,0.23,0.128,188.0,192.4,4.63,420.1,438.6,420.1,436.6
0,0.72,0,4.33,2.68,19.34,0.024,3.13,2.9,0.019,0.23,0.127,188.0,192.4,4.63,420.1,438.5,420.0,436.4
0,0.72,0,4.3,2.68,19.35,0.024,2.74,2.51,0.018,0.23,0.124,188.0,192.4,4.67,419.9,438.5,420.0,436.4
0,0.72,0,4.26,2.59,19.31,0.021,2.52,2.29,0.015,0.23,0.108,188.0,192.4,4.66,420.2,438.5,420.1,436.2
0,0.72,0,4.26,2.63,19.32,0.022,3.4,3.17,0.017,0.23,0.114,188.0,192.4,4.62,420.1,439.0,420.0,436.1
0,0.75,0,4.32,2.74,19.38,0.023,3.72,3.49,0.017,0.23,0.119,188.0,192.3,4.67,420.0,438.1,420.0,436.5
0,0.74,0,4.31,2.69,19.31,0.025,3.82,3.59,0.02,0.23,0.132,188.0,192.3,4.61,419.9,438.8,420.0,436.5
0,0.74,0,4.31,2.66,19.38,0.025,3.13,2.9,0.019,0.23,0.129,188.0,192.3,4.7,419.8,438.5,420.1,436.1
0,0.72,0,4.31,2.63,19.32,0.024,3.86,3.63,0.019,0.23,0.128,188.0,192.3,4.65,419.7,439.2,420.1,436.2
0,0.74,0,4.29,2.68,19.31,0.024,3.51,3.28,0.018,0.23,0.124,188.0,192.3,4.59,419.8,437.9,420.1,436.5
0,0.73,0,4.28,2.71,19.34,0.023,3.53,3.3,0.018,0.23,0.12,187.9,192.3,4.66,420.0,437.7,420.0,435.8
0,0.72,0,4.26,2.71,19.29,0.024,3.42,3.19,0.019,0.23,0.128,188.0,192.3,4.62,420.0,437.8,420.0,436.0
0,0.74,0,4.3,2.68,19.32,0.024,2.93,2.7,0.019,0.23,0.126,187.9,192.3,4.65,420.1,438.1,420.1,436.1
0,0.71,0,4.32,2.65,19.32,0.023,3.23,3.0,0.018,0.23,0.12,187.9,192.3,4.64,420.1,437.7,420.1,436.0
0,0.7,0,4.29,2.72,19.35,0.022,3.16,2.93,0.017,0.23,0.115,188.0,192.3,4.7,419.9,437.7,420.0,436.4
0,0.72,0,4.32,2.68,19.35,0.023,3.02,2.79,0.017,0.23,0.118,187.9,192.3,4.65,419.7,437.8,420.1,436.1
0,0.72,0,4.29,2.66,19.35,0.025,2.83,2.6,0.019,0.23,0.129,188.0,192.3,4.72,419.9,437.7,420.0,436.6
0,0.72,0,4.28,2.59,19.29,0.023,3.76,3.53,0.018,0.23,0.119,188.0,192.4,4.67,420.0,437.7,420.0,436.6
0,0.73,0,4.27,2.72,19.36,0.023,3.1,2.87,0.018,0.23,0.12,187.9,192.3,4.71,420.1,436.9,419.9,436.2
0,0.72,0,4.28,2.71,19.34,0.023,2.61,2.38,0.018,0.23,0.123,188.0,192.3,4.64,420.0,436.9,420.0,436.6
0,0.72,0,4.3,2.68,19.35,0.021,2.98,2.75,0.016,0.23,0.112,188.0,192.3,4.7,419.9,437.1,419.9,436.6
0,0.73,0,4.32,2.68,19.34,0.023,3.46,3.23,0.018,0.23,0.122,187.9,192.3,4.64,419.7,437.0,420.1,436.7
0,0.72,0,4.32,2.69,19.35,0.023,3.57,3.34,0.018,0.23,0.12,188.0,192.4,4.65,420.1,436.8,420.0,436.6
0,0.71,0,4.33,2.65,19.31,0.023,3.16,2.93,0.018,0.23,0.122,187.9,192.3,4.62,420.1,437.1,420.0,436.2
0,0.72,0,4.32,2.7,19.31,0.023,2.88,2.65,0.018,0.23,0.12,187.9,192.3,4.68,420.0,437.2,420.0,436.1
0,0.72,0,4.32,2.67,19.31,0.022,2.71,2.48,0.017,0.23,0.118,187.9,192.3,4.66,419.8,437.1,419.9,436.8
0,0.72,0,4.27,2.64,19.32,0.023,3.5,3.27,0.018,0.23,0.122,187.9,192.3,4.64,419.9,436.8,420.1,436.8
0,0.72,0,4.32,2.7,19.31,0.023,3.31,3.08,0.018,0.23,0.123,187.9,192.3,4.63,420.0,437.1,420.0,436.9
0,0.71,0,4.29,2.64,19.31,0.022,3.44,3.21,0.016,0.23,0.114,187.9,192.3,4.58,420.1,437.2,420.0,436.4
0,0.71,0,4.34,2.66,19.38,0.023,3.08,2.85,0.018,0.23,0.121,187.9,192.3,4.65,420.2,437.0,419.9,436.8
0,0.72,0,4.3,2.71,19.31,0.023,3.79,3.56,0.018,0.23,0.123,187.9,192.3,4.6,420.2,437.2,419.9,436.2
0,0.71,0,4.29,2.65,19.32,0.025,3.21,2.98,0.019,0.23,0.128,187.9,192.3,4.68,420.1,437.1,419.9,436.2
0,0.71,0,4.29,2.66,19.34,0.023,3.33,3.1,0.018,0.23,0.122,187.9,192.3,4.66,419.9,437.3,419.9,436.8
0,0.7,0,4.25,2.63,19.29,0.024,3.22,2.99,0.019,0.23,0.126,187.9,192.3,4.64,419.8,437.7,420.2,436.7
0,0.72,0,4.26,2.63,19.38,0.024,2.91,2.68,0.019,0.23,0.124,187.9,192.3,4.68,419.8,437.5,420.1,436.6
0,0.72,0,4.24,2.63,19.31,0.023,3.54,3.31,0.018,0.23,0.121,187.9,192.3,4.62,419.9,437.8,420.0,436.4
0,0.73,0,4.26,2.71,19.36,0.023,3.15,2.92,0.018,0.23,0.122,187.9,192.3,4.7,420.0,438.0,420.0,435.9
0,0.75,0,4.31,2.6,19.4,0.023,3.65,3.42,0.018,0.23,0.122,187.9,192.2,4.69,420.0,438.6,420.0,436.2
0,0.75,0,4.29,2.69,19.39,0.024,3.35,3.12,0.019,0.23,0.126,187.9,192.3,4.7,420.1,438.8,419.9,436.4
0,0.76,0,4.29,2.72,19.38,0.024,3.05,2.82,0.019,0.23,0.127,187.9,192.2,4.69,420.3,438.8,420.0,436.5
0,0.75,0,4.24,2.69,19.37,0.023,2.91,2.68,0.018,0.23,0.122,187.9,192.3,4.71,420.2,438.8,420.0,436.8
0,0.77,0,4.27,2.65,19.35,0.024,2.95,2.72,0.018,0.23,0.123,187.9,192.3,4.62,420.0,439.0,420.0,436.8
0,0.75,0,4.28,2.58,19.37,0.023,4.03,3.8,0.018,0.23,0.123,187.9,192.3,4.68,420.0,438.4,420.0,436.7
0,0.75,0,4.32,2.66,19.33,0.025,3.6,3.37,0.02,0.23,0.13,187.9,192.3,4.59,419.9,438.3,420.0,436.8
0,0.75,0,4.27,2.74,19.32,0.024,3.07,2.84,0.018,0.23,0.124,187.9,192.3,4.68,419.9,439.0,420.0,436.4
0,0.75,0,4.29,2.67,19.37,0.023,3.28,3.05,0.018,0.23,0.121,187.9,192.3,4.65,420.0,438.8,420.0,436.8
0,0.75,0,4.29,2.69,19.38,0.023,3.08,2.85,0.018,0.23,0.12,187.9,192.3,4.68,420.0,438.6,420.0,436.8
0,0.75,0,4.28,2.44,19.38,0.022,3.43,3.2,0.017,0.23,0.117,187.9,192.3,4.68,419.9,439.4,420.0,435.8
0,0.74,0,4.28,2.46,19.32,0.023,3.43,3.2,0.018,0.23,0.12,187.9,192.3,4.63,419.8,439.2,420.1,436.6
0,0.75,0,4.23,2.66,19.36,0.024,3.18,2.95,0.018,0.23,0.124,187.9,192.3,4.69,419.7,440.2,419.9,436.4
0,0.75,0,4.29,2.77,19.4,0.025,3.41,3.18,0.02,0.23,0.131,187.9,192.3,4.69,419.7,439.1,419.9,436.7
0,0.73,0,4.27,2.62,19.31,0.026,3.32,3.09,0.02,0.23,0.134,187.9,192.3,4.68,420.0,439.9,419.9,436.4
0,0.77,0,4.26,2.66,19.37,0.024,3.01,2.78,0.019,0.23,0.127,187.9,192.3,4.62,420.1,439.7,419.9,436.6
0,0.74,0,4.28,2.61,19.31,0.022,3.41,3.18,0.017,0.23,0.117,187.9,192.3,4.66,420.1,439.9,419.9,436.8
0,0.76,0,4.2,2.63,19.32,0.022,3.66,3.43,0.017,0.23,0.117,187.9,192.3,4.6,419.9,439.5,420.0,436.8
0,0.75,0,4.29,2.69,19.37,0.023,3.42,3.19,0.018,0.23,0.121,187.9,192.3,4.65,419.8,439.9,420.0,436.5
0,0.76,0,4.27,2.71,19.35,0.024,2.97,2.74,0.019,0.23,0.126,187.9,192.3,4.67,419.8,439.5,419.9,436.2
0,0.74,0,4.29,2.6,19.35,0.024,2.87,2.64,0.019,0.23,0.124,187.9,192.3,4.67,420.0,439.6,420.0,436.9
0,0.75,0,4.29,2.63,19.37,0.024,3.01,2.78,0.019,0.23,0.126,188.0,192.3,4.65,420.2,439.8,420.1,436.6
0,0.72,0,4.28,2.5,19.38,0.024,3.12,2.89,0.019,0.23,0.127,187.9,192.3,4.68,420.1,439.9,420.1,436.5
0,0.73,0,4.28,2.76,19.31,0.024,3.39,3.16,0.019,0.23,0.126,187.9,192.3,4.66,420.1,439.5,420.0,436.5
0,0.75,0,4.29,2.65,19.35,0.024,3.55,3.32,0.018,0.23,0.124,187.9,192.3,4.61,420.0,439.7,419.8,436.6
0,0.74,0,4.3,2.68,19.35,0.024,3.78,3.55,0.018,0.23,0.124,188.0,192.3,4.66,419.9,439.5,420.0,436.1
0,0.73,0,4.26,2.77,19.29,0.023,3.35,3.12,0.018,0.23,0.122,188.0,192.3,4.64,419.9,439.4,420.0,435.9
0,0.74,0,4.29,2.68,19.31,0.023,3.0,2.77,0.018,0.23,0.122,188.0,192.3,4.61,420.0,439.7,419.9,436.2
0,0.74,0,4.3,2.72,19.38,0.023,3.15,2.92,0.018,0.23,0.12,188.0,192.3,4.68,420.1,439.6,419.9,436.0
0,0.75,0,4.29,2.75,19.31,0.024,3.04,2.81,0.018,0.23,0.124,188.0,192.3,4.61,420.2,440.2,420.0,436.2
0,0.74,0,4.26,2.69,19.36,0.024,3.84,3.61,0.018,0.23,0.124,188.0,192.3,4.67,420.2,439.9,420.0,435.9
0,0.72,0,4.26,2.71,19.34,0.025,3.91,3.68,0.02,0.23,0.131,188.0,192.3,4.63,420.1,440.1,420.0,436.4
0,0.74,0,4.25,2.67,19.32,0.024,2.93,2.7,0.019,0.23,0.127,188.0,192.3,4.62,420.0,440.1,420.0,436.2
0,0.75,0,4.31,2.62,19.38,0.023,3.64,3.41,0.018,0.23,0.122,188.0,192.4,4.67,420.0,439.9,420.0,436.7
0,0.73,0,4.3,2.71,19.35,0.024,3.04,2.81,0.018,0.23,0.124,187.9,192.3,4.72,420.1,440.0,420.1,436.8
0,0.74,0,4.29,2.62,19.33,0.024,2.97,2.74,0.019,0.23,0.125,188.0,192.3,4.64,420.3,439.7,420.0,436.5
0,0.74,0,4.29,2.7,19.31,0.022,2.71,2.48,0.017,0.23,0.117,188.0,192.3,4.62,420.3,439.5,420.1,436.6
0,0.73,0,4.28,2.66,19.32,0.023,3.01,2.78,0.018,0.23,0.119,188.0,192.3,4.68,420.0,438.8,420.1,436.4
0,0.71,0,4.22,2.68,19.31,0.023,2.96,2.73,0.018,0.23,0.12,188.0,192.3,4.69,419.8,439.2,420.1,436.5
0,0.73,0,4.3,2.72,19.31,0.024,3.38,3.15,0.018,0.23,0.124,188.0,192.3,4.64,419.7,439.2,419.9,436.5
0,0.7,0,4.3,2.68,19.31,0.025,3.48,3.25,0.02,0.23,0.131,188.0,192.3,4.63,419.7,439.2,420.0,436.7
0,0.72,0,4.28,2.71,19.37,0.025,2.98,2.75,0.02,0.23,0.133,187.9,192.3,4.68,419.8,439.4,420.1,436.4
0,0.72,0,4.29,2.72,19.31,0.024,2.95,2.72,0.019,0.23,0.126,187.9,192.3,4.62,419.9,439.0,420.0,436.4
0,0.73,0,4.28,2.66,19.37,0.024,2.89,2.66,0.018,0.23,0.124,188.1,192.4,4.72,420.0,439.1,420.2,436.7
0,0.73,0,4.28,2.65,19.34,0.023,3.0,2.78,0.017,0.23,0.118,187.9,192.3,4.64,420.2,439.6,419.9,436.6
0,0.73,0,4.29,2.66,19.3,0.022,2.77,2.54,0.017,0.23,0.117,188.0,192.4,4.62,420.3,439.9,420.1,436.5
0,0.73,0,4.28,2.69,19.35,0.023,2.83,2.6,0.018,0.23,0.12,187.9,192.3,4.7,420.1,439.6,420.0,436.6
0,0.74,0,4.28,2.73,19.35,0.022,2.73,2.5,0.017,0.23,0.116,187.9,192.3,4.62,420.1,439.9,420.0,436.4
0,0.72,0,4.28,2.67,19.35,0.023,3.15,2.92,0.018,0.23,0.123,188.0,192.3,4.66,420.0,439.6,420.0,436.6
0,0.72,0,4.29,2.68,19.37,0.024,3.6,3.37,0.019,0.23,0.128,187.9,192.3,4.69,419.9,439.8,420.0,436.7
0,0.73,0,4.32,2.59,19.39,0.025,3.14,2.91,0.02,0.23,0.13,187.9,192.3,4.7,419.7,439.9,420.1,436.2
0,0.74,0,4.31,2.62,19.35,0.025,2.88,2.65,0.02,0.23,0.13,188.0,192.3,4.63,419.8,439.7,420.1,436.9
0,0.72,0,4.27,2.68,19.37,0.024,3.32,3.09,0.018,0.23,0.124,187.9,192.3,4.65,419.9,439.6,420.0,436.4
0,0.72,0,4.31,2.74,19.31,0.024,3.63,3.4,0.018,0.23,0.124,188.0,192.3,4.61,420.0,439.8,420.1,436.7
0,0.75,0,4.25,2.6,19.37,0.024,3.0,2.77,0.018,0.23,0.123,187.9,192.3,4.65,420.0,439.9,420.0,437.0
0,0.75,0,4.29,2.68,19.37,0.023,3.04,2.81,0.018,0.23,0.123,187.9,192.3,4.68,420.0,439.6,420.0,436.9
0,0.75,0,4.23,2.74,19.37,0.023,2.77,2.54,0.017,0.23,0.118,187.9,192.3,4.7,420.0,439.9,420.0,436.8
0,0.74,0,4.26,2.63,19.31,0.022,2.8,2.57,0.017,0.23,0.116,187.9,192.3,4.65,419.9,439.8,420.0,436.6
0,0.77,0,4.25,2.74,19.4,0.024,3.18,2.95,0.018,0.23,0.124,187.9,192.3,4.66,419.9,439.8,420.0,436.5
0,0.76,0,4.3,2.65,19.41,0.024,3.36,3.13,0.019,0.23,0.126,187.9,192.3,4.64,419.9,439.9,420.0,436.3
0,0.74,0,4.28,2.63,19.31,0.025,3.11,2.88,0.02,0.23,0.131,187.9,192.3,4.58,420.0,439.6,420.1,436.3
0,0.76,0,4.27,2.65,19.37,0.025,3.59,3.36,0.02,0.23,0.132,187.9,192.3,4.62,420.1,439.9,420.0,436.4
0,0.75,0,4.26,2.68,19.37,0.023,3.23,3.0,0.017,0.23,0.119,187.9,192.3,4.65,420.2,439.7,420.0,436.8
0,0.75,0,4.3,2.72,19.35,0.022,3.03,2.8,0.017,0.23,0.116,187.9,192.2,4.6,420.2,438.7,420.0,436.5
0,0.74,0,4.25,2.6,19.38,0.023,3.63,3.4,0.018,0.23,0.121,187.9,192.3,4.65,420.1,439.5,420.0,436.5
0,0.76,0,4.28,2.69,19.37,0.024,3.06,2.83,0.019,0.23,0.128,187.9,192.3,4.67,420.0,439.7,420.0,435.5
0,0.75,0,4.3,2.71,19.37,0.025,3.51,3.28,0.019,0.23,0.129,187.9,192.3,4.71,420.2,439.4,420.0,436.3
0,0.76,0,4.25,2.76,19.37,0.025,2.72,2.49,0.019,0.23,0.129,187.9,192.3,4.61,420.1,439.5,419.9,436.3
0,0.75,0,4.28,2.66,19.37,0.023,2.89,2.66,0.018,0.23,0.121,188.0,192.3,4.69,419.9,439.4,419.9,436.3
0,0.75,0,4.21,2.76,19.37,0.022,3.2,2.97,0.017,0.23,0.115,188.0,192.3,4.71,419.9,439.5,420.0,436.5
0,0.75,0,4.28,2.67,19.37,0.023,2.71,2.48,0.018,0.23,0.12,188.0,192.4,4.63,419.8,439.6,420.0,435.8
0,0.74,0,4.27,2.48,19.39,0.024,3.31,3.08,0.019,0.23,0.125,188.0,192.4,4.72,419.8,439.6,419.9,436.1
0,0.74,0,4.22,2.8,19.35,0.024,3.05,2.82,0.018,0.23,0.123,188.0,192.3,4.66,420.0,439.2,419.9,436.5
0,0.74,0,4.22,2.71,19.33,0.024,3.08,2.85,0.019,0.23,0.127,188.0,192.4,4.6,420.0,439.6,419.9,435.8
0,0.72,0,4.23,2.74,19.32,0.025,3.72,3.49,0.019,0.23,0.129,188.0,192.4,4.71,420.2,439.6,420.1,436.4
0,0.71,0,4.29,2.62,19.32,0.024,3.49,3.26,0.018,0.23,0.123,188.1,192.4,4.65,419.8,439.5,419.9,435.7
0,0.72,0,4.28,2.77,19.32,0.024,2.99,2.76,0.019,0.23,0.125,188.0,192.3,4.62,419.9,439.5,420.0,436.2
0,0.75,0,4.27,2.47,19.39,0.023,3.12,2.89,0.018,0.23,0.121,188.1,192.4,4.66,420.0,439.4,420.1,436.2
0,0.77,0,4.23,2.68,19.35,0.024,3.48,3.25,0.019,0.23,0.124,188.1,192.3,4.69,420.0,439.5,419.9,435.6
0,0.77,0,4.24,2.63,19.37,0.025,3.55,3.32,0.02,0.23,0.13,188.1,192.3,4.67,420.0,439.3,420.1,436.0
0,0.77,0,4.28,2.68,19.37,0.025,3.42,3.19,0.019,0.23,0.129,188.1,192.3,4.6,420.1,439.3,420.0,436.8
0,0.75,0,4.31,2.63,19.37,0.025,2.91,2.68,0.019,0.23,0.129,188.1,192.3,4.65,420.1,439.2,420.1,436.0
0,0.75,0,4.31,2.67,19.33,0.022,3.13,2.9,0.017,0.23,0.116,188.1,192.3,4.62,419.9,440.1,420.0,436.3
0,0.76,0,4.23,2.66,19.39,0.023,3.57,3.34,0.018,0.23,0.123,187.9,192.3,4.63,419.9,439.9,419.9,436.2
0,0.77,0,4.27,2.71,19.38,0.024,3.32,3.09,0.019,0.23,0.125,187.9,192.2,4.67,419.9,439.8,420.1,436.4
0,0.75,0,4.26,2.71,19.32,0.025,3.24,3.01,0.02,0.23,0.13,187.9,192.3,4.62,420.0,439.9,420.0,436.1
0,0.76,0,4.24,2.73,19.37,0.025,3.76,3.53,0.02,0.23,0.133,187.9,192.3,4.66,420.1,439.8,420.0,436.5
0,0.75,0,4.25,2.67,19.36,0.025,3.39,3.16,0.019,0.23,0.129,187.9,192.3,4.72,420.1,439.7,420.1,435.5
0,0.74,0,4.28,2.65,19.33,0.024,3.4,3.17,0.019,0.23,0.127,187.9,192.2,4.63,420.0,439.8,420.1,435.5
0,0.74,0,4.25,2.62,19.37,0.024,3.38,3.15,0.019,0.23,0.127,187.9,192.3,4.68,420.0,439.9,420.0,435.3
0,0.77,0,4.26,2.77,19.38,0.022,3.27,3.04,0.017,0.23,0.115,187.9,192.3,4.71,420.0,439.8,420.0,435.5
0,0.75,0,4.27,2.67,19.38,0.023,2.87,2.64,0.018,0.23,0.12,187.9,192.3,4.64,420.2,439.9,419.9,435.6
0,0.77,0,4.2,2.66,19.39,0.024,3.43,3.2,0.019,0.23,0.126,188.0,192.3,4.6,420.2,439.7,419.7,435.7
0,0.77,0,4.28,2.62,19.33,0.024,3.25,3.02,0.018,0.23,0.123,187.9,192.3,4.64,420.0,439.7,420.1,436.2
0,0.77,0,4.23,2.65,19.37,0.025,3.02,2.79,0.02,0.23,0.133,187.9,192.3,4.67,419.9,439.6,420.1,436.2
0,0.76,0,4.29,2.51,19.32,0.023,3.18,2.95,0.018,0.23,0.123,188.0,192.3,4.63,419.9,439.7,420.0,436.4
0,0.76,0,4.23,2.77,19.37,0.025,2.96,2.73,0.019,0.23,0.129,188.0,192.3,4.66,420.0,439.6,420.0,436.1
0,0.73,0,4.31,2.68,19.37,0.024,3.61,3.38,0.019,0.23,0.125,188.0,192.3,4.72,420.0,439.7,420.0,435.7
0,0.73,0,4.3,2.67,19.35,0.023,3.57,3.34,0.018,0.23,0.123,188.0,192.3,4.66,419.9,439.9,420.0,435.2
0,0.72,0,4.28,2.52,19.31,0.023,3.08,2.85,0.018,0.23,0.121,188.0,192.3,4.59,419.6,439.8,419.9,436.0
0,0.71,0,4.29,2.71,19.31,0.024,3.1,2.87,0.019,0.23,0.125,188.0,192.3,4.62,419.7,439.6,420.0,436.0
0,0.74,0,4.3,2.56,19.31,0.024,3.18,2.95,0.019,0.23,0.125,188.0,192.2,4.68,420.1,440.0,419.9,435.7
0,0.73,0,4.27,2.57,19.33,0.024,2.99,2.76,0.019,0.23,0.128,188.0,192.3,4.66,420.1,439.3,420.0,436.2
0,0.72,0,4.29,2.67,19.33,0.023,3.38,3.15,0.018,0.23,0.122,187.9,192.3,4.62,420.0,439.7,420.1,437.2
0,0.75,0,4.28,2.67,19.39,0.024,3.01,2.78,0.019,0.23,0.127,188.0,192.3,4.64,420.1,439.0,420.0,436.4
0,0.74,0,4.26,2.67,19.37,0.024,2.85,2.62,0.019,0.23,0.125,188.0,192.3,4.64,420.0,439.9,419.9,436.7
0,0.75,0,4.28,2.63,19.38,0.024,2.87,2.64,0.019,0.23,0.126,188.0,192.3,4.67,420.1,439.7,419.9,436.2
0,0.74,0,4.22,2.62,19.37,0.024,3.14,2.91,0.018,0.23,0.124,188.0,192.3,4.68,420.1,439.6,420.0,437.0
0,0.75,0,4.23,2.67,19.37,0.023,3.13,2.9,0.018,0.23,0.119,188.0,192.3,4.68,420.1,439.4,420.0,436.5
0,0.75,0,4.27,2.62,19.36,0.023,3.55,3.32,0.018,0.23,0.123,187.9,192.3,4.65,420.0,439.7,420.0,437.0
0,0.74,0,4.3,2.71,19.33,0.023,3.04,2.81,0.018,0.23,0.121,188.0,192.3,4.62,419.9,439.9,420.1,436.8
0,0.75,0,4.26,2.74,19.38,0.024,2.9,2.67,0.019,0.23,0.126,187.9,192.3,4.65,419.9,439.6,420.0,437.0
0,0.76,0,4.26,2.65,19.38,0.024,3.31,3.08,0.019,0.23,0.128,187.9,192.2,4.67,420.0,439.6,420.0,436.0
0,0.78,0,4.21,2.73,19.37,0.025,3.1,2.87,0.019,0.23,0.128,188.0,192.3,4.66,420.1,439.4,420.1,436.6
0,0.76,0,4.26,2.67,19.37,0.024,2.84,2.61,0.019,0.23,0.128,187.9,192.3,4.71,420.2,439.6,419.9,436.6
0,0.76,0,4.26,2.7,19.39,0.023,3.17,2.94,0.017,0.23,0.118,188.0,192.3,4.63,420.1,439.5,420.0,436.5
0,0.76,0,4.23,2.69,19.4,0.023,3.21,2.98,0.018,0.23,0.121,188.0,192.3,4.63,420.1,439.3,419.9,436.9
0,0.75,0,4.25,2.65,19.33,0.024,3.88,3.65,0.019,0.23,0.126,188.0,192.3,4.65,419.9,439.4,420.0,436.9
0,0.74,0,4.25,2.6,19.37,0.024,3.86,3.63,0.019,0.23,0.125,187.9,192.3,4.71,419.9,439.2,420.0,436.6
0,0.73,0,4.26,2.67,19.37,0.024,2.98,2.75,0.019,0.23,0.128,188.0,192.3,4.63,419.7,439.1,420.0,437.4
0,0.73,0,4.27,2.69,19.36,0.024,2.92,2.69,0.018,0.23,0.124,187.9,192.3,4.66,419.7,439.4,419.9,437.0
0,0.75,0,4.27,2.67,19.33,0.023,3.41,3.18,0.018,0.23,0.12,188.0,192.3,4.6,419.9,439.1,420.0,436.8
0,0.75,0,4.22,2.53,19.38,0.023,2.96,2.73,0.017,0.23,0.118,187.9,192.3,4.66,420.0,439.1,420.1,436.8
0,0.74,0,4.27,2.56,19.32,0.022,3.58,3.35,0.017,0.23,0.117,188.0,192.3,4.58,420.1,439.0,420.0,437.0
0,0.73,0,4.27,2.63,19.37,0.024,3.38,3.15,0.019,0.23,0.127,187.9,192.3,4.66,420.2,439.0,420.0,437.0
0,0.74,0,4.3,2.46,19.34,0.025,3.45,3.22,0.02,0.23,0.132,188.0,192.3,4.7,420.2,438.6,420.1,437.3
0,0.72,0,4.25,2.72,19.29,0.024,3.15,2.92,0.019,0.23,0.127,187.9,192.2,4.67,420.0,438.6,420.0,437.3
0,0.74,0,4.24,2.66,19.36,0.025,3.01,2.78,0.019,0.23,0.128,187.9,192.2,4.63,420.1,438.5,420.1,437.4
0,0.73,0,4.29,2.59,19.34,0.023,2.74,2.51,0.018,0.23,0.122,188.0,192.3,4.68,420.0,438.6,420.0,436.9
0,0.72,0,4.3,2.65,19.34,0.023,2.94,2.71,0.017,0.23,0.119,188.0,192.3,4.63,420.0,438.7,420.1,437.0
0,0.72,0,4.21,2.62,19.32,0.023,2.89,2.66,0.018,0.23,0.119,188.0,192.3,4.66,419.7,438.5,420.0,436.9
0,0.73,0,4.26,2.67,19.32,0.023,3.13,2.9,0.018,0.23,0.122,187.9,192.3,4.61,419.8,438.5,420.0,436.6
0,0.72,0,4.26,2.6,19.33,0.025,3.43,3.2,0.02,0.23,0.13,187.9,192.2,4.58,420.1,439.3,419.9,436.2
0,0.74,0,4.29,2.65,19.38,0.025,3.34,3.11,0.019,0.23,0.129,187.9,192.3,4.65,420.2,439.5,420.1,435.6
0,0.73,0,4.27,2.69,19.31,0.024,3.0,2.77,0.019,0.23,0.128,187.9,192.2,4.58,420.1,439.3,420.1,435.6
0,0.75,0,4.28,2.67,19.37,0.023,2.82,2.59,0.018,0.23,0.122,187.8,192.2,4.65,420.1,439.3,419.9,436.2
0,0.77,0,4.25,2.71,19.38,0.025,3.26,3.03,0.02,0.23,0.13,187.9,192.2,4.68,420.0,439.5,420.0,436.0
0,0.77,0,4.31,2.69,19.37,0.024,3.2,2.97,0.018,0.23,0.123,188.0,192.3,4.71,419.9,439.2,420.0,435.6
0,0.76,0,4.26,2.67,19.38,0.022,2.92,2.69,0.017,0.23,0.118,187.9,192.2,4.66,419.7,439.1,420.1,435.5
0,0.75,0,4.3,2.73,19.4,0.023,2.44,2.21,0.017,0.23,0.118,187.9,192.3,4.66,419.8,439.0,420.0,435.7
0,0.75,0,4.25,2.68,19.35,0.023,2.98,2.75,0.018,0.23,0.119,187.9,192.2,4.69,420.0,439.3,420.0,436.0
0,0.75,0,4.29,2.64,19.31,0.024,3.08,2.85,0.019,0.23,0.126,187.9,192.2,4.65,420.1,440.0,420.0,436.3
0,0.76,0,4.26,2.58,19.38,0.024,3.36,3.13,0.019,0.23,0.127,187.9,192.3,4.6,420.1,439.1,420.0,436.4
0,0.74,0,4.25,2.72,19.37,0.024,3.11,2.88,0.019,0.23,0.125,187.9,192.2,4.65,420.1,439.4,420.0,436.5
0,0.73,0,4.23,2.66,19.37,0.024,3.09,2.86,0.019,0.23,0.128,187.9,192.2,4.69,420.1,439.0,420.1,436.1
0,0.74,0,4.25,2.7,19.35,0.023,2.8,2.57,0.018,0.23,0.122,187.9,192.2,4.69,420.0,438.7,420.1,436.2
0,0.72,0,4.25,2.64,19.33,0.023,2.86,2.63,0.017,0.23,0.118,187.9,192.3,4.65,419.8,439.0,420.0,436.4
0,0.74,0,4.24,2.69,19.34,0.023,3.31,3.08,0.018,0.23,0.119,187.9,192.3,4.68,419.7,438.7,420.0,436.1
0,0.74,0,4.28,2.53,19.35,0.023,3.61,3.38,0.018,0.23,0.12,187.9,192.3,4.66,419.8,439.0,420.0,436.5
0,0.71,0,4.28,2.59,19.32,0.024,3.76,3.53,0.018,0.23,0.124,187.9,192.3,4.63,419.9,438.8,420.0,436.4
0,0.7,0,4.28,2.46,19.31,0.025,3.78,3.55,0.02,0.23,0.133,187.9,192.2,4.62,420.1,438.9,420.0,436.6
0,0.72,0,4.23,2.71,19.35,0.024,3.05,2.82,0.019,0.23,0.125,187.9,192.3,4.64,420.1,438.7,420.0,436.2
0,0.72,0,4.23,2.63,19.32,0.024,2.59,2.36,0.018,0.23,0.123,187.9,192.2,4.68,420.1,438.7,420.1,436.9
0,0.72,0,4.27,2.68,19.37,0.022,3.07,2.84,0.017,0.23,0.117,187.8,192.2,4.64,420.1,438.7,420.0,436.2
0,0.71,0,4.3,2.67,19.32,0.023,3.09,2.86,0.018,0.23,0.122,187.8,192.2,4.71,420.1,438.8,420.1,436.5
0,0.71,0,4.24,2.64,19.31,0.023,3.22,2.99,0.017,0.23,0.119,187.9,192.2,4.68,420.1,439.2,420.1,436.6
0,0.72,0,4.3,2.7,19.32,0.023,3.2,2.97,0.018,0.23,0.121,187.9,192.2,4.64,420.1,438.8,420.1,436.5
0,0.72,0,4.21,2.71,19.37,0.023,3.34,3.11,0.018,0.23,0.121,187.9,192.2,4.69,420.1,439.0,420.0,436.8
0,0.71,0,4.31,2.65,19.31,0.024,3.46,3.23,0.019,0.23,0.128,187.9,192.2,4.66,420.0,438.9,420.0,436.4
0,0.72,0,4.3,2.69,19.38,0.024,3.2,2.97,0.019,0.23,0.125,187.9,192.3,4.67,420.0,439.1,420.0,435.6
0,0.72,0,4.28,2.68,19.37,0.024,3.52,3.29,0.019,0.23,0.125,187.9,192.3,4.69,420.1,439.4,420.0,436.0
0,0.72,0,4.29,2.71,19.37,0.024,2.83,2.6,0.019,0.23,0.126,187.9,192.2,4.71,420.2,439.2,420.0,435.7
0,0.72,0,4.27,2.76,19.37,0.024,3.37,3.14,0.018,0.23,0.124,187.9,192.3,4.63,420.2,439.1,420.1,435.6
0,0.73,0,4.23,2.7,19.37,0.023,2.43,2.2,0.018,0.23,0.121,187.9,192.2,4.65,420.1,438.9,420.0,436.0
0,0.71,0,4.24,2.59,19.31,0.022,2.84,2.61,0.017,0.23,0.116,187.9,192.3,4.61,420.1,439.1,420.0,435.9
0,0.72,0,4.27,2.66,19.31,0.023,3.2,2.96,0.018,0.23,0.121,187.9,192.2,4.67,420.0,438.8,419.9,436.2
0,0.73,0,4.24,2.26,19.31,0.024,3.4,3.17,0.018,0.23,0.124,187.9,192.3,4.66,420.0,439.1,419.9,436.4
0,0.73,0,4.21,2.74,19.37,0.025,3.48,3.25,0.019,0.23,0.129,187.9,192.3,4.61,419.8,438.8,420.0,436.2
0,0.72,0,4.3,2.65,19.33,0.026,3.39,3.16,0.02,0.23,0.135,187.9,192.3,4.66,419.7,439.1,420.0,436.2
0,0.74,0,4.2,2.66,19.34,0.024,3.16,2.93,0.019,0.23,0.128,187.9,192.3,4.64,419.7,438.8,420.0,436.0
0,0.72,0,4.29,2.69,19.29,0.023,3.41,3.18,0.018,0.23,0.12,187.9,192.3,4.61,419.9,439.0,419.9,436.3
0,0.72,0,4.26,2.63,19.31,0.023,3.0,2.77,0.018,0.23,0.122,187.9,192.2,4.59,419.9,438.8,420.0,436.3
0,0.72,0,4.25,2.69,19.37,0.023,3.12,2.89,0.018,0.23,0.12,187.9,192.3,4.65,420.1,438.8,420.1,436.4
0,0.72,0,4.25,2.69,19.34,0.023,3.06,2.84,0.018,0.23,0.12,187.9,192.3,4.72,420.1,438.9,420.1,436.0
0,0.71,0,4.27,2.68,19.32,0.022,3.1,2.87,0.017,0.23,0.117,187.9,192.3,4.67,420.0,438.9,420.0,436.5
0,0.72,0,4.27,2.66,19.3,0.024,3.51,3.28,0.018,0.23,0.124,187.9,192.3,4.68,420.0,438.9,420.0,436.3
0,0.7,0,4.29,2.63,19.28,0.024,3.48,3.25,0.018,0.23,0.124,187.9,192.3,4.67,420.0,439.4,420.0,436.6
0,0.74,0,4.29,2.76,19.34,0.023,3.7,3.47,0.018,0.23,0.122,187.9,192.2,4.63,419.9,439.4,420.0,436.7
0,0.74,0,4.29,2.63,19.31,0.025,3.16,2.93,0.019,0.23,0.129,187.9,192.2,4.6,420.0,439.9,420.0,436.5
0,0.74,0,4.26,2.66,19.38,0.025,2.68,2.45,0.02,0.23,0.132,187.9,192.2,4.66,420.2,439.4,420.1,436.6
0,0.74,0,4.23,2.71,19.38,0.023,2.69,2.46,0.018,0.23,0.122,187.9,192.3,4.66,420.3,439.4,420.0,436.7
0,0.75,0,4.27,2.72,19.41,0.022,2.66,2.43,0.017,0.23,0.115,187.9,192.3,4.68,420.1,439.6,420.0,436.7
0,0.75,0,4.28,2.65,19.39,0.023,2.71,2.48,0.017,0.23,0.119,187.9,192.3,4.67,420.0,439.4,420.1,436.4
0,0.74,0,4.31,2.71,19.4,0.023,2.9,2.67,0.017,0.23,0.119,187.9,192.3,4.68,419.9,440.0,420.0,436.8
0,0.72,0,4.28,2.58,19.35,0.024,3.7,3.47,0.018,0.23,0.125,187.9,192.3,4.7,419.8,439.2,420.0,436.8
0,0.75,0,4.3,2.66,19.37,0.025,3.57,3.34,0.02,0.23,0.133,187.9,192.3,4.63,419.8,439.5,420.0,436.8
0,0.75,0,4.23,2.7,19.31,0.024,3.71,3.48,0.019,0.23,0.127,187.9,192.3,4.68,419.9,439.9,420.0,436.9
0,0.76,0,4.25,2.67,19.37,0.024,3.18,2.95,0.019,0.23,0.126,187.9,192.3,4.63,419.9,439.4,419.9,437.1
0,0.74,0,4.32,2.66,19.37,0.022,3.18,2.95,0.017,0.23,0.116,187.9,192.3,4.65,420.0,439.7,420.1,437.2
0,0.74,0,4.29,2.51,19.35,0.023,3.37,3.14,0.018,0.23,0.122,187.9,192.3,4.68,420.1,439.4,420.1,436.8
0,0.74,0,4.28,2.69,19.33,0.023,3.51,3.28,0.018,0.23,0.12,187.9,192.3,4.61,420.1,439.4,420.0,436.7
0,0.74,0,4.29,2.69,19.38,0.024,3.68,3.45,0.019,0.23,0.125,187.9,192.3,4.65,420.1,439.4,419.9,436.6
0,0.74,0,4.25,2.64,19.36,0.025,3.14,2.91,0.02,0.23,0.132,187.9,192.3,4.7,420.1,439.0,420.0,437.4
0,0.73,0,4.16,2.71,19.37,0.024,3.59,3.36,0.019,0.23,0.127,187.9,192.3,4.71,420.0,439.1,420.1,437.4
0,0.73,0,4.27,2.64,19.3,0.022,2.85,2.62,0.017,0.23,0.116,187.9,192.3,4.63,419.7,439.0,420.0,437.4
0,0.72,0,4.29,2.7,19.32,0.023,3.11,2.88,0.018,0.23,0.12,188.0,192.3,4.6,419.9,439.1,420.0,436.9
0,0.73,0,4.26,2.63,19.33,0.026,3.84,3.61,0.02,0.23,0.134,188.0,192.3,4.63,420.1,439.0,420.0,437.5
0,0.72,0,4.26,2.72,19.31,0.025,3.7,3.47,0.02,0.23,0.132,188.0,192.3,4.68,420.1,439.5,420.0,437.3
0,0.7,0,4.23,2.68,19.31,0.025,2.96,2.73,0.02,0.23,0.132,188.0,192.3,4.68,420.1,439.0,420.1,437.1
0,0.73,0,4.28,2.71,19.31,0.023,2.99,2.76,0.017,0.23,0.118,188.0,192.3,4.63,420.0,439.6,420.0,436.9
0,0.73,0,4.22,2.68,19.37,0.022,3.31,3.08,0.017,0.23,0.115,188.0,192.3,4.67,419.9,439.2,420.1,437.2
0,0.71,0,4.27,2.64,19.31,0.023,3.51,3.28,0.018,0.23,0.121,188.0,192.3,4.63,419.7,439.1,420.0,437.1
0,0.69,0,4.25,2.62,19.31,0.024,2.67,2.44,0.018,0.23,0.124,188.0,192.3,4.62,419.7,439.2,420.0,437.5
0,0.72,0,4.27,2.69,19.32,0.023,2.91,2.68,0.018,0.23,0.122,188.0,192.3,4.68,419.9,439.0,420.0,437.3
0,0.71,0,4.28,2.65,19.37,0.023,3.1,2.87,0.018,0.23,0.121,188.0,192.3,4.64,420.0,439.3,420.0,436.9
0,0.7,0,4.27,2.69,19.34,0.023,3.37,3.14,0.018,0.23,0.121,188.0,192.2,4.7,420.1,439.5,419.9,437.4
0,0.73,0,4.28,2.72,19.29,0.025,3.37,3.14,0.019,0.23,0.129,187.9,192.3,4.66,420.1,439.5,420.1,437.0
0,0.73,0,4.25,2.68,19.31,0.025,3.19,2.96,0.02,0.23,0.133,188.0,192.3,4.63,420.1,439.4,420.0,437.5
0,0.75,0,4.22,2.66,19.38,0.025,3.07,2.84,0.02,0.23,0.132,187.9,192.2,4.68,420.1,439.5,419.9,436.1
0,0.77,0,4.25,2.68,19.37,0.024,3.11,2.88,0.019,0.23,0.127,187.9,192.3,4.7,420.0,439.6,420.0,436.2
0,0.76,0,4.3,2.54,19.41,0.023,2.77,2.54,0.018,0.23,0.121,188.0,192.3,4.71,419.7,439.3,420.1,437.0
0,0.78,0,4.27,2.68,19.39,0.023,2.79,2.56,0.017,0.23,0.118,187.9,192.3,4.69,419.8,439.5,420.0,436.5
0,0.76,0,4.22,2.65,19.38,0.023,3.45,3.22,0.018,0.23,0.121,187.9,192.3,4.67,420.1,439.9,420.0,436.1
0,0.76,0,4.28,2.66,19.4,0.025,3.39,3.16,0.02,0.23,0.13,187.9,192.2,4.66,420.0,438.9,420.0,435.6
0,0.74,0,4.28,2.73,19.37,0.025,3.41,3.18,0.019,0.23,0.128,187.9,192.2,4.68,420.0,439.0,420.0,435.8
0,0.75,0,4.3,2.65,19.41,0.024,3.23,3.0,0.019,0.23,0.127,187.9,192.2,4.66,419.9,439.5,420.0,436.0
0,0.75,0,4.31,2.65,19.37,0.022,2.54,2.31,0.017,0.23,0.117,187.9,192.2,4.72,419.9,439.6,420.1,436.6
0,0.73,0,4.29,2.72,19.37,0.022,3.6,3.37,0.017,0.23,0.115,187.9,192.2,4.64,420.0,439.5,420.0,436.3
0,0.73,0,4.31,2.58,19.38,0.023,3.81,3.58,0.018,0.23,0.12,187.9,192.2,4.72,420.3,439.6,420.0,436.2
0,0.74,0,4.28,2.64,19.34,0.025,3.83,3.6,0.019,0.23,0.129,187.9,192.2,4.66,420.3,439.7,419.9,436.5
0,0.75,0,4.31,2.63,19.39,0.025,3.04,2.81,0.02,0.23,0.132,187.9,192.2,4.68,420.2,440.0,419.9,436.2
0,0.75,0,4.3,2.67,19.37,0.024,2.89,2.66,0.019,0.23,0.125,187.9,192.2,4.68,420.0,439.7,420.0,436.0
0,0.74,0,4.3,2.68,19.34,0.024,2.53,2.3,0.018,0.23,0.124,187.9,192.2,4.63,420.0,439.9,420.0,436.1
0,0.74,0,4.25,2.61,19.35,0.023,2.98,2.75,0.017,0.23,0.118,187.9,192.2,4.7,420.0,439.7,420.0,436.9
0,0.73,0,4.27,2.66,19.33,0.023,3.08,2.85,0.018,0.23,0.122,187.9,192.2,4.64,419.9,439.7,420.1,436.5
0,0.73,0,4.28,2.62,19.39,0.023,3.71,3.48,0.018,0.23,0.12,187.9,192.2,4.7,419.7,439.7,420.0,436.4
0,0.73,0,4.28,2.64,19.35,0.024,3.05,2.82,0.019,0.23,0.125,187.9,192.2,4.63,419.8,439.9,420.0,436.2
0,0.72,0,4.26,2.68,19.37,0.023,3.49,3.26,0.018,0.23,0.122,187.9,192.2,4.66,420.0,439.6,420.0,436.6
0,0.73,0,4.28,2.69,19.32,0.024,3.64,3.41,0.019,0.23,0.128,187.9,192.2,4.6,420.1,439.9,420.0,436.4
0,0.73,0,4.25,2.63,19.31,0.024,3.19,2.96,0.019,0.23,0.127,187.9,192.2,4.59,420.1,439.5,420.1,436.1
0,0.72,0,4.3,2.71,19.37,0.023,3.04,2.81,0.018,0.23,0.12,187.9,192.2,4.65,420.1,439.5,420.0,436.4
0,0.72,0,4.31,2.63,19.38,0.022,3.64,3.41,0.017,0.23,0.116,187.9,192.2,4.68,420.1,439.4,420.0,436.5
0,0.71,0,4.32,2.46,19.35,0.024,3.34,3.11,0.018,0.23,0.124,187.9,192.2,4.71,420.1,439.5,420.0,436.7
0,0.72,0,4.28,2.43,19.39,0.024,3.81,3.58,0.019,0.23,0.125,187.9,192.2,4.72,420.0,439.9,420.0,436.2
0,0.72,0,4.25,2.66,19.31,0.025,3.35,3.12,0.019,0.23,0.129,187.9,192.2,4.66,419.9,439.7,420.1,436.2
0,0.7,0,4.31,2.75,19.32,0.024,3.51,3.28,0.019,0.23,0.126,187.9,192.2,4.65,419.8,439.4,420.0,436.3
0,0.75,0,4.26,2.68,19.37,0.024,2.95,2.72,0.018,0.23,0.124,187.9,192.2,4.69,419.7,439.4,420.0,436.0
0,0.73,0,4.3,2.62,19.4,0.022,2.87,2.64,0.017,0.23,0.117,187.9,192.2,4.7,419.9,439.7,420.0,435.8
0,0.72,0,4.28,2.67,19.37,0.023,3.59,3.36,0.018,0.23,0.121,187.9,192.2,4.69,420.1,439.7,420.0,436.3
0,0.74,0,4.29,2.68,19.38,0.024,3.19,2.96,0.019,0.23,0.127,187.9,192.2,4.67,420.3,439.3,420.0,436.1
0,0.74,0,4.28,2.68,19.38,0.025,3.6,3.37,0.02,0.23,0.13,188.0,192.3,4.66,420.2,439.3,419.9,436.2
0,0.74,0,4.29,2.59,19.37,0.024,3.7,3.47,0.019,0.23,0.126,188.0,192.3,4.7,420.1,439.4,420.0,436.1
0,0.74,0,4.24,2.69,19.31,0.022,2.86,2.63,0.017,0.23,0.116,188.0,192.3,4.61,420.1,439.3,420.0,436.3
0,0.71,0,4.24,2.65,19.34,0.023,3.47,3.24,0.018,0.23,0.12,188.0,192.3,4.72,420.0,439.0,420.0,436.1
0,0.72,0,4.28,2.71,19.34,0.023,3.18,2.95,0.017,0.23,0.118,188.0,192.3,4.61,419.7,439.4,420.0,436.1
0,0.71,0,4.28,2.5,19.31,0.024,2.95,2.72,0.019,0.23,0.126,188.0,192.3,4.71,419.7,439.1,419.9,436.5
0,0.74,0,4.28,2.66,19.39,0.024,3.24,3.01,0.019,0.23,0.127,188.0,192.3,4.72,419.9,439.7,420.1,436.2
0,0.74,0,4.28,2.7,19.35,0.025,3.23,3.0,0.02,0.23,0.132,188.0,192.3,4.63,420.1,439.2,420.0,436.1
0,0.76,0,4.31,2.67,19.37,0.024,2.86,2.63,0.018,0.23,0.123,188.0,192.3,4.69,420.3,439.0,420.1,436.1
0,0.74,0,4.24,2.71,19.37,0.022,3.04,2.81,0.017,0.23,0.116,188.0,192.3,4.62,420.1,439.0,419.9,435.8
0,0.76,0,4.25,2.67,19.41,0.024,2.92,2.69,0.018,0.23,0.124,188.0,192.3,4.73,420.1,439.2,419.9,436.0
0,0.75,0,4.27,2.65,19.39,0.023,2.48,2.25,0.018,0.23,0.122,188.0,192.2,4.72,420.0,439.2,419.9,435.5
0,0.72,0,4.28,2.51,19.37,0.024,2.96,2.73,0.018,0.23,0.124,188.0,192.2,4.65,419.9,439.1,420.0,434.7
0,0.76,0,4.23,2.69,19.39,0.024,3.16,2.93,0.018,0.23,0.124,187.9,192.2,4.64,419.8,439.2,420.0,434.9
0,0.76,0,4.29,2.68,19.37,0.024,3.59,3.36,0.018,0.23,0.123,187.9,192.2,4.68,419.7,439.1,420.0,435.1
0,0.76,0,4.26,2.69,19.38,0.025,3.45,3.22,0.02,0.23,0.13,187.9,192.2,4.7,419.8,439.1,420.0,435.2
0,0.76,0,4.21,2.67,19.38,0.025,3.05,2.82,0.02,0.23,0.13,187.9,192.2,4.72,419.9,439.1,420.0,435.1
0,0.76,0,4.26,2.65,19.38,0.024,2.73,2.5,0.018,0.23,0.123,187.9,192.3,4.64,420.1,439.4,420.1,435.1
0,0.76,0,4.21,2.68,19.35,0.022,2.95,2.72,0.017,0.23,0.114,187.9,192.2,4.68,420.2,439.0,420.0,435.0
0,0.75,0,4.27,2.59,19.38,0.023,3.76,3.53,0.017,0.23,0.118,187.9,192.3,4.71,420.1,438.7,420.1,434.8
0,0.76,0,4.23,2.71,19.41,0.025,3.27,3.04,0.02,0.23,0.131,187.9,192.3,4.64,420.1,438.7,419.9,434.8
0,0.75,0,4.2,2.65,19.39,0.026,3.26,3.03,0.02,0.23,0.134,187.9,192.3,4.62,420.1,438.8,420.0,435.2
0,0.75,0,4.26,2.73,19.36,0.023,2.94,2.71,0.018,0.23,0.123,187.9,192.3,4.67,420.0,438.9,420.0,435.0
0,0.74,0,4.26,2.71,19.37,0.023,2.6,2.37,0.017,0.23,0.118,188.0,192.2,4.72,419.9,439.5,419.9,434.9
0,0.74,0,4.26,2.71,19.39,0.023,2.98,2.75,0.018,0.23,0.122,187.9,192.2,4.71,419.9,439.3,420.0,435.2
0,0.75,0,4.23,2.72,19.36,0.023,3.12,2.89,0.018,0.23,0.12,188.0,192.2,4.61,419.9,439.3,420.0,435.6
0,0.73,0,4.25,2.62,19.36,0.024,3.75,3.52,0.018,0.23,0.125,187.9,192.3,4.71,420.3,439.3,420.0,435.1
0,0.72,0,4.23,2.72,19.37,0.025,3.55,3.32,0.02,0.23,0.131,188.0,192.2,4.64,420.3,439.7,420.0,435.2
0,0.72,0,4.24,2.69,19.33,0.023,3.3,3.07,0.018,0.23,0.121,188.0,192.2,4.69,420.1,439.1,420.0,434.9
0,0.74,0,4.22,2.68,19.37,0.024,3.07,2.84,0.018,0.23,0.124,187.9,192.3,4.62,420.0,439.1,420.0,435.0
0,0.72,0,4.26,2.74,19.35,0.023,3.0,2.77,0.018,0.23,0.122,188.0,192.3,4.67,419.9,439.4,420.1,435.0
0,0.72,0,4.24,2.7,19.33,0.024,3.26,3.03,0.018,0.23,0.124,187.9,192.3,4.59,419.8,439.4,420.0,434.9
0,0.74,0,4.21,2.69,19.33,0.022,2.62,2.39,0.017,0.23,0.115,187.9,192.2,4.61,419.9,439.9,420.0,434.9
0,0.76,0,4.28,2.74,19.39,0.024,3.85,3.62,0.019,0.23,0.126,187.9,192.2,4.69,420.0,440.0,420.1,435.3
0,0.75,0,4.27,2.7,19.35,0.026,3.27,3.04,0.021,0.23,0.135,187.9,192.2,4.6,419.9,440.0,420.0,435.2
0,0.76,0,4.24,2.66,19.37,0.025,2.96,2.73,0.02,0.23,0.131,187.9,192.2,4.65,419.9,439.9,420.0,434.9
0,0.76,0,4.22,2.7,19.39,0.024,3.15,2.92,0.019,0.23,0.127,188.0,192.3,4.68,419.9,439.0,420.0,435.1
0,0.72,0,4.26,2.45,19.31,0.023,2.84,2.61,0.018,0.23,0.12,187.9,192.2,4.64,420.0,439.4,420.0,434.9
0,0.72,0,4.21,2.71,19.31,0.023,2.75,2.52,0.017,0.23,0.119,187.9,192.3,4.61,420.1,439.0,420.0,434.9
0,0.74,0,4.22,2.68,19.37,0.023,2.83,2.6,0.018,0.23,0.119,188.0,192.3,4.67,420.2,438.9,419.9,435.2
0,0.74,0,4.29,2.69,19.37,0.023,3.11,2.88,0.017,0.23,0.119,187.9,192.2,4.69,420.2,438.9,420.1,435.1
0,0.74,0,4.27,2.68,19.37,0.023,3.54,3.31,0.018,0.23,0.123,188.0,192.3,4.72,420.1,438.7,420.0,435.0
0,0.73,0,4.28,2.46,19.32,0.024,3.54,3.31,0.019,0.23,0.126,187.9,192.2,4.65,420.0,438.7,420.0,435.0
0,0.73,0,4.2,2.65,19.36,0.023,3.2,2.97,0.018,0.23,0.123,187.9,192.2,4.72,420.0,438.6,420.0,435.0
0,0.72,0,4.25,2.7,19.31,0.024,3.26,3.03,0.018,0.23,0.123,187.9,192.2,4.65,420.0,438.7,420.0,435.2
0,0.72,0,4.27,2.69,19.32,0.024,3.45,3.22,0.019,0.23,0.128,187.9,192.2,4.64,419.8,438.7,420.0,435.2
0,0.74,0,4.24,2.66,19.37,0.024,3.63,3.4,0.019,0.23,0.125,187.9,192.2,4.71,419.7,438.9,420.1,435.2
0,0.71,0,4.28,2.68,19.31,0.023,2.89,2.66,0.018,0.23,0.122,187.9,192.2,4.63,419.7,438.6,420.0,434.9
0,0.72,0,4.26,2.64,19.34,0.024,3.21,2.98,0.019,0.23,0.125,188.0,192.3,4.68,420.0,438.6,420.0,435.7
0,0.73,0,4.23,2.53,19.35,0.024,3.03,2.8,0.018,0.23,0.123,188.0,192.3,4.66,420.1,438.7,420.0,435.4
0,0.72,0,4.26,2.69,19.37,0.022,3.37,3.14,0.017,0.23,0.117,187.9,192.2,4.67,420.1,438.6,420.1,435.7
0,0.72,0,4.23,2.65,19.37,0.024,2.98,2.75,0.019,0.23,0.125,187.9,192.2,4.69,420.1,439.0,420.1,435.8
0,0.72,0,4.26,2.7,19.37,0.023,3.15,2.92,0.018,0.23,0.123,187.9,192.2,4.71,420.1,438.6,420.0,435.5
0,0.74,0,4.24,2.63,19.37,0.022,2.87,2.64,0.017,0.23,0.117,187.9,192.2,4.63,420.1,438.6,419.9,435.4
0,0.73,0,4.24,2.67,19.37,0.022,3.33,3.1,0.017,0.23,0.118,187.9,192.2,4.65,420.0,438.7,420.0,435.4
0,0.73,0,4.26,2.54,19.38,0.024,3.68,3.45,0.019,0.23,0.125,187.9,192.2,4.68,419.9,438.7,420.0,435.2
0,0.73,0,4.27,2.74,19.37,0.024,3.52,3.29,0.019,0.23,0.126,187.9,192.2,4.7,419.9,438.8,420.0,435.4
0,0.73,0,4.27,2.65,19.31,0.024,3.81,3.58,0.019,0.23,0.128,187.9,192.2,4.63,419.9,439.2,420.0,435.3
0,0.73,0,4.23,2.7,19.31,0.025,3.02,2.79,0.02,0.23,0.131,187.9,192.2,4.61,420.0,438.6,419.8,435.5
0,0.71,0,4.32,2.69,19.32,0.024,3.68,3.45,0.019,0.23,0.125,187.9,192.2,4.59,420.1,438.5,419.9,435.8
0,0.73,0,4.3,2.71,19.35,0.024,3.38,3.15,0.019,0.23,0.126,187.9,192.2,4.66,420.2,438.6,419.9,435.3
0,0.73,0,4.29,2.68,19.33,0.023,3.32,3.09,0.018,0.23,0.122,187.9,192.2,4.59,420.2,438.3,419.9,435.3
0,0.72,0,4.24,2.74,19.37,0.023,2.86,2.63,0.017,0.23,0.119,187.9,192.2,4.66,420.1,438.6,420.1,435.7
0,0.71,0,4.26,2.43,19.31,0.022,3.32,3.09,0.017,0.23,0.115,187.9,192.2,4.62,420.0,438.4,420.0,435.4
0,0.71,0,4.24,2.48,19.37,0.023,3.32,3.09,0.018,0.23,0.123,187.9,192.2,4.68,420.0,438.3,419.9,435.7
0,0.72,0,4.25,2.74,19.31,0.023,3.79,3.56,0.018,0.23,0.121,187.9,192.2,4.63,420.1,439.2,420.1,435.4
0,0.72,0,4.33,2.66,19.35,0.025,3.68,3.44,0.02,0.23,0.132,187.9,192.2,4.71,420.3,439.2,420.0,435.5
0,0.73,0,4.31,2.66,19.34,0.025,3.43,3.2,0.02,0.23,0.13,187.9,192.2,4.64,420.5,439.3,420.0,435.2
0,0.73,0,4.29,2.75,19.3,0.024,3.28,3.05,0.019,0.23,0.126,187.9,192.2,4.67,420.0,439.3,420.0,435.3
0,0.74,0,4.3,2.67,19.36,0.024,3.24,3.01,0.019,0.23,0.127,187.9,192.2,4.63,419.9,439.2,420.0,434.9
0,0.74,0,4.28,2.69,19.38,0.024,2.45,2.22,0.018,0.23,0.124,187.9,192.2,4.67,419.7,439.1,420.0,434.9
0,0.75,0,4.27,2.82,19.34,0.022,2.85,2.62,0.016,0.23,0.114,187.9,192.2,4.7,419.7,439.1,420.1,434.7
0,0.74,0,4.3,2.72,19.37,0.022,3.51,3.28,0.017,0.23,0.117,187.9,192.2,4.67,419.8,439.2,420.1,434.8
0,0.73,0,4.27,2.72,19.32,0.024,2.91,2.68,0.018,0.23,0.124,187.9,192.2,4.63,420.0,439.6,420.0,434.8
0,0.74,0,4.26,2.72,19.37,0.025,3.41,3.18,0.019,0.23,0.129,187.9,192.2,4.69,419.9,439.3,420.1,434.8
0,0.72,0,4.24,2.71,19.31,0.024,3.71,3.48,0.019,0.23,0.126,187.9,192.2,4.66,419.9,439.1,420.0,434.9
0,0.74,0,4.31,2.46,19.38,0.024,2.98,2.75,0.019,0.23,0.126,187.9,192.2,4.71,420.0,439.0,420.0,435.2
0,0.74,0,4.25,2.69,19.37,0.023,3.04,2.81,0.018,0.23,0.123,187.9,192.2,4.71,420.0,439.3,420.1,434.9
0,0.74,0,4.29,2.69,19.35,0.023,2.99,2.76,0.018,0.23,0.12,187.9,192.2,4.62,420.1,438.9,420.1,434.8
0,0.72,0,4.29,2.73,19.33,0.024,3.74,3.51,0.019,0.23,0.125,187.9,192.2,4.69,420.2,438.7,420.0,434.8
0,0.73,0,4.24,2.7,19.31,0.025,2.94,2.71,0.02,0.23,0.133,187.9,192.2,4.65,420.3,439.0,420.0,435.0
0,0.74,0,4.26,2.81,19.36,0.024,3.6,3.37,0.019,0.23,0.125,187.9,192.2,4.71,420.1,439.0,420.0,434.7
0,0.72,0,4.25,2.74,19.32,0.023,3.36,3.13,0.018,0.23,0.122,187.9,192.2,4.68,420.0,439.3,419.9,434.6
0,0.74,0,4.22,2.63,19.37,0.023,2.77,2.54,0.018,0.23,0.12,187.9,192.2,4.71,419.8,439.1,420.0,434.7
0,0.72,0,4.25,2.66,19.32,0.023,3.0,2.77,0.017,0.23,0.118,187.9,192.2,4.65,419.7,439.0,419.9,434.8
0,0.72,0,4.22,2.69,19.34,0.023,3.06,2.83,0.018,0.23,0.122,187.9,192.2,4.64,419.7,439.1,420.0,434.8
0,0.72,0,4.24,2.49,19.33,0.023,3.54,3.31,0.018,0.23,0.122,187.9,192.2,4.69,419.9,439.0,420.0,435.1
0,0.72,0,4.26,2.7,19.36,0.024,3.46,3.23,0.019,0.23,0.126,187.9,192.2,4.65,419.9,439.0,420.0,435.3
0,0.73,0,4.26,2.67,19.31,0.025,2.98,2.75,0.02,0.23,0.133,187.9,192.2,4.66,420.0,439.3,420.0,435.1
0,0.71,0,4.27,2.73,19.34,0.024,3.16,2.93,0.019,0.23,0.125,187.9,192.2,4.62,420.1,439.0,419.7,435.1
0,0.72,0,4.22,2.68,19.32,0.023,3.5,3.27,0.017,0.23,0.119,187.9,192.2,4.71,420.0,439.1,419.9,435.3
0,0.74,0,4.27,2.52,19.35,0.022,2.71,2.48,0.017,0.23,0.115,187.9,192.2,4.64,420.0,439.5,420.0,434.9
0,0.73,0,4.21,2.72,19.37,0.022,3.53,3.3,0.016,0.23,0.114,187.9,192.2,4.67,419.9,440.2,420.0,435.2
0,0.75,0,4.29,2.7,19.37,0.024,3.93,3.7,0.019,0.23,0.126,187.9,192.2,4.68,419.8,439.8,420.0,435.1
0,0.74,0,4.31,2.69,19.37,0.025,3.7,3.47,0.019,0.23,0.128,187.9,192.2,4.71,419.7,439.7,420.0,435.2
0,0.72,0,4.29,2.66,19.34,0.024,3.5,3.27,0.019,0.23,0.127,187.8,192.2,4.69,419.9,439.6,420.0,435.0
0,0.75,0,4.28,2.68,19.4,0.024,2.84,2.61,0.019,0.23,0.127,187.9,192.2,4.71,420.0,439.5,420.0,435.2
0,0.74,0,4.27,2.67,19.33,0.023,2.97,2.74,0.018,0.23,0.12,187.8,192.2,4.64,420.1,439.4,420.0,435.3
0,0.72,0,4.24,2.67,19.31,0.023,3.05,2.82,0.017,0.23,0.119,187.9,192.2,4.61,420.2,440.0,420.0,435.3
0,0.7,0,4.26,2.64,19.33,0.022,3.74,3.51,0.017,0.23,0.118,187.9,192.2,4.67,420.1,439.5,419.8,436.1
0,0.72,0,4.28,2.68,19.37,0.023,3.82,3.59,0.018,0.23,0.121,187.9,192.2,4.73,420.0,440.0,419.9,435.5
0,0.71,0,4.31,2.56,19.33,0.026,3.29,3.06,0.021,0.23,0.137,187.9,192.2,4.67,419.7,439.4,419.9,435.8
0,0.7,0,4.29,2.7,19.27,0.025,3.02,2.79,0.02,0.23,0.13,187.9,192.2,4.67,419.7,439.4,419.9,435.7
0,0.72,0,4.3,2.68,19.32,0.024,2.72,2.49,0.018,0.23,0.124,187.9,192.2,4.64,420.0,439.7,420.0,435.8
0,0.73,0,4.27,2.62,19.35,0.023,2.69,2.46,0.018,0.23,0.12,187.9,192.2,4.69,420.1,439.4,420.0,436.0
0,0.72,0,4.28,2.72,19.33,0.022,2.85,2.62,0.016,0.23,0.114,187.9,192.2,4.65,420.1,439.4,420.0,436.3
0,0.72,0,4.25,2.7,19.31,0.022,3.06,2.83,0.017,0.23,0.114,187.9,192.2,4.63,420.1,439.9,420.0,436.2
0,0.72,0,4.27,2.65,19.31,0.022,3.44,3.21,0.017,0.23,0.117,187.9,192.2,4.6,420.0,439.8,420.0,436.1
0,0.71,0,4.27,2.65,19.33,0.023,3.33,3.1,0.018,0.23,0.123,187.9,192.2,4.7,419.9,439.6,420.0,436.0
0,0.72,0,4.25,2.72,19.3,0.024,3.28,3.05,0.019,0.23,0.126,187.9,192.2,4.66,419.9,439.9,420.0,435.9
0,0.71,0,4.24,2.75,19.32,0.025,3.97,3.74,0.02,0.23,0.132,187.9,192.2,4.65,419.9,439.4,420.1,436.0
0,0.72,0,4.28,2.69,19.36,0.024,3.09,2.86,0.019,0.23,0.127,187.9,192.2,4.7,420.1,439.3,420.1,436.0
0,0.71,0,4.26,2.82,19.34,0.023,3.04,2.81,0.018,0.23,0.122,187.9,192.2,4.66,420.1,439.4,419.9,436.0
0,0.72,0,4.23,2.55,19.35,0.024,3.33,3.1,0.018,0.23,0.124,187.9,192.2,4.69,420.1,439.4,420.1,435.9
0,0.71,0,4.3,2.72,19.31,0.023,2.6,2.37,0.018,0.23,0.12,187.9,192.2,4.6,420.0,439.4,420.1,436.0
0,0.72,0,4.28,2.63,19.37,0.022,2.87,2.64,0.017,0.23,0.117,187.9,192.2,4.64,419.9,439.7,420.0,436.0
0,0.72,0,4.28,2.65,19.31,0.023,3.6,3.37,0.017,0.23,0.119,187.9,192.3,4.59,419.9,439.5,420.0,436.2
0,0.72,0,4.26,2.67,19.31,0.024,3.47,3.24,0.019,0.23,0.126,187.9,192.3,4.68,419.9,439.6,420.1,436.1
0,0.71,0,4.32,2.68,19.31,0.023,3.8,3.57,0.018,0.23,0.12,187.9,192.3,4.65,419.9,439.3,420.1,436.6
0,0.72,0,4.28,2.67,19.37,0.025,3.02,2.79,0.019,0.23,0.128,187.9,192.3,4.72,420.0,439.5,420.0,436.4
0,0.72,0,4.25,2.72,19.33,0.024,3.27,3.04,0.019,0.23,0.126,187.9,192.2,4.68,420.1,439.4,420.0,436.2
0,0.73,0,4.31,2.68,19.28,0.024,2.66,2.43,0.019,0.23,0.128,187.9,192.2,4.64,420.3,439.4,420.0,436.7
0,0.73,0,4.3,2.68,19.33,0.023,3.09,2.86,0.018,0.23,0.122,187.9,192.3,4.62,420.3,439.5,420.0,436.2
0,0.72,0,4.22,2.69,19.33,0.024,3.1,2.87,0.019,0.23,0.128,187.9,192.3,4.65,420.1,439.4,420.1,436.3
0,0.71,0,4.27,2.68,19.37,0.023,3.21,2.98,0.017,0.23,0.119,188.0,192.3,4.7,420.0,439.4,420.1,436.2
0,0.71,0,4.22,2.67,19.33,0.023,3.17,2.94,0.018,0.23,0.12,188.0,192.2,4.63,420.0,439.5,420.0,436.8
0,0.73,0,4.26,2.69,19.34,0.023,2.95,2.72,0.018,0.23,0.122,187.9,192.2,4.71,419.8,439.7,419.9,436.4
0,0.73,0,4.29,2.64,19.35,0.024,3.4,3.17,0.019,0.23,0.126,187.9,192.2,4.65,419.7,439.4,419.9,436.3
0,0.71,0,4.32,2.64,19.32,0.024,3.7,3.47,0.019,0.23,0.127,187.9,192.2,4.65,419.9,439.5,420.0,436.4
0,0.7,0,4.24,2.69,19.34,0.024,3.18,2.94,0.019,0.23,0.127,188.0,192.2,4.72,420.0,439.5,420.0,436.5
0,0.73,0,4.25,2.62,19.35,0.024,2.81,2.58,0.018,0.23,0.123,187.9,192.2,4.66,420.0,439.6,420.0,436.3
0,0.72,0,4.29,2.69,19.37,0.023,2.83,2.6,0.018,0.23,0.121,187.9,192.2,4.68,420.1,439.4,420.0,436.2
0,0.72,0,4.27,2.76,19.32,0.023,3.29,3.06,0.018,0.23,0.12,187.9,192.2,4.62,420.2,439.4,420.0,436.5
0,0.72,0,4.31,2.72,19.29,0.024,4.3,4.07,0.019,0.23,0.125,187.9,192.2,4.62,420.2,439.4,420.0,436.2
0,0.72,0,4.25,2.67,19.33,0.025,3.15,2.92,0.02,0.23,0.133,187.9,192.2,4.71,420.1,439.4,420.0,436.6
0,0.72,0,4.31,2.68,19.37,0.024,3.14,2.91,0.019,0.23,0.125,188.0,192.3,4.65,420.0,439.4,419.9,436.4
0,0.73,0,4.29,2.71,19.37,0.023,2.48,2.25,0.017,0.23,0.118,188.0,192.3,4.66,420.0,439.4,420.0,436.4
0,0.72,0,4.29,2.46,19.37,0.022,2.7,2.47,0.017,0.23,0.116,187.9,192.2,4.68,419.9,439.3,419.9,436.1
0,0.72,0,4.25,2.72,19.39,0.023,3.35,3.12,0.018,0.23,0.12,188.0,192.3,4.71,419.7,439.3,419.9,436.0
0,0.71,0,4.31,2.64,19.33,0.024,3.27,3.04,0.019,0.23,0.127,187.9,192.2,4.63,419.7,439.3,419.9,436.5
0,0.72,0,4.23,2.67,19.36,0.024,3.35,3.12,0.019,0.23,0.125,187.9,192.2,4.71,419.8,439.5,420.0,436.6
0,0.72,0,4.25,2.67,19.33,0.024,3.13,2.9,0.019,0.23,0.128,187.9,192.2,4.68,419.9,439.1,420.0,436.4
0,0.72,0,4.31,2.68,19.31,0.024,3.09,2.86,0.019,0.23,0.125,187.9,192.2,4.62,420.0,439.2,420.0,436.4
0,0.71,0,4.26,2.61,19.31,0.024,3.29,3.06,0.018,0.23,0.124,187.9,192.2,4.6,420.2,439.3,420.0,436.1
0,0.72,0,4.28,2.64,19.37,0.024,3.43,3.2,0.019,0.23,0.126,187.9,192.2,4.66,420.3,439.1,420.0,436.1
0,0.72,0,4.27,2.6,19.37,0.023,3.24,3.01,0.018,0.23,0.12,187.9,192.2,4.68,420.2,439.1,420.1,436.2
0,0.72,0,4.29,2.69,19.31,0.022,3.2,2.97,0.016,0.23,0.113,187.9,192.2,4.62,420.1,439.2,420.0,436.2
0,0.72,0,4.29,2.75,19.31,0.021,3.55,3.32,0.016,0.23,0.111,187.9,192.2,4.61,420.0,439.2,419.7,436.6
0,0.72,0,4.27,2.6,19.35,0.024,3.77,3.54,0.019,0.23,0.125,187.9,192.2,4.65,420.0,439.3,419.9,436.4
0,0.73,0,4.25,2.68,19.33,0.025,3.97,3.74,0.02,0.23,0.133,187.9,192.2,4.6,420.0,439.0,420.0,436.3
0,0.72,0,4.24,2.63,19.37,0.026,3.42,3.19,0.02,0.23,0.134,187.9,192.2,4.65,419.8,439.2,420.2,436.2
0,0.72,0,4.25,2.69,19.35,0.024,2.92,2.69,0.019,0.23,0.125,187.9,192.2,4.68,419.7,439.1,420.1,436.6
0,0.71,0,4.26,2.69,19.31,0.022,3.27,3.04,0.017,0.23,0.117,187.9,192.2,4.61,419.9,439.2,420.1,436.6
0,0.72,0,4.29,2.71,19.33,0.023,2.85,2.62,0.018,0.23,0.121,187.9,192.2,4.67,420.1,439.2,420.0,436.2
0,0.71,0,4.3,2.63,19.31,0.023,3.11,2.88,0.018,0.23,0.12,187.9,192.2,4.69,420.1,439.1,420.0,437.1
0,0.72,0,4.27,2.6,19.33,0.024,3.03,2.8,0.019,0.23,0.126,187.9,192.2,4.65,420.1,439.1,420.0,436.9
0,0.71,0,4.25,2.62,19.37,0.024,3.05,2.82,0.019,0.23,0.125,187.9,192.2,4.71,420.0,439.7,420.1,436.4
0,0.72,0,4.29,2.66,19.37,0.024,3.2,2.97,0.019,0.23,0.125,187.9,192.2,4.62,420.0,439.0,420.1,436.5
0,0.7,0,4.3,2.67,19.33,0.024,3.39,3.16,0.019,0.23,0.127,187.9,192.2,4.68,419.9,439.0,419.9,436.9
0,0.7,0,4.28,2.66,19.26,0.024,3.13,2.9,0.019,0.23,0.125,188.0,192.3,4.59,420.0,439.2,420.0,436.7
0,0.72,0,4.27,2.4,19.35,0.024,3.15,2.92,0.019,0.23,0.126,187.9,192.2,4.69,420.1,439.0,420.0,436.6
0,0.72,0,4.24,2.75,19.33,0.023,3.17,2.94,0.018,0.23,0.123,187.9,192.2,4.61,420.1,439.1,420.0,436.5
0,0.73,0,4.25,2.71,19.37,0.024,2.97,2.74,0.018,0.23,0.125,187.9,192.2,4.67,420.1,439.4,420.1,436.5
0,0.7,0,4.27,2.68,19.32,0.024,3.31,3.08,0.019,0.23,0.124,188.0,192.2,4.63,420.1,439.2,420.1,436.4
0,0.72,0,4.24,2.72,19.35,0.023,3.1,2.86,0.018,0.23,0.121,188.0,192.3,4.66,420.1,440.0,420.0,436.6
0,0.7,0,4.29,2.68,19.33,0.022,3.5,3.27,0.017,0.23,0.116,187.9,192.2,4.61,420.0,439.9,420.0,436.5
0,0.72,0,4.28,2.7,19.32,0.024,3.03,2.8,0.019,0.23,0.124,187.9,192.2,4.68,419.9,439.9,420.1,436.5
0,0.72,0,4.27,2.71,19.37,0.023,3.11,2.88,0.018,0.23,0.121,187.9,192.2,4.64,419.8,439.9,420.0,436.3
0,0.74,0,4.24,2.65,19.37,0.025,3.09,2.86,0.019,0.23,0.129,188.0,192.2,4.65,419.7,439.9,420.1,436.5
0,0.74,0,4.22,2.71,19.37,0.024,3.18,2.95,0.019,0.23,0.127,187.9,192.2,4.66,419.7,440.0,420.1,436.6
0,0.7,0,4.29,2.62,19.31,0.023,3.14,2.91,0.018,0.23,0.123,188.0,192.2,4.61,419.9,439.9,420.0,436.8
0,0.74,0,4.29,2.66,19.37,0.022,3.08,2.85,0.017,0.23,0.118,187.9,192.2,4.68,420.0,440.0,420.1,436.6
0,0.74,0,4.23,2.68,19.31,0.023,3.55,3.32,0.018,0.23,0.12,187.9,192.2,4.63,420.1,440.2,420.1,436.7
0,0.71,0,4.27,2.71,19.31,0.023,3.02,2.79,0.018,0.23,0.12,187.9,192.2,4.61,420.1,440.1,419.9,436.5
0,0.72,0,4.28,2.72,19.31,0.023,3.87,3.64,0.018,0.23,0.123,187.9,192.3,4.69,420.1,439.8,420.1,436.3
0,0.72,0,4.26,2.69,19.31,0.024,3.7,3.47,0.019,0.23,0.126,188.0,192.2,4.65,420.1,440.3,420.1,436.9
0,0.73,0,4.28,2.72,19.36,0.024,3.35,3.12,0.019,0.23,0.128,188.0,192.2,4.64,420.1,439.7,420.0,436.6
0,0.72,0,4.29,2.66,19.37,0.025,3.59,3.36,0.019,0.23,0.129,187.9,192.2,4.71,420.0,439.7,420.0,436.5
0,0.72,0,4.22,2.72,19.32,0.023,3.01,2.78,0.018,0.23,0.121,187.9,192.2,4.67,419.9,439.7,420.1,436.5
0,0.73,0,4.3,2.67,19.37,0.023,3.12,2.89,0.017,0.23,0.119,187.9,192.2,4.71,419.8,440.1,420.0,436.5
0,0.74,0,4.25,2.66,19.35,0.023,2.84,2.61,0.018,0.23,0.122,187.9,192.2,4.59,420.0,439.8,420.0,436.6
0,0.73,0,4.26,2.71,19.31,0.023,3.05,2.82,0.017,0.23,0.119,187.9,192.2,4.69,420.1,439.5,419.9,436.8
0,0.73,0,4.28,2.64,19.37,0.024,2.99,2.76,0.018,0.23,0.124,187.9,192.2,4.73,420.1,439.6,420.0,436.6
0,0.71,0,4.31,2.62,19.34,0.023,3.0,2.77,0.018,0.23,0.123,187.9,192.3,4.66,420.0,439.9,420.0,436.7
0,0.72,0,4.28,2.64,19.33,0.024,3.21,2.98,0.019,0.23,0.128,187.9,192.2,4.65,420.0,439.9,420.0,437.0
0,0.71,0,4.27,2.71,19.29,0.025,3.65,3.42,0.019,0.23,0.129,187.9,192.2,4.63,420.1,439.5,420.0,437.0
0,0.73,0,4.21,2.6,19.3,0.024,3.36,3.13,0.019,0.23,0.127,187.9,192.2,4.61,419.8,439.4,420.0,437.0
0,0.73,0,4.25,2.66,19.37,0.025,3.31,3.08,0.019,0.23,0.128,187.9,192.2,4.65,419.7,439.5,420.1,436.6
0,0.72,0,4.3,2.6,19.33,0.023,3.11,2.88,0.018,0.23,0.123,187.9,192.2,4.59,419.8,439.2,420.0,436.5
0,0.72,0,4.28,2.69,19.35,0.023,3.04,2.81,0.018,0.23,0.121,187.9,192.2,4.64,420.1,439.2,420.1,436.5
0,0.72,0,4.3,2.66,19.34,0.022,2.84,2.61,0.016,0.23,0.114,187.9,192.2,4.6,420.2,439.2,420.0,436.5
0,0.73,0,4.23,2.82,19.35,0.023,3.05,2.82,0.018,0.23,0.121,187.9,192.2,4.67,420.1,439.2,420.0,437.0
0,0.71,0,4.31,2.71,19.34,0.025,3.4,3.17,0.019,0.23,0.129,187.9,192.2,4.69,420.1,439.5,420.0,436.7
0,0.7,0,4.26,2.71,19.35,0.025,3.84,3.61,0.02,0.23,0.132,187.9,192.2,4.72,420.1,439.4,419.9,436.4
0,0.71,0,4.3,2.75,19.34,0.024,3.45,3.22,0.019,0.23,0.127,187.9,192.2,4.66,420.1,439.4,419.9,436.8
0,0.71,0,4.28,2.65,19.31,0.023,3.37,3.14,0.018,0.23,0.122,187.9,192.2,4.66,419.9,439.1,420.0,436.5
0,0.72,0,4.27,2.66,19.38,0.023,3.05,2.82,0.017,0.23,0.119,187.9,192.2,4.68,419.9,439.2,420.0,436.9
0,0.72,0,4.26,2.72,19.37,0.023,3.33,3.1,0.017,0.23,0.118,187.9,192.2,4.68,419.9,438.9,420.1,436.4
0,0.7,0,4.29,2.62,19.34,0.024,3.1,2.87,0.018,0.23,0.123,187.9,192.2,4.65,420.1,437.9,420.0,436.9
0,0.72,0,4.3,2.66,19.35,0.024,2.98,2.75,0.019,0.23,0.125,187.9,192.2,4.7,420.2,437.9,419.9,436.6
0,0.72,0,4.27,2.65,19.31,0.024,2.93,2.7,0.019,0.23,0.127,187.9,192.2,4.64,420.2,438.1,420.0,436.9
0,0.71,0,4.31,2.69,19.35,0.023,3.04,2.81,0.018,0.23,0.121,187.9,192.2,4.73,420.1,437.9,420.0,436.6
0,0.72,0,4.24,2.74,19.33,0.023,2.62,2.39,0.018,0.23,0.122,187.9,192.2,4.67,420.0,438.0,419.9,436.9
0,0.72,0,4.26,2.7,19.33,0.022,3.0,2.77,0.017,0.23,0.116,188.0,192.2,4.65,419.7,437.9,419.9,437.0
0,0.72,0,4.27,2.71,19.38,0.023,3.02,2.79,0.018,0.23,0.122,188.0,192.3,4.68,419.7,437.9,419.9,436.6
0,0.72,0,4.27,2.65,19.34,0.023,2.97,2.74,0.017,0.23,0.119,188.0,192.3,4.69,419.7,438.1,419.9,436.9
0,0.72,0,4.26,2.69,19.35,0.024,2.93,2.7,0.018,0.23,0.124,188.0,192.3,4.65,419.9,437.8,420.0,437.1
0,0.72,0,4.31,2.68,19.37,0.024,3.41,3.18,0.018,0.23,0.123,187.9,192.2,4.68,420.0,438.0,419.7,436.4
0,0.72,0,4.27,2.67,19.3,0.025,3.33,3.1,0.02,0.23,0.131,187.9,192.2,4.63,420.1,438.6,419.9,436.5
0,0.72,0,4.3,2.62,19.34,0.025,3.59,3.36,0.02,0.23,0.131,187.9,192.2,4.62,420.3,437.9,420.1,436.4
0,0.72,0,4.29,2.7,19.38,0.025,3.51,3.28,0.019,0.23,0.129,187.9,192.2,4.66,420.1,438.0,420.0,436.5
0,0.72,0,4.31,2.67,19.37,0.024,3.49,3.26,0.019,0.23,0.125,187.9,192.2,4.67,420.1,438.1,420.1,437.0
0,0.72,0,4.27,2.68,19.35,0.023,3.37,3.14,0.017,0.23,0.119,188.0,192.2,4.7,420.1,438.4,420.0,436.6
0,0.73,0,4.19,2.71,19.37,0.021,3.41,3.18,0.016,0.23,0.111,187.9,192.3,4.65,419.9,437.9,420.0,437.1
0,0.72,0,4.18,2.68,19.37,0.023,2.83,2.6,0.018,0.23,0.12,188.0,192.3,4.69,419.8,438.1,419.9,437.2
0,0.72,0,4.12,2.66,19.37,0.025,3.09,2.86,0.019,0.23,0.129,188.0,192.3,4.68,419.9,437.8,420.1,437.1
0,0.71,0,4.08,2.71,19.37,0.023,2.72,2.49,0.017,0.23,0.118,188.0,192.3,4.7,420.1,438.1,420.0,437.2
0,0.71,0,4.0,2.6,19.33,0.024,3.6,3.37,0.019,0.23,0.127,187.9,192.3,4.68,420.1,438.0,420.0,437.2
0,0.73,0,4.12,2.77,19.38,0.025,3.2,2.97,0.02,0.23,0.133,188.0,192.2,4.74,420.1,437.9,419.9,437.3
0,0.72,0,4.12,2.63,19.31,0.024,2.67,2.44,0.018,0.23,0.123,187.9,192.2,4.68,420.0,438.3,420.0,437.5
0,0.71,0,4.09,2.49,19.37,0.023,3.31,3.08,0.017,0.23,0.119,187.9,192.2,4.73,420.0,438.3,420.1,437.5
0,0.72,0,4.21,2.66,19.32,0.023,3.03,2.8,0.017,0.23,0.119,188.0,192.2,4.65,419.9,437.9,420.0,437.5
0,0.72,0,4.2,2.74,19.31,0.023,3.12,2.88,0.018,0.23,0.12,187.9,192.2,4.64,419.9,438.2,420.1,437.5
0,0.71,0,4.19,2.73,19.3,0.023,3.74,3.51,0.018,0.23,0.122,187.9,192.2,4.63,420.0,437.8,420.1,437.5
0,0.72,0,4.27,2.65,19.3,0.023,3.32,3.09,0.018,0.23,0.122,188.0,192.2,4.59,420.0,438.4,420.0,437.7
0,0.72,0,4.21,2.64,19.33,0.025,3.24,3.01,0.019,0.23,0.129,188.0,192.2,4.68,420.1,437.9,420.0,437.7
0,0.72,0,4.2,2.7,19.33,0.024,3.18,2.95,0.018,0.23,0.124,187.9,192.2,4.68,420.1,438.0,420.0,437.7
0,0.71,0,4.27,2.65,19.34,0.025,3.23,3.0,0.019,0.23,0.129,187.9,192.2,4.67,420.1,437.9,420.1,437.3
0,0.73,0,4.27,2.71,19.35,0.024,2.98,2.75,0.019,0.23,0.125,187.9,192.2,4.71,420.1,438.1,420.0,437.5
0,0.73,0,4.26,2.61,19.37,0.023,3.54,3.31,0.018,0.23,0.12,187.9,192.2,4.72,420.0,438.4,420.1,437.8
0,0.73,0,4.31,2.68,19.37,0.024,3.07,2.84,0.019,0.23,0.125,187.9,192.2,4.68,420.0,438.4,419.9,437.4
0,0.72,0,4.28,2.71,19.37,0.023,2.74,2.51,0.018,0.23,0.122,187.9,192.2,4.62,420.0,438.6,420.0,437.8
0,0.74,0,4.24,2.71,19.36,0.023,2.93,2.7,0.017,0.23,0.119,187.9,192.2,4.65,420.0,438.5,420.0,437.4
0,0.74,0,4.29,2.66,19.37,0.022,2.96,2.73,0.017,0.23,0.118,187.9,192.2,4.67,420.1,438.3,420.1,437.6
0,0.74,0,4.27,2.65,19.39,0.024,3.18,2.95,0.019,0.23,0.126,188.0,192.2,4.68,420.1,438.4,420.0,437.8
0,0.73,0,4.25,2.62,19.37,0.024,3.69,3.46,0.018,0.23,0.124,187.9,192.1,4.7,420.0,438.5,420.0,437.6
0,0.73,0,4.22,2.69,19.37,0.024,3.6,3.37,0.019,0.23,0.126,187.9,192.1,4.72,419.9,438.6,420.0,437.8
0,0.74,0,4.31,2.66,19.35,0.024,3.64,3.41,0.019,0.23,0.126,188.0,192.3,4.66,419.8,439.5,420.0,437.5
0,0.73,0,4.21,2.67,19.33,0.024,3.06,2.83,0.019,0.23,0.128,187.9,192.1,4.68,419.7,439.1,420.1,437.5
0,0.72,0,4.25,2.69,19.37,0.024,3.03,2.8,0.019,0.23,0.126,187.9,192.2,4.64,419.9,439.3,420.0,437.7
0,0.72,0,4.28,2.66,19.34,0.024,3.31,3.08,0.019,0.23,0.125,187.9,192.2,4.69,420.0,439.2,419.9,437.8
0,0.72,0,4.27,2.63,19.35,0.024,2.83,2.6,0.019,0.23,0.127,187.9,192.2,4.64,420.1,439.2,419.9,437.8
0,0.72,0,4.26,2.72,19.31,0.022,2.79,2.56,0.017,0.23,0.115,187.9,192.2,4.65,420.1,439.9,420.0,437.9
0,0.75,0,4.22,2.67,19.42,0.022,3.0,2.77,0.017,0.23,0.117,187.9,192.2,4.69,420.0,440.0,420.0,437.9
0,0.75,0,4.24,2.62,19.37,0.024,2.96,2.73,0.018,0.23,0.123,187.9,192.2,4.66,420.1,439.9,420.1,437.6
0,0.75,0,4.23,2.68,19.39,0.024,3.07,2.84,0.019,0.23,0.127,187.9,192.2,4.69,420.0,440.0,420.0,437.7
0,0.74,0,4.27,2.62,19.37,0.025,2.9,2.67,0.02,0.23,0.131,187.9,192.2,4.6,419.9,440.1,420.0,437.5
0,0.74,0,4.25,2.64,19.4,0.024,3.42,3.19,0.019,0.23,0.126,187.9,192.2,4.74,419.7,439.7,420.0,437.8
0,0.72,0,4.29,2.68,19.36,0.024,3.26,3.03,0.019,0.23,0.126,187.9,192.2,4.65,419.7,439.7,420.1,438.3
0,0.72,0,4.22,2.74,19.35,0.023,3.11,2.88,0.018,0.23,0.122,187.9,192.2,4.7,419.9,439.8,420.0,438.0
0,0.72,0,4.24,2.67,19.38,0.023,2.85,2.62,0.018,0.23,0.121,187.9,192.2,4.71,420.1,439.7,420.0,438.2
0,0.72,0,4.26,2.59,19.31,0.024,3.47,3.24,0.019,0.23,0.127,187.9,192.2,4.67,420.2,439.8,420.0,437.7
0,0.74,0,4.22,2.6,19.37,0.023,3.46,3.23,0.018,0.23,0.12,187.9,192.2,4.72,420.1,439.9,420.0,437.8
0,0.72,0,4.31,2.68,19.31,0.023,2.96,2.73,0.018,0.23,0.122,187.9,192.2,4.67,420.1,439.7,420.0,437.9
0,0.72,0,4.26,2.64,19.36,0.023,3.2,2.97,0.018,0.23,0.123,187.9,192.2,4.63,420.0,439.6,420.0,437.7
0,0.71,0,4.27,2.63,19.33,0.023,3.65,3.42,0.018,0.23,0.121,187.9,192.2,4.68,419.9,439.7,419.9,437.5
0,0.72,0,4.29,2.58,19.32,0.024,3.18,2.95,0.019,0.23,0.124,187.9,192.2,4.63,419.7,439.7,420.0,437.8
0,0.74,0,4.27,2.74,19.34,0.024,3.34,3.11,0.019,0.23,0.126,187.9,192.2,4.7,419.9,439.7,420.0,438.3
0,0.74,0,4.23,2.68,19.37,0.024,3.23,3.0,0.019,0.23,0.126,187.9,192.2,4.64,419.9,439.6,420.1,438.2
0,0.72,0,4.31,2.72,19.33,0.024,3.32,3.09,0.019,0.23,0.127,187.9,192.2,4.66,419.9,439.8,420.0,438.1
0,0.74,0,4.29,2.71,19.32,0.024,3.03,2.8,0.019,0.23,0.125,187.9,192.2,4.64,420.1,439.7,420.1,438.0
0,0.72,0,4.31,2.72,19.31,0.022,2.96,2.73,0.017,0.23,0.117,187.9,192.2,4.63,420.1,439.6,420.0,437.8
0,0.72,0,4.24,2.75,19.35,0.023,2.87,2.64,0.018,0.23,0.123,187.9,192.2,4.69,420.1,439.8,420.0,437.9
0,0.74,0,4.21,2.71,19.33,0.023,2.53,2.3,0.018,0.23,0.121,187.9,192.2,4.63,420.1,439.7,420.0,438.1
0,0.74,0,4.3,2.67,19.37,0.023,3.71,3.48,0.018,0.23,0.122,187.9,192.2,4.65,420.1,439.9,419.8,438.3
0,0.72,0,4.22,2.69,19.38,0.025,3.54,3.31,0.019,0.23,0.129,187.9,192.2,4.69,420.0,439.7,420.0,438.0
0,0.73,0,4.31,2.66,19.31,0.025,3.55,3.32,0.02,0.23,0.13,187.9,192.2,4.63,419.9,439.9,419.9,437.9
0,0.71,0,4.29,2.72,19.31,0.024,3.88,3.65,0.019,0.23,0.128,187.9,192.2,4.61,419.9,439.8,420.0,438.1
0,0.73,0,4.32,2.66,19.31,0.024,3.62,3.39,0.019,0.23,0.125,187.9,192.2,4.68,420.1,439.7,420.0,438.3
0,0.7,0,4.27,2.67,19.33,0.023,2.74,2.51,0.018,0.23,0.122,187.9,192.2,4.68,420.5,439.7,419.9,437.7
0,0.72,0,4.26,2.62,19.29,0.023,3.47,3.24,0.018,0.23,0.122,187.9,192.2,4.63,420.4,439.7,420.0,437.9
0,0.72,0,4.3,2.7,19.32,0.024,2.51,2.28,0.018,0.23,0.123,187.9,192.2,4.63,420.3,439.7,419.9,438.3
0,0.73,0,4.26,2.75,19.36,0.023,2.99,2.76,0.018,0.23,0.121,187.9,192.2,4.64,420.0,439.6,420.1,437.6
0,0.71,0,4.24,2.68,19.33,0.023,3.64,3.41,0.017,0.23,0.118,187.9,192.2,4.7,420.1,439.7,420.2,437.7
0,0.72,0,4.26,2.65,19.33,0.024,3.55,3.32,0.019,0.23,0.126,187.9,192.2,4.63,420.0,439.7,420.1,438.1
0,0.72,0,4.25,2.6,19.36,0.024,3.4,3.17,0.019,0.23,0.124,187.9,192.2,4.69,420.0,440.3,419.9,437.9
0,0.73,0,4.24,2.68,19.37,0.024,3.34,3.11,0.018,0.23,0.124,187.9,192.2,4.72,419.8,439.6,420.1,437.7
0,0.74,0,4.34,2.61,19.37,0.023,3.56,3.33,0.018,0.23,0.123,187.9,192.2,4.65,419.7,439.7,420.1,438.2
0,0.73,0,4.28,2.91,19.35,0.024,3.43,3.2,0.018,0.23,0.124,187.9,192.2,4.65,419.7,439.7,419.9,438.3
0,0.74,0,4.3,2.71,19.35,0.025,3.3,3.07,0.019,0.23,0.129,187.9,192.2,4.72,419.8,439.6,420.0,437.8
0,0.72,0,4.26,2.65,19.31,0.023,2.63,2.4,0.018,0.23,0.122,187.9,192.2,4.68,420.1,439.7,420.0,437.7
0,0.72,0,4.24,2.66,19.35,0.023,3.13,2.9,0.018,0.23,0.12,188.0,192.3,4.64,420.1,440.2,420.0,437.8
0,0.72,0,4.26,2.65,19.33,0.023,3.5,3.27,0.018,0.23,0.122,188.0,192.2,4.69,420.0,440.2,420.0,438.1
0,0.74,0,4.28,2.69,19.37,0.023,3.21,2.98,0.018,0.23,0.12,187.9,192.2,4.72,420.1,439.5,420.0,438.2
0,0.71,0,4.32,2.72,19.34,0.023,3.48,3.25,0.018,0.23,0.12,188.0,192.2,4.68,420.0,440.1,420.1,438.4
0,0.72,0,4.3,2.69,19.35,0.024,3.24,3.01,0.019,0.23,0.126,187.9,192.2,4.71,420.0,439.7,419.9,437.8
0,0.71,0,4.32,2.66,19.32,0.025,2.86,2.63,0.02,0.23,0.132,187.9,192.2,4.66,420.1,440.3,420.0,437.9
0,0.71,0,4.28,2.66,19.35,0.024,3.12,2.89,0.019,0.23,0.127,187.9,192.2,4.63,419.9,439.7,420.0,438.1
0,0.71,0,4.31,2.62,19.29,0.023,3.05,2.82,0.018,0.23,0.123,187.9,192.2,4.61,419.8,439.6,420.0,438.5
0,0.71,0,4.3,2.67,19.33,0.023,2.75,2.52,0.018,0.23,0.12,187.9,192.2,4.64,420.0,440.1,420.0,438.4
0,0.72,0,4.3,2.72,19.34,0.023,2.71,2.48,0.018,0.23,0.12,187.9,192.2,4.68,420.2,439.6,420.1,438.1
0,0.7,0,4.26,2.7,19.32,0.023,2.99,2.76,0.017,0.23,0.118,187.9,192.2,4.67,420.2,439.7,420.0,438.3
0,0.73,0,4.3,2.62,19.33,0.023,2.91,2.68,0.018,0.23,0.122,187.9,192.2,4.64,420.2,439.7,420.1,438.2
0,0.71,0,4.23,2.72,19.35,0.023,3.05,2.82,0.018,0.23,0.122,187.9,192.2,4.68,420.2,439.6,420.1,438.2
0,0.71,0,4.28,2.63,19.29,0.024,3.25,3.02,0.018,0.23,0.124,188.0,192.2,4.67,420.1,439.6,420.0,438.3
0,0.72,0,4.3,2.71,19.37,0.024,3.14,2.91,0.019,0.23,0.125,187.9,192.2,4.7,420.1,439.7,419.9,438.3
0,0.73,0,4.28,2.71,19.33,0.024,3.34,3.11,0.018,0.23,0.123,187.9,192.2,4.63,420.0,439.9,420.0,438.0
0,0.71,0,4.28,2.68,19.31,0.024,2.62,2.39,0.019,0.23,0.127,187.9,192.2,4.6,420.0,439.7,420.0,438.1
0,0.7,0,4.26,2.53,19.34,0.024,3.54,3.31,0.019,0.23,0.125,187.9,192.2,4.67,420.0,439.5,419.8,438.3
0,0.71,0,4.25,2.69,19.33,0.023,3.0,2.77,0.018,0.23,0.122,187.9,192.2,4.65,419.8,439.3,419.9,438.2
0,0.71,0,4.22,2.72,19.33,0.023,2.92,2.69,0.018,0.23,0.12,187.9,192.2,4.7,419.7,439.5,419.9,438.3
0,0.72,0,4.3,2.64,19.31,0.022,2.69,2.46,0.017,0.23,0.117,187.9,192.2,4.66,419.7,439.4,420.1,438.2
0,0.72,0,4.3,2.63,19.31,0.022,3.6,3.37,0.017,0.23,0.118,187.9,192.2,4.63,419.9,439.4,420.0,438.1
0,0.7,0,4.28,2.62,19.31,0.023,3.4,3.17,0.018,0.23,0.121,187.9,192.2,4.64,420.1,439.4,420.0,438.2
0,0.71,0,4.27,2.66,19.31,0.023,3.45,3.22,0.018,0.23,0.12,187.9,192.2,4.68,420.2,439.4,419.9,438.3
0,0.72,0,4.29,2.73,19.38,0.025,3.31,3.08,0.02,0.23,0.13,187.9,192.2,4.65,420.1,439.8,420.0,437.8
0,0.72,0,4.32,2.63,19.31,0.025,3.02,2.79,0.02,0.23,0.13,187.9,192.2,4.67,420.0,439.4,420.0,438.1
0,0.71,0,4.3,2.64,19.31,0.024,3.09,2.86,0.019,0.23,0.128,187.9,192.2,4.65,420.0,439.9,420.1,437.8
0,0.71,0,4.34,2.72,19.33,0.023,3.24,3.01,0.018,0.23,0.12,187.9,192.2,4.63,419.8,439.3,420.0,438.3
0,0.71,0,4.3,2.67,19.31,0.023,3.17,2.94,0.018,0.23,0.12,188.0,192.3,4.68,420.0,439.3,420.1,438.2
0,0.72,0,4.3,2.66,19.34,0.022,2.95,2.72,0.017,0.23,0.116,187.9,192.2,4.62,420.2,439.5,420.0,437.8
0,0.73,0,4.32,2.69,19.35,0.023,3.21,2.98,0.018,0.23,0.121,187.9,192.2,4.69,420.2,440.1,420.0,438.2
0,0.73,0,4.29,2.7,19.31,0.024,3.4,3.17,0.019,0.23,0.125,188.0,192.3,4.63,420.0,439.4,419.9,438.3
0,0.74,0,4.3,2.68,19.37,0.025,3.02,2.79,0.019,0.23,0.129,188.0,192.3,4.7,420.1,439.5,419.9,437.9
0,0.71,0,4.32,2.68,19.31,0.023,3.45,3.22,0.018,0.23,0.122,188.0,192.3,4.65,420.0,439.4,420.0,437.8
0,0.74,0,4.27,2.61,19.32,0.024,3.1,2.87,0.019,0.23,0.127,188.0,192.3,4.62,419.9,439.4,420.0,438.5
0,0.72,0,4.31,2.7,19.32,0.023,2.89,2.66,0.018,0.23,0.121,187.9,192.2,4.6,419.8,439.7,420.0,438.3
0,0.73,0,4.31,2.72,19.34,0.023,2.59,2.36,0.018,0.23,0.119,188.0,192.3,4.7,419.6,439.3,420.0,438.2
0,0.71,0,4.33,2.65,19.29,0.023,2.97,2.74,0.017,0.23,0.118,188.0,192.3,4.66,419.8,439.6,420.0,437.8
0,0.71,0,4.29,2.69,19.31,0.023,2.89,2.66,0.018,0.23,0.121,188.0,192.3,4.65,420.0,439.6,420.1,437.7
0,0.71,0,4.32,2.54,19.32,0.023,3.45,3.22,0.018,0.23,0.12,188.0,192.3,4.65,420.1,439.5,419.9,438.3
0,0.73,0,4.3,2.76,19.31,0.023,3.27,3.04,0.018,0.23,0.121,188.0,192.3,4.59,420.0,439.3,419.9,438.6
0,0.72,0,4.27,2.66,19.31,0.025,3.34,3.11,0.019,0.23,0.129,188.0,192.3,4.67,419.9,439.5,420.1,438.5
0,0.73,0,4.34,2.6,19.31,0.025,2.96,2.73,0.02,0.23,0.131,187.9,192.3,4.66,419.7,439.6,420.0,438.6
0,0.71,0,4.26,2.67,19.32,0.024,3.25,3.02,0.019,0.23,0.127,187.9,192.2,4.65,419.8,439.7,419.9,438.6
0,0.72,0,4.17,2.68,19.31,0.023,3.31,3.08,0.018,0.23,0.123,187.9,192.3,4.62,419.9,439.4,420.1,438.4
0,0.75,0,4.12,2.77,19.37,0.023,2.77,2.54,0.018,0.23,0.12,187.9,192.3,4.68,420.0,439.4,420.0,438.8
0,0.74,0,4.21,2.65,19.37,0.022,3.04,2.81,0.017,0.23,0.115,187.9,192.3,4.7,420.1,439.9,420.0,438.8
0,0.74,0,4.18,2.74,19.37,0.024,3.18,2.95,0.018,0.23,0.124,187.9,192.3,4.65,420.2,439.5,420.0,438.3
0,0.74,0,4.19,2.67,19.4,0.024,3.77,3.54,0.019,0.23,0.128,188.0,192.3,4.65,420.1,439.7,420.0,438.4
0,0.74,0,4.14,2.55,19.38,0.025,3.23,3.0,0.019,0.23,0.129,187.9,192.3,4.66,420.1,439.4,420.0,438.6
0,0.73,0,4.08,2.77,19.35,0.024,3.23,3.0,0.019,0.23,0.125,187.9,192.3,4.7,420.1,439.5,419.8,438.4
0,0.71,0,4.0,2.69,19.37,0.024,2.72,2.49,0.019,0.23,0.126,188.0,192.3,4.73,420.1,440.0,420.0,438.5
0,0.74,0,4.14,2.71,19.37,0.023,2.99,2.76,0.018,0.23,0.121,188.0,192.3,4.63,420.0,439.3,420.1,438.5
0,0.72,0,4.16,2.6,19.36,0.023,2.89,2.66,0.017,0.23,0.119,188.0,192.3,4.68,420.0,439.4,420.0,438.8
0,0.71,0,4.24,2.64,19.33,0.022,3.03,2.8,0.017,0.23,0.117,188.0,192.3,4.62,419.9,439.5,420.1,438.2
0,0.72,0,4.18,2.7,19.34,0.023,2.87,2.64,0.018,0.23,0.123,187.9,192.3,4.68,419.9,439.9,420.0,438.3
0,0.73,0,4.23,2.48,19.33,0.023,3.34,3.11,0.018,0.23,0.121,187.9,192.3,4.66,419.9,439.3,420.0,438.4
0,0.72,0,4.17,2.4,19.33,0.024,3.13,2.9,0.019,0.23,0.127,187.9,192.2,4.73,420.1,439.4,419.8,438.3
0,0.72,0,4.2,2.72,19.31,0.025,2.87,2.64,0.019,0.23,0.129,187.9,192.2,4.66,420.1,439.5,420.0,438.6
0,0.72,0,4.29,2.68,19.34,0.024,3.7,3.47,0.018,0.23,0.123,187.9,192.2,4.72,420.1,439.4,420.0,438.6
0,0.71,0,4.28,2.68,19.33,0.023,3.63,3.4,0.018,0.23,0.12,187.9,192.2,4.66,420.1,439.2,420.0,438.5
0,0.72,0,4.29,2.63,19.31,0.023,3.45,3.22,0.018,0.23,0.123,187.9,192.2,4.63,420.0,439.6,420.0,438.3
0,0.72,0,4.21,2.73,19.31,0.023,3.3,3.07,0.018,0.23,0.123,187.9,192.2,4.6,420.0,439.4,420.1,438.4
0,0.72,0,4.25,2.65,19.31,0.024,3.31,3.08,0.019,0.23,0.126,187.9,192.2,4.68,419.9,439.3,420.1,438.7
0,0.71,0,4.27,2.72,19.29,0.023,3.13,2.9,0.017,0.23,0.118,187.9,192.2,4.64,420.0,439.9,420.1,438.3
0,0.72,0,4.17,2.7,19.35,0.024,3.05,2.82,0.019,0.23,0.127,187.9,192.2,4.7,420.1,439.5,420.0,438.2
0,0.72,0,4.2,2.69,19.33,0.024,3.07,2.84,0.019,0.23,0.124,187.9,192.2,4.63,420.1,439.4,420.1,438.6
0,0.73,0,4.23,2.68,19.31,0.022,3.36,3.13,0.017,0.23,0.116,187.9,192.2,4.6,420.1,439.5,420.0,438.9
0,0.71,0,4.28,2.72,19.31,0.023,3.42,3.19,0.018,0.23,0.121,187.9,192.2,4.67,420.0,439.4,420.0,438.8
0,0.7,0,4.3,2.62,19.31,0.024,3.14,2.91,0.019,0.23,0.126,187.9,192.2,4.68,419.7,439.4,420.1,438.4
0,0.72,0,4.25,2.72,19.35,0.024,3.35,3.12,0.019,0.23,0.125,187.9,192.2,4.65,419.7,439.7,420.0,438.4
0,0.73,0,4.19,2.66,19.33,0.024,3.14,2.91,0.019,0.23,0.125,187.9,192.2,4.68,419.8,439.3,420.1,438.4
0,0.71,0,4.26,2.66,19.32,0.022,2.94,2.71,0.017,0.23,0.117,187.9,192.2,4.65,420.1,439.5,420.0,437.5
0,0.71,0,4.23,2.65,19.31,0.023,3.41,3.18,0.018,0.23,0.121,188.0,192.3,4.62,420.2,439.4,420.0,437.9
0,0.73,0,4.25,2.6,19.3,0.023,3.26,3.03,0.018,0.23,0.123,188.0,192.3,4.59,420.3,439.5,420.0,438.1
0,0.74,0,4.26,2.71,19.37,0.024,3.42,3.19,0.018,0.23,0.124,188.0,192.3,4.66,420.2,439.9,420.0,438.1
0,0.74,0,4.25,2.66,19.31,0.023,3.04,2.81,0.018,0.23,0.12,188.0,192.2,4.6,420.1,439.2,420.0,437.7
0,0.71,0,4.29,2.64,19.31,0.024,3.22,2.99,0.019,0.23,0.127,187.9,192.3,4.67,420.0,439.5,420.0,437.7
0,0.74,0,4.22,2.65,19.37,0.022,3.64,3.41,0.017,0.23,0.118,188.0,192.3,4.64,420.0,439.4,420.0,438.1
0,0.72,0,4.25,2.46,19.31,0.023,3.2,2.97,0.018,0.23,0.12,188.0,192.3,4.61,419.8,439.5,420.0,437.7
0,0.72,0,4.27,2.63,19.35,0.024,2.92,2.69,0.019,0.23,0.125,188.0,192.2,4.65,420.1,439.6,420.0,437.9
0,0.73,0,4.23,2.64,19.35,0.023,3.06,2.83,0.018,0.23,0.122,188.0,192.3,4.66,420.2,439.2,420.0,437.7
0,0.74,0,4.19,2.5,19.33,0.023,3.33,3.1,0.018,0.23,0.122,188.0,192.3,4.62,420.2,439.2,420.1,438.0
0,0.72,0,4.26,2.67,19.34,0.024,2.88,2.65,0.019,0.23,0.126,188.0,192.2,4.68,420.0,439.4,420.0,438.5
0,0.75,0,4.27,2.68,19.33,0.024,3.18,2.95,0.018,0.23,0.124,188.0,192.2,4.63,419.9,439.4,420.0,438.4
0,0.73,0,4.3,2.65,19.33,0.024,3.3,3.07,0.019,0.23,0.126,188.0,192.2,4.71,419.9,439.3,419.9,438.2
0,0.74,0,4.26,2.72,19.37,0.024,3.21,2.98,0.019,0.23,0.127,188.0,192.2,4.65,420.0,439.2,420.0,438.5
0,0.75,0,4.28,2.78,19.37,0.023,2.87,2.64,0.017,0.23,0.119,187.9,192.2,4.68,420.1,439.4,419.9,438.0
0,0.74,0,4.26,2.72,19.37,0.022,2.75,2.52,0.016,0.23,0.114,187.9,192.2,4.7,420.2,439.2,420.0,438.5
0,0.74,0,4.13,2.66,19.36,0.022,3.01,2.78,0.017,0.23,0.115,187.9,192.2,4.63,420.1,439.2,419.9,438.4
0,0.74,0,4.1,2.61,19.33,0.024,2.92,2.69,0.018,0.23,0.125,187.9,192.2,4.65,420.0,439.4,420.0,438.2
0,0.72,0,4.05,2.66,19.36,0.023,3.15,2.92,0.018,0.23,0.122,187.9,192.2,4.64,420.0,439.3,420.0,438.1
0,0.73,0,4.08,2.69,19.39,0.024,3.33,3.1,0.018,0.23,0.125,187.9,192.2,4.65,419.9,439.4,420.0,438.0
0,0.73,0,4.14,2.65,19.35,0.025,3.31,3.08,0.02,0.23,0.131,188.0,192.2,4.65,419.9,439.5,420.1,438.2
0,0.74,0,4.17,2.72,19.33,0.024,3.65,3.42,0.019,0.23,0.125,187.9,192.2,4.7,419.9,439.8,420.0,438.4
0,0.73,0,4.1,2.67,19.31,0.024,2.9,2.67,0.019,0.23,0.126,187.9,192.2,4.66,420.0,439.1,420.0,438.5
0,0.73,0,4.01,2.73,19.32,0.022,3.31,3.08,0.017,0.23,0.116,188.0,192.2,4.65,420.1,439.0,419.9,438.3
0,0.73,0,3.96,2.8,19.31,0.022,3.04,2.81,0.017,0.23,0.116,187.9,192.2,4.61,420.2,439.0,419.9,438.4
0,0.72,0,4.06,2.7,19.31,0.023,2.76,2.53,0.018,0.23,0.121,187.9,192.1,4.59,420.2,439.4,420.0,438.5
0,0.7,0,3.99,2.77,19.31,0.023,3.35,3.12,0.017,0.23,0.119,187.9,192.1,4.69,420.2,439.4,419.8,438.3
0,0.71,0,4.13,2.77,19.31,0.024,3.75,3.52,0.019,0.23,0.127,187.9,192.1,4.59,420.0,439.6,420.0,438.4
0,0.72,0,4.17,2.74,19.33,0.026,3.34,3.11,0.02,0.23,0.135,187.9,192.1,4.67,419.9,439.1,420.0,438.1
0,0.71,0,3.97,2.77,19.32,0.024,3.49,3.26,0.019,0.23,0.126,187.9,192.1,4.66,419.7,439.2,419.9,438.2
0,0.72,0,3.99,2.64,19.37,0.024,3.41,3.18,0.018,0.23,0.124,187.9,192.1,4.7,419.7,439.1,419.9,438.1
0,0.7,0,4.06,2.76,19.31,0.024,2.75,2.52,0.018,0.23,0.124,187.9,192.1,4.65,419.8,439.1,420.0,438.4
0,0.72,0,3.98,2.66,19.29,0.022,3.11,2.88,0.017,0.23,0.116,188.0,192.2,4.59,420.0,439.1,420.0,438.4
0,0.72,0,4.09,2.72,19.31,0.022,3.07,2.84,0.017,0.23,0.115,187.9,192.1,4.68,420.1,439.4,420.0,438.3
0,0.72,0,4.12,2.69,19.35,0.023,3.38,3.15,0.018,0.23,0.122,187.9,192.1,4.66,420.2,439.1,420.0,438.4
0,0.7,0,4.15,2.69,19.33,0.024,3.3,3.07,0.018,0.23,0.124,187.9,192.1,4.69,420.1,439.1,420.0,438.3
0,0.7,0,3.98,2.74,19.35,0.024,3.11,2.88,0.019,0.23,0.126,188.0,192.2,4.64,420.0,439.3,420.0,438.6
0,0.74,0,4.03,2.69,19.35,0.023,2.92,2.69,0.018,0.23,0.12,188.0,192.2,4.64,420.0,439.2,419.9,439.0
0,0.73,0,4.07,2.72,19.32,0.023,3.12,2.89,0.018,0.23,0.12,187.9,192.1,4.62,420.0,439.7,420.1,438.7
0,0.75,0,4.14,2.73,19.37,0.024,3.08,2.85,0.019,0.23,0.126,187.9,192.2,4.67,419.9,439.1,420.1,438.3
0,0.73,0,4.17,2.65,19.36,0.023,2.93,2.7,0.018,0.23,0.121,188.0,192.2,4.72,419.7,439.3,420.1,438.4
0,0.74,0,4.0,2.7,19.37,0.024,3.22,2.99,0.019,0.23,0.125,188.0,192.2,4.7,419.9,439.1,420.1,438.5
0,0.76,0,3.93,2.8,19.35,0.022,3.72,3.49,0.016,0.23,0.113,188.0,192.2,4.63,420.0,439.1,420.0,438.4
0,0.74,0,4.04,2.67,19.31,0.023,3.64,3.41,0.018,0.23,0.12,188.0,192.2,4.67,420.1,439.0,420.0,438.4
0,0.74,0,4.07,2.72,19.31,0.024,3.41,3.18,0.019,0.23,0.126,187.9,192.2,4.65,420.1,438.9,420.0,438.4
0,0.71,0,4.07,2.72,19.35,0.023,3.21,2.98,0.018,0.23,0.121,188.0,192.3,4.68,419.9,439.0,420.0,438.2
0,0.74,0,3.96,2.68,19.35,0.024,2.83,2.6,0.019,0.23,0.126,188.0,192.3,4.73,419.8,438.8,420.0,438.0
0,0.73,0,4.07,2.68,19.35,0.022,2.88,2.65,0.017,0.23,0.114,188.0,192.2,4.7,419.9,439.0,420.0,438.1
0,0.74,0,4.08,2.71,19.35,0.022,4.11,3.88,0.017,0.23,0.118,188.0,192.2,4.63,420.0,438.7,420.0,437.8
0,0.72,0,4.12,2.63,19.37,0.025,3.4,3.17,0.019,0.23,0.129,188.0,192.2,4.64,420.3,438.9,420.0,438.3
0,0.73,0,4.04,2.7,19.38,0.024,2.88,2.65,0.019,0.23,0.126,188.0,192.3,4.65,420.3,438.9,420.0,438.3
0,0.71,0,3.98,2.56,19.32,0.023,3.27,3.04,0.018,0.23,0.12,188.0,192.2,4.63,420.2,439.0,420.0,438.4
0,0.72,0,3.98,2.73,19.32,0.024,3.07,2.84,0.018,0.23,0.124,188.0,192.3,4.68,420.1,439.0,420.2,437.9
0,0.74,0,3.92,2.8,19.37,0.024,3.27,3.04,0.018,0.23,0.123,188.0,192.2,4.63,420.1,438.9,420.1,437.9
0,0.73,0,3.99,2.76,19.32,0.022,3.03,2.8,0.017,0.23,0.117,188.0,192.2,4.68,420.0,438.9,419.9,437.9
0,0.72,0,4.08,2.6,19.31,0.022,3.18,2.95,0.017,0.23,0.117,188.0,192.2,4.68,420.1,439.0,420.2,438.0
0,0.72,0,4.22,2.65,19.36,0.023,3.66,3.43,0.018,0.23,0.122,188.0,192.2,4.63,420.0,438.9,420.1,437.9
0,0.7,0,4.17,2.65,19.33,0.024,3.59,3.36,0.019,0.23,0.125,188.0,192.2,4.68,419.8,439.1,419.9,438.0
0,0.73,0,4.18,2.64,19.34,0.024,3.68,3.45,0.018,0.23,0.124,188.0,192.2,4.65,419.8,439.2,419.9,438.0
0,0.73,0,4.16,2.71,19.29,0.024,2.82,2.59,0.018,0.23,0.124,188.0,192.2,4.62,419.9,439.0,419.9,437.9
0,0.72,0,4.2,2.62,19.31,0.024,3.21,2.98,0.019,0.23,0.125,188.0,192.2,4.62,420.0,439.0,420.1,438.0
0,0.72,0,4.22,2.65,19.32,0.023,3.14,2.91,0.018,0.23,0.121,187.9,192.2,4.66,420.1,438.9,420.0,437.8
0,0.71,0,4.27,2.62,19.31,0.024,2.98,2.75,0.018,0.23,0.124,187.9,192.2,4.65,420.1,438.9,419.9,437.8
0,0.71,0,4.27,2.53,19.3,0.023,3.24,3.01,0.018,0.23,0.12,188.0,192.2,4.65,420.1,439.0,420.0,437.9
0,0.71,0,4.19,2.7,19.29,0.023,3.12,2.89,0.018,0.23,0.121,187.9,192.2,4.67,419.9,439.0,419.9,437.8
0,0.72,0,4.25,2.62,19.31,0.024,3.26,3.03,0.019,0.23,0.125,188.0,192.2,4.69,420.0,438.9,419.9,437.9
0,0.74,0,4.24,2.68,19.31,0.023,2.98,2.75,0.018,0.23,0.12,187.9,192.2,4.63,420.1,438.8,419.9,437.9
0,0.72,0,4.2,2.63,19.34,0.024,3.31,3.08,0.019,0.23,0.125,187.9,192.2,4.62,420.1,439.1,420.1,437.9
0,0.75,0,4.22,2.68,19.33,0.024,2.93,2.7,0.019,0.23,0.125,188.0,192.2,4.66,420.1,438.9,420.0,437.9
0,0.72,0,4.26,2.53,19.31,0.024,2.77,2.54,0.018,0.23,0.124,187.9,192.2,4.65,420.0,439.1,420.0,438.1
0,0.73,0,4.2,2.71,19.27,0.023,2.85,2.62,0.017,0.23,0.118,187.9,192.2,4.65,419.9,439.0,419.9,438.2
0,0.71,0,4.29,2.69,19.32,0.023,3.7,3.47,0.017,0.23,0.118,187.9,192.2,4.67,419.9,439.9,420.0,437.8
0,0.74,0,4.25,2.63,19.32,0.024,3.01,2.78,0.019,0.23,0.125,187.9,192.2,4.59,420.0,439.7,419.9,437.8
0,0.74,0,4.22,2.64,19.35,0.022,3.1,2.87,0.017,0.23,0.115,187.9,192.2,4.65,420.0,439.7,419.9,438.1
0,0.76,0,4.22,2.69,19.39,0.022,3.26,3.03,0.017,0.23,0.117,187.9,192.2,4.66,419.8,440.1,420.1,438.4
0,0.76,0,4.25,2.68,19.38,0.024,3.34,3.11,0.019,0.23,0.127,187.9,192.2,4.68,419.7,439.6,420.0,437.8
0,0.75,0,4.27,2.68,19.37,0.024,3.58,3.35,0.018,0.23,0.124,187.9,192.2,4.68,419.9,439.5,420.0,438.2
0,0.75,0,4.27,2.66,19.37,0.025,3.66,3.43,0.019,0.23,0.128,187.9,192.2,4.7,419.9,439.6,420.1,438.2
0,0.75,0,4.19,2.63,19.37,0.024,3.16,2.93,0.019,0.23,0.127,187.9,192.1,4.64,420.3,439.5,420.0,437.8
0,0.74,0,4.26,2.66,19.34,0.022,3.49,3.26,0.017,0.23,0.117,187.9,192.2,4.68,420.3,439.4,420.0,438.2
0,0.74,0,4.25,2.68,19.35,0.022,3.02,2.79,0.017,0.23,0.118,187.9,192.1,4.63,420.2,439.4,420.0,438.0
0,0.72,0,4.28,2.67,19.33,0.023,3.55,3.32,0.017,0.23,0.119,187.9,192.1,4.68,420.0,439.3,420.1,438.1
0,0.73,0,4.26,2.65,19.33,0.024,3.7,3.47,0.019,0.23,0.125,187.9,192.1,4.67,420.0,439.3,420.0,437.7
0,0.73,0,4.22,2.75,19.35,0.025,3.04,2.81,0.019,0.23,0.129,187.9,192.1,4.64,420.1,439.9,420.0,438.2
0,0.73,0,4.23,2.78,19.34,0.024,3.35,3.12,0.019,0.23,0.126,187.9,192.1,4.66,420.1,439.4,420.1,437.8
0,0.7,0,4.22,2.69,19.26,0.023,2.77,2.54,0.017,0.23,0.118,187.9,192.1,4.67,419.9,439.4,420.1,437.8
0,0.71,0,4.23,2.68,19.31,0.022,3.56,3.33,0.017,0.23,0.116,187.9,192.1,4.68,419.7,439.3,420.1,438.1
0,0.72,0,4.23,2.74,19.37,0.024,2.59,2.36,0.019,0.23,0.125,187.9,192.1,4.71,419.7,439.7,420.1,438.4
0,0.71,0,4.29,2.67,19.33,0.024,2.85,2.62,0.019,0.23,0.125,187.9,192.1,4.68,419.9,439.3,420.0,438.1
0,0.72,0,4.25,2.71,19.31,0.023,3.35,3.12,0.018,0.23,0.122,187.9,192.2,4.63,419.9,439.3,420.0,438.0
0,0.72,0,4.27,2.69,19.34,0.024,2.7,2.47,0.019,0.23,0.127,187.9,192.1,4.71,420.3,439.4,420.0,438.0
0,0.72,0,4.25,2.47,19.33,0.023,2.89,2.66,0.018,0.23,0.12,187.9,192.2,4.68,420.1,439.4,420.0,438.1
0,0.71,0,4.23,2.66,19.29,0.022,3.22,2.99,0.017,0.23,0.116,187.9,192.2,4.64,420.0,439.2,419.9,438.3
0,0.74,0,4.28,2.72,19.32,0.023,3.02,2.79,0.018,0.23,0.121,187.9,192.2,4.63,419.9,439.5,420.0,437.9
0,0.74,0,4.2,2.65,19.33,0.024,3.3,3.07,0.019,0.23,0.128,187.9,192.2,4.62,419.8,439.0,419.9,438.2
0,0.74,0,4.31,2.49,19.37,0.024,3.49,3.26,0.019,0.23,0.128,187.9,192.2,4.67,419.8,439.2,420.0,437.9
0,0.74,0,4.24,2.69,19.37,0.024,3.57,3.34,0.019,0.23,0.125,187.9,192.1,4.68,420.0,439.4,420.0,437.9
0,0.74,0,4.26,2.66,19.37,0.024,2.96,2.73,0.019,0.23,0.126,187.9,192.1,4.7,420.0,439.0,420.0,438.1
0,0.74,0,4.28,2.68,19.37,0.024,3.1,2.87,0.018,0.23,0.125,187.9,192.1,4.64,420.0,439.3,420.1,438.2
0,0.74,0,4.27,2.65,19.32,0.022,3.77,3.54,0.017,0.23,0.117,187.9,192.1,4.67,419.9,439.2,420.0,438.3
0,0.74,0,4.28,2.62,19.32,0.023,3.06,2.83,0.018,0.23,0.121,187.9,192.1,4.66,419.7,439.2,419.9,438.1
0,0.75,0,4.25,2.76,19.35,0.023,3.0,2.77,0.018,0.23,0.122,187.9,192.1,4.62,419.6,439.1,419.9,438.0
0,0.74,0,4.29,2.78,19.32,0.024,3.48,3.25,0.019,0.23,0.126,187.9,192.1,4.63,419.9,439.2,420.0,438.2
0,0.74,0,4.3,2.63,19.31,0.025,3.04,2.81,0.02,0.23,0.13,187.9,192.1,4.61,420.1,439.3,420.0,438.4
0,0.74,0,4.25,2.71,19.33,0.024,2.7,2.47,0.019,0.23,0.127,187.9,192.1,4.59,420.1,439.2,420.1,438.4
0,0.74,0,4.27,2.7,19.36,0.022,3.06,2.83,0.017,0.23,0.117,187.9,192.1,4.68,420.2,439.1,420.1,438.7
0,0.73,0,4.29,2.68,19.34,0.022,3.17,2.94,0.017,0.23,0.116,187.9,192.1,4.7,420.2,439.0,419.9,438.3
0,0.73,0,4.28,2.69,19.31,0.024,3.76,3.53,0.019,0.23,0.125,187.9,192.1,4.69,420.1,439.4,420.0,438.0
0,0.74,0,4.27,2.66,19.35,0.026,3.5,3.27,0.02,0.23,0.134,187.9,192.1,4.63,420.1,439.0,419.8,437.9
0,0.72,0,4.28,2.72,19.34,0.025,3.47,3.24,0.02,0.23,0.131,187.9,192.2,4.69,420.0,439.1,420.1,438.1
0,0.73,0,4.28,2.66,19.33,0.024,3.16,2.93,0.019,0.23,0.128,187.9,192.2,4.63,420.0,439.0,420.1,438.5
0,0.72,0,4.29,2.65,19.35,0.023,2.81,2.58,0.018,0.23,0.121,187.9,192.2,4.71,419.8,439.5,420.0,438.4
0,0.72,0,4.27,2.45,19.31,0.022,2.66,2.43,0.017,0.23,0.117,187.9,192.2,4.7,419.8,439.0,420.0,438.4
0,0.72,0,4.27,2.29,19.34,0.022,3.41,3.18,0.017,0.23,0.116,187.9,192.2,4.66,419.8,439.0,420.1,438.4
0,0.71,0,4.18,2.7,19.32,0.022,2.74,2.51,0.017,0.23,0.115,187.9,192.2,4.62,420.0,438.9,420.0,438.4
0,0.7,0,4.25,2.65,19.33,0.022,3.07,2.84,0.017,0.23,0.118,187.9,192.2,4.7,420.1,439.1,420.1,438.5
0,0.72,0,4.23,2.62,19.34,0.023,2.94,2.71,0.018,0.23,0.122,187.9,192.2,4.63,420.2,439.1,420.0,438.2
0,0.72,0,4.27,2.71,19.33,0.024,3.74,3.51,0.019,0.23,0.127,187.9,192.2,4.71,420.1,439.1,419.9,438.4
0,0.71,0,4.23,2.63,19.31,0.025,3.93,3.7,0.019,0.23,0.129,187.9,192.2,4.68,420.2,439.1,420.0,438.1
0,0.7,0,4.26,2.82,19.31,0.025,3.35,3.12,0.02,0.23,0.13,187.9,192.2,4.68,420.2,439.3,419.9,438.0
0,0.72,0,4.25,2.64,19.32,0.023,3.29,3.06,0.018,0.23,0.122,187.9,192.2,4.66,420.0,439.2,420.1,438.1
0,0.69,0,4.24,2.63,19.27,0.022,2.46,2.23,0.017,0.23,0.116,187.9,192.2,4.61,419.8,439.1,420.0,437.9
0,0.71,0,4.26,2.65,19.34,0.022,2.8,2.57,0.017,0.23,0.118,187.9,192.2,4.7,419.9,439.0,420.0,438.1
0,0.71,0,4.22,2.66,19.28,0.023,2.9,2.67,0.017,0.23,0.119,187.9,192.2,4.67,419.9,439.1,420.0,438.3
0,0.72,0,4.23,2.68,19.31,0.023,2.98,2.75,0.018,0.23,0.121,187.9,192.2,4.68,420.0,439.1,420.0,438.1
0,0.72,0,4.24,2.66,19.35,0.024,3.17,2.94,0.018,0.23,0.124,187.9,192.2,4.63,420.1,439.3,420.0,438.6
0,0.72,0,4.26,2.65,19.33,0.023,2.88,2.65,0.018,0.23,0.121,187.9,192.2,4.68,420.1,439.0,420.0,438.4
0,0.72,0,4.28,2.71,19.32,0.023,3.43,3.2,0.018,0.23,0.121,187.9,192.2,4.66,420.0,439.1,420.0,437.9
0,0.72,0,4.21,2.67,19.35,0.024,2.87,2.64,0.018,0.23,0.123,187.9,192.2,4.71,419.8,439.1,420.0,438.1
0,0.7,0,4.26,2.62,19.31,0.022,3.02,2.79,0.017,0.23,0.118,187.9,192.2,4.63,420.1,439.0,420.0,438.6
0,0.72,0,4.21,2.63,19.37,0.024,3.25,3.02,0.019,0.23,0.126,187.9,192.2,4.66,420.2,439.1,420.0,438.5
0,0.72,0,4.27,2.63,19.31,0.025,2.86,2.63,0.019,0.23,0.129,187.9,192.2,4.6,420.1,439.1,419.9,438.2
0,0.72,0,4.29,2.67,19.31,0.024,2.78,2.55,0.018,0.23,0.123,187.9,192.2,4.67,420.1,438.9,420.0,438.0
0,0.7,0,4.27,2.69,19.33,0.023,3.91,3.68,0.018,0.23,0.119,187.9,192.2,4.68,420.1,439.1,420.1,438.0
0,0.72,0,4.25,2.71,19.31,0.024,3.05,2.82,0.018,0.23,0.124,187.9,192.2,4.69,420.1,439.8,420.0,438.6
0,0.74,0,4.25,2.69,19.35,0.024,3.09,2.86,0.018,0.23,0.124,187.9,192.2,4.64,420.0,439.7,419.9,438.8
0,0.71,0,4.24,2.59,19.31,0.024,3.56,3.33,0.018,0.23,0.124,187.9,192.2,4.61,420.2,439.6,420.0,438.4
0,0.72,0,4.26,2.68,19.31,0.024,3.25,3.02,0.018,0.23,0.124,187.9,192.2,4.6,420.3,439.6,419.9,438.1
0,0.72,0,4.27,2.7,19.31,0.023,3.43,3.2,0.018,0.23,0.121,187.9,192.2,4.67,420.3,439.4,420.0,438.2
0,0.73,0,4.29,2.72,19.31,0.022,3.01,2.78,0.017,0.23,0.118,187.9,192.2,4.66,420.1,439.5,420.0,438.5
0,0.75,0,4.29,2.81,19.37,0.023,3.37,3.14,0.018,0.23,0.122,187.9,192.2,4.62,419.9,439.5,419.9,438.0
0,0.75,0,4.3,2.64,19.37,0.024,3.05,2.82,0.019,0.23,0.128,187.9,192.2,4.71,419.9,440.0,419.9,438.7
0,0.74,0,4.29,2.7,19.31,0.024,2.99,2.76,0.019,0.23,0.125,187.9,192.2,4.67,420.0,439.4,420.0,438.6
0,0.72,0,4.31,2.67,19.31,0.024,2.83,2.6,0.019,0.23,0.127,187.9,192.2,4.64,420.0,439.4,419.9,438.2
0,0.73,0,4.26,2.62,19.33,0.024,3.09,2.86,0.018,0.23,0.124,187.9,192.1,4.61,419.9,439.3,419.9,438.1
0,0.74,0,4.3,2.63,19.39,0.024,3.68,3.45,0.018,0.23,0.124,187.9,192.2,4.65,419.8,439.3,420.1,438.3
0,0.71,0,4.29,2.71,19.32,0.023,3.31,3.08,0.018,0.23,0.119,187.9,192.2,4.63,419.8,439.3,420.0,438.1
0,0.73,0,4.23,2.66,19.33,0.022,2.99,2.76,0.017,0.23,0.117,187.9,192.1,4.66,419.9,439.3,420.0,438.3
0,0.73,0,4.3,2.64,19.37,0.022,2.87,2.64,0.017,0.23,0.118,187.9,192.2,4.71,420.0,439.2,420.0,438.1
0,0.7,0,4.31,2.65,19.33,0.023,3.1,2.87,0.018,0.23,0.121,187.9,192.1,4.67,420.0,439.5,420.1,438.1
0,0.7,0,4.3,2.66,19.3,0.024,3.52,3.29,0.019,0.23,0.126,187.9,192.1,4.65,420.0,439.2,420.3,438.0
0,0.72,0,4.28,2.58,19.33,0.024,4.05,3.82,0.018,0.23,0.124,187.9,192.2,4.6,420.1,439.7,420.0,437.9
0,0.72,0,4.26,2.67,19.3,0.025,3.58,3.35,0.02,0.23,0.131,187.9,192.2,4.61,420.2,439.2,419.9,438.3
0,0.71,0,4.27,2.72,19.3,0.024,3.49,3.26,0.019,0.23,0.128,187.9,192.2,4.61,420.2,439.1,420.0,438.3
0,0.72,0,4.22,2.74,19.29,0.024,3.33,3.1,0.018,0.23,0.123,187.9,192.2,4.6,420.1,439.5,420.1,438.3
0,0.71,0,4.3,2.62,19.34,0.023,3.07,2.84,0.017,0.23,0.119,187.8,192.1,4.67,420.1,439.2,420.0,438.2
0,0.7,0,4.27,2.68,19.33,0.023,3.28,3.05,0.018,0.23,0.119,187.9,192.2,4.66,420.0,439.5,420.1,438.2
0,0.72,0,4.29,2.58,19.33,0.023,2.88,2.65,0.017,0.23,0.118,187.9,192.1,4.7,420.2,439.2,420.1,437.9
0,0.7,0,4.29,2.67,19.31,0.023,3.16,2.93,0.018,0.23,0.122,187.9,192.2,4.68,420.3,439.1,420.2,437.7
0,0.72,0,4.28,2.65,19.35,0.024,3.7,3.47,0.018,0.23,0.124,187.8,192.1,4.64,420.2,439.1,420.1,438.2
0,0.72,0,4.28,2.65,19.33,0.024,3.15,2.92,0.019,0.23,0.126,187.8,192.1,4.69,420.0,439.2,420.0,438.4
0,0.72,0,4.29,2.66,19.31,0.023,3.13,2.9,0.018,0.23,0.122,187.8,192.1,4.64,419.9,439.1,419.9,437.9
0,0.71,0,4.23,2.65,19.34,0.022,3.3,3.07,0.017,0.23,0.116,187.9,192.1,4.63,419.8,439.0,419.9,437.9
0,0.71,0,4.21,2.69,19.3,0.023,3.58,3.35,0.018,0.23,0.12,187.8,192.1,4.62,419.9,439.3,420.0,438.3
0,0.71,0,4.3,2.69,19.33,0.024,2.93,2.7,0.019,0.23,0.126,187.8,192.1,4.7,420.0,438.9,420.0,437.9
0,0.72,0,4.27,2.71,19.3,0.024,2.84,2.61,0.019,0.23,0.125,187.8,192.1,4.65,419.9,439.9,420.0,437.8
0,0.72,0,4.28,2.69,19.31,0.024,3.01,2.78,0.019,0.23,0.126,187.8,192.1,4.65,420.0,439.5,420.0,438.0
0,0.72,0,4.3,2.68,19.32,0.025,3.06,2.83,0.019,0.23,0.129,187.8,192.1,4.63,420.0,439.7,420.0,437.8
0,0.73,0,4.28,2.64,19.33,0.025,3.12,2.89,0.02,0.23,0.132,187.8,192.1,4.63,419.9,439.8,420.0,437.0
0,0.72,0,4.26,2.71,19.31,0.022,3.14,2.91,0.017,0.23,0.116,187.9,192.2,4.6,419.6,439.5,420.0,437.3
0,0.72,0,4.27,2.63,19.31,0.021,3.07,2.84,0.016,0.23,0.111,187.9,192.2,4.61,419.6,439.5,420.0,437.2
0,0.75,0,4.27,2.68,19.37,0.022,3.27,3.04,0.017,0.23,0.114,187.8,192.1,4.65,419.6,439.5,420.0,437.1
0,0.74,0,4.23,2.75,19.33,0.023,3.28,3.05,0.017,0.23,0.118,187.9,192.2,4.69,419.8,439.7,420.0,436.9
0,0.75,0,4.26,2.69,19.37,0.023,3.27,3.04,0.018,0.23,0.122,187.9,192.2,4.63,420.0,439.4,420.1,436.6
0,0.75,0,4.27,2.7,19.38,0.025,3.25,3.02,0.019,0.23,0.13,187.9,192.2,4.66,420.1,439.6,420.0,437.1
0,0.75,0,4.24,2.7,19.37,0.024,3.18,2.95,0.018,0.23,0.124,187.9,192.2,4.66,420.0,439.7,419.9,436.9
0,0.74,0,4.26,2.72,19.34,0.025,3.3,3.07,0.02,0.23,0.13,187.9,192.1,4.64,420.0,439.6,420.0,437.0
0,0.76,0,4.27,2.94,19.35,0.024,3.1,2.87,0.019,0.23,0.124,187.9,192.2,4.66,419.9,439.9,420.0,436.9
0,0.75,0,4.28,2.71,19.33,0.023,3.8,3.57,0.017,0.23,0.119,187.9,192.2,4.66,419.8,439.6,419.9,437.2
0,0.72,0,4.23,2.72,19.35,0.025,3.2,2.97,0.02,0.23,0.131,187.9,192.2,4.64,420.0,440.2,420.1,437.0
0,0.74,0,4.26,2.66,19.31,0.024,2.96,2.73,0.018,0.23,0.123,187.9,192.2,4.63,420.2,439.5,420.0,437.2
0,0.73,0,4.21,2.71,19.36,0.023,3.09,2.86,0.018,0.23,0.121,187.8,192.1,4.7,420.1,439.3,419.9,437.5
0,0.74,0,4.27,2.58,19.36,0.023,3.1,2.87,0.018,0.23,0.119,187.9,192.2,4.72,420.1,439.4,419.9,436.8
0,0.74,0,4.25,2.71,19.35,0.023,3.74,3.51,0.018,0.23,0.123,187.8,192.1,4.66,420.1,440.0,419.9,436.8
0,0.73,0,4.22,2.67,19.35,0.025,3.5,3.27,0.019,0.23,0.13,187.8,192.1,4.69,420.0,439.6,420.0,436.9
0,0.73,0,4.24,2.72,19.37,0.024,3.01,2.78,0.018,0.23,0.124,187.9,192.2,4.71,419.9,439.8,420.0,436.0
0,0.73,0,4.27,2.65,19.37,0.023,3.37,3.14,0.018,0.23,0.122,187.9,192.2,4.72,420.0,440.0,420.0,436.1
0,0.74,0,4.26,2.65,19.37,0.023,2.77,2.54,0.017,0.23,0.119,187.9,192.2,4.63,419.9,439.9,420.1,436.0
0,0.72,0,4.23,2.71,19.32,0.023,2.63,2.4,0.017,0.23,0.118,187.9,192.1,4.68,420.0,439.9,420.0,436.2
0,0.74,0,4.25,2.67,19.35,0.022,3.02,2.79,0.017,0.23,0.115,187.9,192.1,4.64,420.1,439.7,420.0,436.2
0,0.75,0,4.22,2.66,19.34,0.023,2.93,2.7,0.018,0.23,0.123,187.9,192.1,4.7,420.1,439.7,420.0,436.4
0,0.75,0,4.27,2.69,19.35,0.025,3.37,3.14,0.02,0.23,0.13,187.8,192.1,4.63,420.1,440.1,420.0,436.4
0,0.74,0,4.23,2.69,19.29,0.025,3.52,3.29,0.019,0.23,0.128,187.8,192.1,4.61,420.0,439.7,419.9,436.6
0,0.74,0,4.29,2.66,19.35,0.024,3.33,3.1,0.019,0.23,0.126,187.8,192.1,4.71,419.9,439.4,420.0,436.5
0,0.74,0,4.22,2.69,19.37,0.023,3.41,3.18,0.017,0.23,0.119,187.8,192.1,4.71,420.2,439.5,420.0,436.5
0,0.74,0,4.2,2.66,19.3,0.022,3.01,2.78,0.017,0.23,0.116,187.8,192.1,4.65,420.2,439.2,420.0,436.5
0,0.71,0,4.09,2.7,19.31,0.023,3.28,3.05,0.018,0.23,0.121,187.8,192.1,4.62,420.0,439.8,420.1,436.7
0,0.74,0,4.1,2.64,19.37,0.024,3.26,3.03,0.019,0.23,0.125,187.8,192.0,4.65,419.7,440.0,420.1,436.6
0,0.76,0,4.17,2.65,19.38,0.025,3.17,2.94,0.02,0.23,0.132,187.8,192.1,4.67,419.8,439.5,420.0,436.7
0,0.74,0,4.14,2.69,19.37,0.025,3.05,2.82,0.019,0.23,0.129,187.8,192.1,4.69,419.8,439.4,420.0,436.7
0,0.77,0,4.09,2.73,19.37,0.023,2.85,2.62,0.018,0.23,0.122,187.8,192.1,4.71,419.9,439.5,420.0,436.2
0,0.75,0,4.01,2.74,19.37,0.023,3.12,2.89,0.018,0.23,0.123,187.8,192.1,4.62,420.0,439.6,420.0,436.2
0,0.76,0,3.93,2.82,19.33,0.022,2.62,2.39,0.017,0.23,0.116,187.8,192.1,4.68,420.0,440.1,420.0,436.2
0,0.77,0,4.01,2.72,19.35,0.022,2.55,2.32,0.017,0.23,0.115,187.8,192.1,4.63,420.1,439.5,420.0,434.9
0,0.75,0,3.99,2.5,19.34,0.022,3.84,3.61,0.017,0.23,0.117,187.8,192.1,4.7,420.0,439.6,420.0,435.1
0,0.77,0,4.13,2.68,19.38,0.024,3.35,3.12,0.019,0.23,0.127,187.8,192.1,4.66,419.9,439.7,420.0,435.2
0,0.76,0,4.14,2.69,19.38,0.024,3.47,3.24,0.019,0.23,0.124,187.8,192.1,4.66,419.9,439.7,420.0,435.1
0,0.78,0,4.04,2.72,19.38,0.024,3.46,3.23,0.019,0.23,0.125,187.8,192.1,4.66,420.0,439.7,420.0,434.9
0,0.77,0,4.04,2.76,19.37,0.024,2.55,2.32,0.019,0.23,0.128,187.8,192.1,4.62,420.1,439.7,419.9,435.2
0,0.76,0,4.01,2.65,19.37,0.023,2.92,2.69,0.018,0.23,0.122,187.8,192.1,4.64,420.0,439.6,420.0,435.3
0,0.75,0,3.91,2.77,19.35,0.023,2.74,2.51,0.017,0.23,0.119,187.8,192.1,4.66,419.9,439.7,420.0,435.4
0,0.76,0,4.03,2.69,19.37,0.022,2.86,2.63,0.017,0.23,0.117,187.8,192.1,4.69,419.9,439.7,420.0,435.4
0,0.74,0,4.04,2.58,19.39,0.023,3.13,2.9,0.017,0.23,0.118,187.8,192.1,4.73,419.9,439.7,420.0,435.6
0,0.76,0,4.12,2.74,19.37,0.024,3.05,2.82,0.018,0.23,0.123,187.8,192.1,4.61,420.0,439.7,420.0,435.6
0,0.74,0,4.06,2.64,19.32,0.024,3.68,3.45,0.018,0.23,0.124,187.8,192.1,4.7,420.0,439.7,420.0,434.4
0,0.75,0,4.06,2.69,19.31,0.023,3.58,3.35,0.018,0.23,0.122,187.8,192.1,4.66,420.2,439.8,420.0,434.9
0,0.76,0,3.95,2.75,19.32,0.024,3.99,3.76,0.019,0.23,0.125,187.8,192.1,4.63,420.1,439.5,420.0,435.0
0,0.77,0,3.99,2.66,19.37,0.023,3.46,3.23,0.018,0.23,0.12,187.8,192.1,4.7,420.0,440.0,419.9,435.1
0,0.78,0,3.93,2.72,19.31,0.023,3.06,2.83,0.018,0.23,0.122,187.8,192.1,4.65,419.9,439.1,420.0,434.9
0,0.78,0,4.01,2.63,19.38,0.024,3.4,3.17,0.019,0.23,0.125,187.8,192.1,4.68,419.8,439.0,420.0,434.8
0,0.76,0,4.09,2.69,19.39,0.025,2.87,2.64,0.019,0.23,0.129,187.8,192.2,4.7,419.8,439.1,420.0,434.8
0,0.76,0,4.1,2.67,19.35,0.024,2.66,2.43,0.018,0.23,0.123,187.8,192.2,4.66,419.9,438.8,420.0,434.6
0,0.75,0,3.93,2.72,19.32,0.022,3.33,3.1,0.016,0.23,0.114,187.9,192.2,4.64,420.1,438.8,420.2,435.2
0,0.75,0,4.04,2.69,19.38,0.025,2.7,2.47,0.02,0.23,0.13,187.9,192.2,4.65,420.1,439.4,420.1,435.0
0,0.75,0,4.1,2.74,19.35,0.023,2.99,2.76,0.018,0.23,0.123,187.9,192.2,4.68,420.3,439.5,419.9,434.7
0,0.74,0,4.05,2.68,19.37,0.023,3.2,2.97,0.018,0.23,0.12,187.9,192.2,4.7,420.1,439.6,420.1,435.0
0,0.72,0,4.01,2.63,19.31,0.022,3.16,2.93,0.016,0.23,0.114,187.9,192.2,4.64,420.1,439.5,420.0,434.8
0,0.74,0,3.91,2.7,19.31,0.022,2.7,2.47,0.017,0.23,0.116,187.9,192.2,4.62,419.9,439.4,420.0,434.9
0,0.75,0,3.93,2.72,19.36,0.023,2.79,2.56,0.018,0.23,0.12,187.9,192.1,4.7,419.9,439.4,420.0,435.3
0,0.74,0,3.97,2.71,19.33,0.023,3.41,3.18,0.018,0.23,0.122,187.9,192.2,4.65,419.9,439.3,420.0,435.3
0,0.73,0,4.06,2.76,19.32,0.024,3.28,3.05,0.019,0.23,0.127,187.9,192.1,4.67,420.0,439.0,420.0,435.6
0,0.73,0,4.12,2.71,19.35,0.025,3.07,2.84,0.02,0.23,0.131,187.9,192.2,4.64,420.0,438.9,420.0,435.7
0,0.73,0,3.97,2.34,19.32,0.023,3.18,2.95,0.018,0.23,0.12,187.9,192.2,4.62,420.3,439.0,420.0,435.7
0,0.73,0,3.92,2.71,19.33,0.024,3.03,2.8,0.019,0.23,0.127,187.9,192.2,4.68,420.4,439.0,420.1,436.2
0,0.72,0,4.06,2.81,19.33,0.021,2.98,2.75,0.016,0.23,0.113,187.9,192.2,4.65,420.2,439.0,420.1,436.2
0,0.72,0,4.05,2.8,19.32,0.023,3.84,3.61,0.018,0.23,0.122,187.8,192.2,4.71,419.9,438.9,419.9,436.0
0,0.72,0,4.05,2.66,19.31,0.025,2.93,2.7,0.02,0.23,0.131,187.8,192.2,4.68,419.7,439.1,420.0,436.1
0,0.72,0,4.12,2.66,19.31,0.023,3.7,3.47,0.018,0.23,0.121,187.8,192.1,4.65,419.7,439.0,420.0,435.9
0,0.72,0,4.1,2.66,19.34,0.023,3.02,2.79,0.018,0.23,0.122,187.9,192.1,4.62,419.9,438.9,419.9,435.7
0,0.71,0,4.07,2.72,19.29,0.023,3.76,3.53,0.018,0.23,0.122,187.9,192.1,4.6,419.9,438.7,420.0,435.9
0,0.7,0,4.01,2.68,19.31,0.024,2.91,2.68,0.019,0.23,0.128,187.8,192.2,4.7,419.9,438.7,420.0,436.2
0,0.72,0,4.06,2.73,19.29,0.023,3.07,2.84,0.018,0.23,0.122,187.8,192.2,4.68,420.0,438.9,420.1,436.1
0,0.72,0,3.98,2.68,19.33,0.022,3.08,2.85,0.017,0.23,0.118,187.8,192.1,4.67,420.1,439.0,420.0,435.8
0,0.72,0,4.02,2.78,19.3,0.023,2.95,2.72,0.018,0.23,0.12,187.8,192.1,4.59,420.0,438.8,420.1,436.2
0,0.72,0,4.1,2.75,19.32,0.024,3.38,3.15,0.018,0.23,0.124,187.8,192.1,4.68,419.6,438.8,420.0,436.0
0,0.72,0,4.1,2.72,19.31,0.024,3.24,3.01,0.019,0.23,0.128,187.8,192.1,4.68,419.5,438.9,420.1,436.1
0,0.72,0,4.08,2.77,19.32,0.024,3.26,3.03,0.018,0.23,0.124,187.8,192.1,4.66,419.5,438.6,420.0,436.0
0,0.72,0,4.08,2.69,19.32,0.023,3.5,3.27,0.017,0.23,0.119,187.9,192.1,4.65,419.8,438.8,420.0,436.0
0,0.72,0,4.02,2.73,19.31,0.023,2.92,2.69,0.018,0.23,0.122,187.9,192.1,4.63,419.9,439.0,420.0,436.1
0,0.71,0,3.94,2.75,19.31,0.024,3.47,3.24,0.019,0.23,0.127,187.9,192.1,4.7,420.0,438.9,420.0,436.1
0,0.72,0,3.96,2.75,19.35,0.024,3.26,3.03,0.018,0.23,0.125,187.9,192.1,4.66,420.1,438.8,420.0,436.1
0,0.7,0,4.06,2.77,19.33,0.024,3.35,3.12,0.018,0.23,0.124,187.9,192.1,4.73,420.0,438.8,420.0,436.5
0,0.74,0,4.05,2.76,19.35,0.024,3.14,2.91,0.019,0.23,0.126,187.9,192.1,4.65,420.0,438.9,420.0,436.4
0,0.72,0,4.1,2.67,19.35,0.024,2.72,2.49,0.019,0.23,0.126,187.9,192.1,4.68,419.9,439.0,420.0,436.0
0,0.76,0,4.02,2.66,19.33,0.022,3.23,3.0,0.017,0.23,0.117,187.9,192.1,4.63,419.9,438.8,420.0,436.4
0,0.74,0,3.94,2.89,19.31,0.022,3.12,2.89,0.017,0.23,0.115,187.9,192.2,4.58,420.1,438.8,420.1,436.1
0,0.75,0,4.01,2.69,19.37,0.023,3.07,2.84,0.018,0.23,0.123,187.9,192.1,4.64,420.2,438.7,420.0,436.1
0,0.75,0,4.1,2.48,19.35,0.025,3.38,3.15,0.02,0.23,0.133,187.8,192.1,4.65,420.1,438.7,420.1,436.3
0,0.74,0,4.07,2.62,19.34,0.025,3.36,3.13,0.019,0.23,0.129,187.8,192.1,4.71,420.0,438.5,420.0,436.1
0,0.75,0,3.95,2.62,19.35,0.022,3.04,2.81,0.017,0.23,0.116,187.9,192.1,4.65,419.9,438.5,420.0,436.4
0,0.74,0,4.05,2.62,19.33,0.023,2.77,2.54,0.018,0.23,0.119,187.9,192.1,4.61,419.8,439.2,419.8,436.2
0,0.75,0,4.01,2.72,19.34,0.023,2.81,2.58,0.018,0.23,0.121,187.9,192.2,4.68,419.9,439.3,419.9,436.0
0,0.74,0,4.09,2.69,19.33,0.024,3.78,3.55,0.018,0.23,0.123,187.9,192.2,4.68,420.1,439.3,419.9,436.4
0,0.77,0,4.03,2.75,19.32,0.025,2.76,2.53,0.02,0.23,0.132,187.9,192.2,4.64,419.9,439.2,420.1,436.3
0,0.74,0,4.07,2.81,19.34,0.023,3.24,3.01,0.018,0.23,0.12,187.9,192.2,4.63,419.7,439.4,420.0,436.1
0,0.75,0,4.03,2.71,19.35,0.024,3.05,2.82,0.019,0.23,0.125,187.9,192.2,4.7,419.9,439.4,420.0,436.5
0,0.74,0,4.04,2.69,19.36,0.023,3.25,3.02,0.017,0.23,0.118,187.8,192.2,4.64,420.2,439.2,420.0,436.6
0,0.74,0,3.95,2.66,19.33,0.023,3.45,3.22,0.017,0.23,0.118,187.9,192.2,4.66,420.2,439.8,420.0,436.5
0,0.74,0,4.1,2.74,19.33,0.023,3.98,3.75,0.017,0.23,0.119,187.9,192.2,4.69,420.0,439.4,420.0,436.2
0,0.71,0,4.03,2.59,19.31,0.025,2.74,2.51,0.019,0.23,0.129,187.9,192.2,4.64,420.1,439.4,420.1,436.1
0,0.73,0,3.97,2.73,19.31,0.024,2.65,2.42,0.019,0.23,0.125,187.9,192.2,4.6,420.0,439.1,420.0,436.5
0,0.72,0,3.99,2.68,19.35,0.023,3.21,2.98,0.018,0.23,0.119,187.9,192.2,4.68,419.9,439.2,419.9,436.4
0,0.72,0,3.94,2.73,19.29,0.024,3.17,2.94,0.019,0.23,0.125,187.9,192.2,4.65,420.0,439.2,420.0,436.5
0,0.71,0,3.93,2.7,19.31,0.023,3.55,3.32,0.018,0.23,0.121,187.9,192.2,4.66,420.2,439.1,420.0,436.4
0,0.72,0,4.12,2.69,19.31,0.023,3.27,3.04,0.018,0.23,0.121,187.9,192.2,4.6,420.3,439.0,420.0,436.6
0,0.72,0,3.95,2.7,19.32,0.024,3.02,2.79,0.019,0.23,0.126,187.9,192.2,4.63,419.9,439.0,420.1,436.2
0,0.72,0,4.2,2.48,19.33,0.024,3.44,3.21,0.018,0.23,0.124,187.9,192.2,4.67,420.1,439.1,420.0,436.2
0,0.72,0,4.19,2.74,19.32,0.024,3.49,3.26,0.018,0.23,0.124,187.9,192.2,4.65,420.2,439.5,420.0,436.4
0,0.7,0,4.16,2.72,19.32,0.022,3.45,3.22,0.017,0.23,0.118,187.9,192.2,4.61,420.1,438.7,420.1,437.0
0,0.7,0,4.18,2.72,19.35,0.022,3.35,3.12,0.017,0.23,0.116,187.9,192.2,4.68,420.0,438.8,420.0,436.3
0,0.71,0,4.21,2.73,19.34,0.023,3.25,3.02,0.018,0.23,0.12,187.9,192.2,4.65,419.9,438.0,420.0,436.7
0,0.71,0,4.22,2.63,19.33,0.024,3.1,2.87,0.018,0.23,0.123,187.9,192.2,4.72,419.8,438.1,420.0,436.4
0,0.71,0,4.18,2.66,19.31,0.024,2.99,2.76,0.019,0.23,0.125,187.9,192.2,4.7,419.8,438.1,420.2,436.5
0,0.71,0,4.19,2.63,19.26,0.024,3.07,2.84,0.019,0.23,0.126,187.9,192.2,4.67,419.9,438.0,419.7,436.4
0,0.7,0,4.21,2.7,19.3,0.024,2.93,2.7,0.019,0.23,0.126,187.9,192.1,4.72,419.9,438.2,420.0,436.8
0,0.69,0,4.26,2.44,19.31,0.024,3.67,3.44,0.018,0.23,0.124,187.9,192.2,4.7,420.0,438.1,419.9,436.2
0,0.72,0,4.2,2.66,19.33,0.024,2.98,2.75,0.019,0.23,0.126,187.9,192.2,4.64,420.1,438.3,420.1,435.8
0,0.74,0,4.27,2.63,19.33,0.024,3.48,3.25,0.018,0.23,0.124,187.9,192.2,4.63,420.3,438.1,419.9,435.6
0,0.72,0,4.23,2.67,19.33,0.024,2.65,2.42,0.018,0.23,0.123,187.9,192.2,4.68,420.2,438.3,420.1,435.6
0,0.73,0,4.22,2.76,19.32,0.023,3.23,3.0,0.017,0.23,0.118,187.9,192.2,4.64,420.0,438.1,420.1,435.9
0,0.74,0,4.23,2.66,19.35,0.022,3.25,3.02,0.017,0.23,0.115,187.9,192.2,4.71,419.9,437.8,420.0,436.1
0,0.73,0,4.26,2.8,19.31,0.024,3.35,3.12,0.019,0.23,0.125,187.9,192.2,4.67,419.7,438.4,420.1,435.6
0,0.74,0,4.25,2.69,19.34,0.024,2.85,2.62,0.019,0.23,0.126,187.8,192.2,4.64,419.7,437.8,420.0,435.7
0,0.73,0,4.19,2.66,19.31,0.025,3.44,3.21,0.02,0.23,0.131,187.9,192.2,4.58,419.7,437.9,419.9,435.8
0,0.72,0,4.28,2.65,19.33,0.025,3.16,2.93,0.019,0.23,0.129,187.9,192.2,4.62,420.0,438.3,419.9,435.5
0,0.73,0,4.22,2.65,19.32,0.023,3.14,2.91,0.017,0.23,0.118,187.9,192.2,4.68,420.0,438.6,420.2,435.6
0,0.74,0,4.26,2.48,19.33,0.022,3.14,2.91,0.017,0.23,0.114,187.9,192.2,4.65,420.1,438.6,420.0,436.0
0,0.73,0,4.28,2.62,19.31,0.023,2.8,2.57,0.017,0.23,0.118,187.9,192.1,4.65,420.2,438.4,420.0,435.5
0,0.73,0,4.29,2.72,19.34,0.025,3.11,2.88,0.019,0.23,0.129,187.9,192.2,4.62,420.0,438.1,419.9,435.7
0,0.71,0,4.28,2.66,19.29,0.024,2.97,2.74,0.019,0.23,0.126,187.9,192.1,4.6,419.7,438.4,420.0,435.6
0,0.73,0,4.24,2.75,19.34,0.023,2.92,2.69,0.018,0.23,0.123,187.9,192.1,4.67,419.7,438.7,419.9,436.0
0,0.75,0,4.22,2.71,19.35,0.023,2.81,2.58,0.018,0.23,0.123,187.9,192.2,4.64,419.7,438.6,419.9,436.1
0,0.73,0,4.27,2.65,19.32,0.023,2.67,2.44,0.018,0.23,0.121,187.9,192.2,4.68,419.9,438.5,420.0,435.9
0,0.75,0,4.24,2.71,19.35,0.022,2.87,2.64,0.017,0.23,0.115,187.9,192.1,4.65,420.0,438.6,420.1,436.0
0,0.75,0,4.27,2.68,19.37,0.023,2.75,2.52,0.018,0.23,0.123,187.9,192.2,4.68,420.1,438.7,420.0,436.4
0,0.74,0,4.29,2.63,19.33,0.023,3.3,3.07,0.018,0.23,0.12,187.8,192.1,4.6,420.1,438.8,419.9,436.4
0,0.74,0,4.21,2.69,19.3,0.023,3.37,3.14,0.018,0.23,0.121,187.8,192.1,4.65,420.1,438.7,419.9,436.2
0,0.74,0,4.25,2.72,19.35,0.024,3.64,3.41,0.019,0.23,0.127,187.8,192.1,4.61,420.0,439.4,420.1,436.1
0,0.74,0,4.25,2.72,19.34,0.025,3.51,3.28,0.02,0.23,0.133,187.8,192.1,4.67,419.9,439.3,420.0,436.1
0,0.74,0,4.29,2.54,19.34,0.024,3.07,2.84,0.019,0.23,0.127,187.8,192.1,4.65,420.0,439.1,420.0,436.3
0,0.73,0,4.26,2.73,19.35,0.023,2.81,2.58,0.018,0.23,0.121,187.8,192.1,4.69,420.1,439.2,419.9,436.3
0,0.75,0,4.26,2.66,19.37,0.022,2.95,2.72,0.017,0.23,0.117,187.8,192.1,4.63,420.1,439.2,420.0,436.1
0,0.75,0,4.32,2.65,19.37,0.022,2.56,2.33,0.017,0.23,0.118,187.8,192.1,4.66,420.0,439.2,420.1,436.2
0,0.73,0,4.19,2.71,19.31,0.023,3.61,3.38,0.018,0.23,0.121,187.8,192.1,4.59,420.0,439.1,420.1,436.4
0,0.75,0,4.22,2.68,19.35,0.023,2.92,2.69,0.018,0.23,0.123,187.8,192.1,4.7,420.4,439.1,420.0,436.3
0,0.72,0,4.28,2.72,19.33,0.024,2.96,2.73,0.018,0.23,0.123,187.8,192.1,4.71,420.5,439.1,420.0,436.0
0,0.73,0,4.25,2.69,19.32,0.024,2.77,2.54,0.018,0.23,0.124,187.8,192.1,4.68,420.3,439.6,420.1,436.1
0,0.71,0,4.25,2.67,19.29,0.024,3.28,3.05,0.018,0.23,0.124,187.8,192.1,4.68,420.0,438.7,420.1,436.4
0,0.73,0,4.22,2.74,19.32,0.024,3.21,2.98,0.019,0.23,0.126,187.8,192.1,4.63,419.9,438.8,420.0,436.0
0,0.73,0,4.26,2.71,19.35,0.025,3.16,2.93,0.019,0.23,0.129,187.8,192.1,4.72,419.9,438.7,420.0,436.2
0,0.72,0,4.25,2.69,19.33,0.025,3.17,2.94,0.02,0.23,0.131,187.8,192.1,4.66,419.9,438.7,420.1,436.1
0,0.73,0,4.24,2.64,19.32,0.024,3.26,3.03,0.019,0.23,0.125,187.8,192.1,4.64,420.0,438.6,420.0,435.8
0,0.74,0,3.99,2.72,19.31,0.022,2.77,2.54,0.016,0.23,0.114,187.8,192.1,4.6,420.0,438.8,420.0,435.4
0,0.72,0,4.0,2.72,19.35,0.022,3.26,3.03,0.017,0.23,0.118,187.8,192.1,4.67,420.0,438.8,420.0,435.2
0,0.73,0,3.99,2.72,19.33,0.024,3.02,2.79,0.019,0.23,0.126,187.8,192.2,4.61,419.9,439.4,420.0,435.6
0,0.72,0,4.2,2.65,19.32,0.025,2.82,2.59,0.02,0.23,0.13,187.8,192.2,4.7,419.9,439.6,420.0,435.5
0,0.73,0,4.24,2.57,19.31,0.025,3.21,2.98,0.019,0.23,0.129,187.9,192.2,4.67,419.8,439.2,420.1,435.2
0,0.74,0,4.19,2.7,19.37,0.025,3.04,2.81,0.019,0.23,0.128,187.9,192.2,4.72,419.9,439.4,419.9,435.6
0,0.74,0,4.17,2.67,19.33,0.023,2.9,2.67,0.018,0.23,0.121,187.9,192.2,4.65,419.9,439.3,419.9,435.6
0,0.74,0,4.18,2.65,19.29,0.023,3.58,3.35,0.018,0.23,0.121,187.9,192.2,4.64,420.0,439.3,420.0,435.6
0,0.74,0,4.23,2.7,19.35,0.023,2.98,2.75,0.018,0.23,0.123,187.9,192.2,4.71,420.1,439.2,420.0,435.4
0,0.72,0,4.2,2.63,19.34,0.023,2.62,2.39,0.018,0.23,0.121,187.9,192.2,4.65,420.2,439.5,420.0,435.3
0,0.74,0,4.23,2.63,19.35,0.024,3.31,3.08,0.018,0.23,0.124,187.9,192.2,4.68,420.2,439.3,420.1,435.4
0,0.74,0,4.19,2.65,19.35,0.024,3.61,3.38,0.019,0.23,0.125,187.8,192.1,4.69,420.0,439.2,420.1,435.6
0,0.73,0,4.2,2.69,19.34,0.024,2.9,2.67,0.018,0.23,0.125,187.8,192.1,4.66,419.9,439.1,420.0,435.5
0,0.74,0,4.24,2.69,19.37,0.023,2.9,2.67,0.018,0.23,0.12,187.8,192.1,4.71,419.7,439.1,420.0,435.7
0,0.73,0,4.21,2.73,19.29,0.024,2.89,2.66,0.019,0.23,0.125,187.8,192.1,4.68,419.9,439.1,420.0,435.7
0,0.75,0,4.27,2.66,19.33,0.023,2.78,2.55,0.018,0.23,0.121,187.8,192.1,4.63,420.0,439.7,420.0,436.0
0,0.77,0,4.22,2.66,19.4,0.024,3.24,3.01,0.018,0.23,0.125,187.8,192.1,4.67,420.1,439.8,419.9,435.9
0,0.78,0,4.28,2.57,19.37,0.024,3.27,3.04,0.018,0.23,0.124,187.8,192.1,4.68,420.2,440.0,419.9,435.3
0,0.78,0,4.22,2.65,19.37,0.023,3.57,3.34,0.018,0.23,0.122,187.8,192.1,4.62,420.1,439.8,420.0,435.7
0,0.77,0,4.26,2.69,19.38,0.024,3.12,2.89,0.019,0.23,0.126,187.8,192.1,4.65,420.1,439.9,420.0,435.8
0,0.77,0,4.26,2.6,19.37,0.023,3.69,3.46,0.018,0.23,0.123,187.8,192.1,4.69,419.9,439.7,420.0,435.5
0,0.75,0,4.23,2.71,19.37,0.023,3.07,2.84,0.018,0.23,0.122,187.8,192.1,4.64,419.9,439.6,420.0,435.6
0,0.74,0,4.28,2.63,19.37,0.024,2.8,2.57,0.018,0.23,0.123,187.8,192.1,4.65,419.9,439.7,420.0,435.9
0,0.74,0,4.2,2.61,19.37,0.023,3.09,2.86,0.018,0.23,0.121,187.8,192.1,4.68,419.9,439.7,419.9,436.0
0,0.76,0,4.22,2.69,19.36,0.023,3.11,2.88,0.018,0.23,0.121,187.8,192.1,4.71,420.1,439.5,420.0,436.0
0,0.72,0,4.27,2.67,19.33,0.023,3.35,3.12,0.018,0.23,0.121,187.8,192.1,4.65,420.3,439.4,420.0,435.7
0,0.72,0,4.24,2.66,19.37,0.023,3.96,3.73,0.017,0.23,0.119,187.8,192.1,4.65,420.2,439.9,420.1,436.1
0,0.74,0,4.24,2.61,19.37,0.025,3.87,3.64,0.02,0.23,0.132,187.8,192.1,4.62,420.0,439.6,420.1,436.0
0,0.74,0,4.29,2.63,19.38,0.026,3.43,3.2,0.02,0.23,0.134,187.8,192.1,4.64,419.9,439.4,420.1,435.6
0,0.74,0,4.19,2.67,19.36,0.025,2.88,2.65,0.02,0.23,0.131,187.8,192.2,4.69,419.8,439.4,420.0,435.6
0,0.75,0,4.12,2.72,19.37,0.022,2.68,2.46,0.017,0.23,0.117,187.8,192.1,4.71,419.8,439.6,420.0,435.4
0,0.71,0,4.26,2.67,19.33,0.022,2.71,2.48,0.017,0.23,0.117,187.8,192.2,4.66,419.9,439.6,420.1,435.8
0,0.72,0,4.25,2.6,19.33,0.023,2.97,2.74,0.018,0.23,0.121,187.9,192.2,4.66,420.0,439.4,420.0,436.1
0,0.75,0,4.17,2.71,19.37,0.024,3.81,3.58,0.019,0.23,0.126,187.9,192.2,4.68,420.1,439.5,420.0,435.5
0,0.74,0,4.2,2.79,19.37,0.022,3.49,3.26,0.017,0.23,0.118,187.9,192.2,4.72,420.1,439.4,420.0,436.1
0,0.76,0,4.25,2.67,19.37,0.024,3.55,3.32,0.019,0.23,0.126,187.9,192.3,4.63,420.0,439.2,420.0,436.1
0,0.76,0,4.2,2.7,19.37,0.026,3.55,3.32,0.02,0.23,0.135,187.9,192.2,4.64,419.9,439.1,420.0,435.8
0,0.77,0,4.25,2.74,19.38,0.024,2.97,2.74,0.019,0.23,0.128,187.9,192.2,4.66,419.7,439.4,420.0,435.3
0,0.73,0,4.26,2.65,19.34,0.023,3.07,2.84,0.017,0.23,0.118,187.9,192.2,4.62,419.8,439.2,420.0,436.1
0,0.76,0,4.24,2.66,19.34,0.023,2.89,2.66,0.018,0.23,0.119,187.9,192.2,4.66,419.9,439.6,419.8,436.1
0,0.75,0,4.24,2.65,19.37,0.022,3.36,3.13,0.017,0.23,0.116,187.9,192.2,4.7,420.0,439.1,420.1,435.8
0,0.73,0,4.26,2.69,19.31,0.024,3.44,3.22,0.018,0.23,0.123,187.9,192.2,4.66,420.2,439.3,420.0,435.3
0,0.74,0,4.21,2.66,19.37,0.023,3.06,2.83,0.018,0.23,0.122,187.9,192.2,4.72,420.0,439.0,420.0,435.6
0,0.73,0,4.24,2.69,19.39,0.024,3.21,2.98,0.018,0.23,0.124,187.9,192.2,4.72,420.0,439.5,420.1,435.5
0,0.71,0,4.23,2.73,19.36,0.024,3.32,3.09,0.018,0.23,0.124,187.9,192.2,4.65,419.9,438.9,420.0,435.9
0,0.72,0,4.2,2.66,19.34,0.025,3.79,3.56,0.02,0.23,0.132,187.9,192.2,4.7,419.8,439.1,420.0,436.1
0,0.72,0,4.25,2.65,19.35,0.025,2.91,2.68,0.02,0.23,0.131,187.9,192.2,4.68,419.7,439.2,420.0,436.1
0,0.72,0,4.26,2.52,19.34,0.024,3.12,2.89,0.018,0.23,0.123,187.9,192.2,4.7,419.9,438.7,420.0,436.2
0,0.72,0,4.21,2.72,19.33,0.023,3.11,2.88,0.018,0.23,0.122,187.9,192.2,4.67,419.9,438.8,420.0,435.6
0,0.7,0,4.2,2.64,19.33,0.022,2.9,2.67,0.017,0.23,0.118,187.9,192.2,4.63,420.1,438.8,420.0,435.8
0,0.72,0,4.25,2.7,19.33,0.023,3.32,3.09,0.018,0.23,0.121,187.9,192.2,4.68,420.1,438.9,419.9,436.1
0,0.7,0,4.27,2.66,19.3,0.024,3.08,2.86,0.019,0.23,0.125,187.9,192.2,4.66,420.1,439.1,420.0,436.1
0,0.71,0,4.26,2.68,19.33,0.025,3.21,2.98,0.019,0.23,0.129,187.9,192.2,4.64,420.0,439.1,420.1,435.8
0,0.71,0,4.24,2.62,19.31,0.023,2.79,2.56,0.018,0.23,0.123,187.9,192.2,4.68,419.9,438.9,419.9,435.9
0,0.71,0,4.21,2.66,19.31,0.022,2.88,2.65,0.017,0.23,0.117,187.9,192.2,4.66,420.1,438.9,420.1,435.2
0,0.7,0,4.09,2.77,19.33,0.023,3.31,3.08,0.018,0.23,0.122,187.9,192.2,4.71,420.1,438.7,420.0,435.6
0,0.71,0,4.12,2.73,19.35,0.024,2.58,2.35,0.019,0.23,0.125,187.9,192.2,4.66,419.9,438.8,420.0,435.7
0,0.73,0,4.16,2.71,19.37,0.023,3.9,3.67,0.018,0.23,0.123,187.9,192.2,4.66,419.7,439.1,420.1,435.6
0,0.74,0,4.14,2.74,19.4,0.024,3.74,3.51,0.019,0.23,0.127,187.9,192.2,4.69,419.8,439.2,420.0,435.3
0,0.72,0,4.14,2.72,19.35,0.025,3.52,3.29,0.02,0.23,0.133,187.9,192.2,4.68,419.9,438.8,420.0,435.2
0,0.74,0,4.15,2.65,19.38,0.025,3.59,3.36,0.02,0.23,0.13,187.9,192.2,4.73,420.1,439.0,420.0,435.5
0,0.74,0,4.0,2.75,19.35,0.024,3.13,2.9,0.018,0.23,0.124,187.9,192.2,4.65,420.3,438.8,419.9,435.8
0,0.74,0,3.93,2.74,19.36,0.022,2.34,2.11,0.017,0.23,0.117,187.9,192.3,4.67,420.2,438.8,420.1,435.5
0,0.75,0,3.97,2.76,19.39,0.022,2.82,2.59,0.016,0.23,0.113,187.9,192.3,4.72,420.1,439.0,420.0,435.2
0,0.72,0,4.16,2.69,19.35,0.024,3.12,2.89,0.019,0.23,0.128,187.9,192.3,4.63,420.0,438.8,419.9,435.3
0,0.74,0,4.11,2.54,19.36,0.025,3.54,3.31,0.02,0.23,0.131,187.9,192.2,4.7,419.9,438.9,420.0,435.4
0,0.74,0,4.16,2.49,19.37,0.026,3.29,3.06,0.02,0.23,0.134,187.9,192.3,4.72,419.8,438.8,420.0,434.7
0,0.71,0,4.09,2.72,19.33,0.025,3.15,2.92,0.02,0.23,0.131,187.9,192.3,4.65,419.7,438.8,420.0,434.8
0,0.75,0,4.04,2.73,19.39,0.023,2.88,2.65,0.018,0.23,0.122,187.9,192.2,4.68,419.8,439.6,420.1,434.9
0,0.76,0,4.06,2.71,19.36,0.024,3.4,3.17,0.019,0.23,0.126,187.9,192.2,4.62,420.1,439.4,420.0,435.1
0,0.75,0,4.1,2.64,19.36,0.025,3.95,3.72,0.02,0.23,0.133,187.9,192.2,4.68,420.1,439.2,420.0,435.3
0,0.76,0,4.05,2.74,19.37,0.024,3.62,3.39,0.018,0.23,0.124,187.9,192.3,4.7,420.0,439.3,420.0,435.0
0,0.75,0,4.01,2.74,19.37,0.023,3.14,2.91,0.018,0.23,0.12,187.9,192.3,4.62,419.9,439.2,419.9,435.3
0,0.74,0,3.91,2.65,19.35,0.023,3.16,2.93,0.018,0.23,0.122,188.0,192.3,4.67,419.8,439.4,420.0,435.3
0,0.74,0,3.96,2.72,19.35,0.023,2.85,2.62,0.018,0.23,0.12,187.9,192.2,4.69,419.9,439.2,419.9,435.2
0,0.74,0,3.97,2.71,19.34,0.023,2.81,2.58,0.018,0.23,0.12,187.9,192.3,4.69,420.0,439.2,420.0,435.6
0,0.74,0,4.12,2.59,19.35,0.023,3.1,2.87,0.018,0.23,0.121,187.9,192.2,4.64,420.1,439.3,419.9,435.8
0,0.74,0,4.01,2.72,19.38,0.023,2.95,2.72,0.017,0.23,0.119,187.9,192.1,4.66,420.2,439.2,420.1,435.5
0,0.75,0,3.94,2.75,19.38,0.023,2.99,2.76,0.018,0.23,0.122,187.9,192.2,4.7,420.0,439.8,420.0,435.9
0,0.74,0,3.89,2.76,19.32,0.024,2.98,2.75,0.019,0.23,0.125,187.9,192.2,4.67,420.0,439.5,420.0,435.2
0,0.77,0,4.05,2.62,19.37,0.025,3.64,3.41,0.019,0.23,0.129,187.9,192.2,4.71,419.9,439.6,420.0,435.3
0,0.75,0,4.07,2.67,19.35,0.025,3.51,3.28,0.02,0.23,0.13,187.9,192.2,4.65,419.7,439.8,419.7,435.5
0,0.75,0,4.09,2.66,19.34,0.025,3.32,3.09,0.02,0.23,0.132,187.9,192.2,4.7,419.7,439.5,419.8,435.9
0,0.76,0,3.97,2.7,19.35,0.023,3.38,3.15,0.017,0.23,0.118,187.9,192.2,4.66,420.0,439.9,420.0,436.3
0,0.76,0,3.96,2.69,19.35,0.022,3.41,3.18,0.016,0.23,0.113,187.9,192.2,4.6,420.1,439.7,420.1,436.4
0,0.76,0,3.89,2.73,19.35,0.022,3.19,2.96,0.017,0.23,0.115,187.9,192.2,4.66,420.2,439.7,420.1,436.0
0,0.75,0,4.0,2.67,19.37,0.023,3.18,2.95,0.017,0.23,0.118,187.9,192.2,4.68,420.2,439.4,420.0,435.8
0,0.75,0,4.14,2.73,19.37,0.024,3.44,3.21,0.019,0.23,0.125,188.0,192.2,4.71,420.1,439.5,420.0,435.6
0,0.73,0,4.15,2.69,19.35,0.024,3.34,3.11,0.019,0.23,0.125,187.9,192.2,4.66,420.0,438.6,419.9,435.8
0,0.73,0,4.13,2.75,19.31,0.024,3.35,3.12,0.019,0.23,0.124,187.9,192.2,4.7,419.9,438.5,420.1,436.1
0,0.73,0,4.19,2.61,19.33,0.023,3.25,3.02,0.018,0.23,0.122,187.9,192.2,4.65,420.0,438.3,420.0,436.1
0,0.71,0,4.17,2.69,19.3,0.022,2.93,2.7,0.017,0.23,0.117,187.9,192.2,4.66,420.1,439.4,420.1,435.6
0,0.73,0,4.17,2.68,19.35,0.022,3.16,2.93,0.017,0.23,0.116,187.9,192.2,4.72,420.3,439.1,420.0,435.5
0,0.73,0,4.2,2.63,19.33,0.023,3.64,3.41,0.018,0.23,0.123,187.9,192.2,4.66,420.2,439.1,419.9,435.7
0,0.72,0,4.24,2.71,19.37,0.024,3.1,2.87,0.019,0.23,0.127,187.9,192.2,4.71,420.2,438.8,419.9,436.4
0,0.71,0,4.22,2.77,19.37,0.023,3.22,2.99,0.018,0.23,0.123,187.9,192.2,4.71,420.0,438.7,419.9,436.2
0,0.72,0,4.24,2.69,19.31,0.022,4.02,3.79,0.017,0.23,0.115,187.9,192.2,4.66,419.9,438.7,420.1,436.0
0,0.73,0,4.22,2.7,19.36,0.025,3.25,3.02,0.02,0.23,0.13,187.9,192.2,4.68,419.8,438.6,420.0,435.7
0,0.71,0,4.22,2.73,19.32,0.025,3.02,2.79,0.02,0.23,0.131,187.9,192.2,4.65,419.9,438.6,420.0,435.8
0,0.72,0,4.22,2.66,19.33,0.025,2.97,2.74,0.019,0.23,0.128,187.9,192.1,4.72,420.0,438.6,420.0,435.6
0,0.73,0,4.25,2.62,19.33,0.024,3.49,3.26,0.019,0.23,0.127,187.9,192.2,4.66,420.0,438.6,420.0,435.6
0,0.73,0,4.22,2.66,19.36,0.023,2.99,2.76,0.018,0.23,0.122,187.9,192.2,4.73,420.1,438.6,419.9,435.8
0,0.71,0,4.22,2.64,19.32,0.023,3.19,2.96,0.017,0.23,0.119,187.9,192.2,4.69,420.2,438.6,420.0,436.2
0,0.72,0,4.22,2.68,19.35,0.023,3.38,3.15,0.018,0.23,0.121,187.9,192.2,4.62,420.1,438.6,419.9,436.0
0,0.73,0,4.22,2.75,19.31,0.024,3.36,3.13,0.019,0.23,0.127,187.9,192.2,4.69,420.1,438.6,420.1,435.9
0,0.72,0,4.25,2.43,19.35,0.022,3.72,3.49,0.017,0.23,0.118,187.9,192.2,4.73,419.9,439.2,420.1,436.2
0,0.73,0,4.22,2.7,19.33,0.024,3.79,3.56,0.019,0.23,0.125,187.9,192.2,4.65,419.9,438.5,420.1,436.7
0,0.72,0,4.22,2.73,19.33,0.025,3.74,3.51,0.02,0.23,0.131,187.9,192.2,4.64,419.8,438.6,420.0,436.3
0,0.7,0,4.27,2.67,19.33,0.025,3.45,3.22,0.02,0.23,0.13,187.9,192.2,4.7,419.9,438.6,420.0,436.5
0,0.7,0,4.26,2.62,19.3,0.024,3.02,2.79,0.019,0.23,0.125,187.9,192.2,4.67,419.9,438.7,420.0,436.0
0,0.69,0,4.25,2.65,19.33,0.022,2.91,2.68,0.017,0.23,0.118,187.9,192.2,4.63,420.0,438.7,420.0,436.4
0,0.72,0,4.27,2.7,19.32,0.023,3.13,2.9,0.018,0.23,0.123,187.9,192.2,4.62,420.0,438.6,420.0,437.1
0,0.73,0,4.22,2.67,19.34,0.023,3.16,2.93,0.018,0.23,0.119,187.9,192.2,4.68,420.2,438.6,420.1,436.9
0,0.73,0,4.26,2.67,19.31,0.023,3.35,3.12,0.018,0.23,0.121,187.9,192.2,4.66,420.3,438.7,420.1,436.5
0,0.73,0,4.28,2.55,19.33,0.024,3.02,2.79,0.018,0.23,0.124,187.9,192.2,4.63,420.2,438.5,420.0,436.5
0,0.72,0,4.23,2.65,19.29,0.023,3.35,3.12,0.018,0.23,0.123,187.9,192.2,4.64,419.9,439.3,420.0,436.2
0,0.73,0,4.25,2.72,19.32,0.024,3.06,2.83,0.019,0.23,0.126,187.9,192.2,4.68,419.8,438.8,420.1,436.6
0,0.71,0,4.21,2.64,19.34,0.023,3.38,3.15,0.018,0.23,0.123,187.9,192.2,4.66,419.9,438.6,420.0,436.4
0,0.7,0,4.24,2.69,19.33,0.024,3.97,3.74,0.018,0.23,0.123,187.9,192.3,4.68,419.9,438.6,420.0,436.8
0,0.73,0,4.28,2.58,19.31,0.024,3.61,3.38,0.019,0.23,0.128,187.9,192.2,4.68,420.0,438.6,420.0,436.7
0,0.72,0,4.25,2.58,19.32,0.025,3.43,3.2,0.019,0.23,0.129,187.9,192.3,4.64,420.0,438.6,419.9,436.6
0,0.74,0,4.27,2.53,19.37,0.024,2.9,2.67,0.019,0.23,0.127,187.9,192.3,4.7,420.1,438.6,420.0,437.1
0,0.73,0,4.26,2.68,19.32,0.022,3.32,3.09,0.017,0.23,0.117,187.9,192.3,4.65,420.1,438.7,420.0,436.4
0,0.7,0,4.26,2.68,19.3,0.022,3.55,3.32,0.016,0.23,0.113,187.9,192.2,4.64,420.1,438.6,420.0,436.5
0,0.72,0,4.26,2.69,19.34,0.023,3.36,3.13,0.018,0.23,0.123,187.9,192.2,4.68,419.9,438.7,420.0,436.8
0,0.72,0,4.27,2.71,19.34,0.024,3.59,3.36,0.019,0.23,0.126,187.9,192.3,4.64,419.8,438.7,419.9,436.4
0,0.74,0,4.27,2.73,19.32,0.025,3.65,3.42,0.02,0.23,0.133,187.9,192.3,4.69,419.7,438.6,420.1,436.8
0,0.72,0,4.27,2.7,19.31,0.025,3.88,3.65,0.02,0.23,0.13,187.9,192.3,4.7,419.9,439.0,420.0,436.6
0,0.71,0,4.28,2.67,19.31,0.026,3.25,3.02,0.02,0.23,0.134,188.0,192.3,4.68,419.9,438.6,420.1,436.5
0,0.72,0,4.29,2.68,19.32,0.023,3.1,2.87,0.018,0.23,0.121,188.0,192.3,4.66,420.0,438.8,420.0,436.8
0,0.71,0,4.24,2.69,19.32,0.022,2.63,2.4,0.016,0.23,0.114,188.0,192.3,4.63,420.1,438.9,420.0,436.6
0,0.71,0,4.29,2.62,19.3,0.023,2.7,2.47,0.017,0.23,0.118,187.9,192.3,4.61,420.3,438.6,419.9,436.6
0,0.71,0,4.25,2.69,19.28,0.023,3.28,3.05,0.018,0.23,0.12,188.0,192.3,4.61,420.3,438.3,419.9,437.1
0,0.71,0,4.2,2.76,19.31,0.023,3.26,3.03,0.018,0.23,0.122,187.9,192.3,4.67,420.0,438.3,420.0,436.6
0,0.72,0,4.26,2.63,19.33,0.024,3.54,3.31,0.019,0.23,0.125,188.0,192.3,4.64,420.0,438.7,420.2,436.8
0,0.72,0,4.26,2.68,19.3,0.024,3.28,3.05,0.019,0.23,0.128,188.0,192.3,4.65,419.8,438.9,420.0,436.7
0,0.72,0,4.27,2.69,19.32,0.026,3.31,3.08,0.02,0.23,0.134,188.0,192.3,4.66,419.7,438.9,420.0,436.4
0,0.71,0,4.21,2.65,19.32,0.024,3.59,3.36,0.019,0.23,0.126,188.0,192.3,4.62,420.0,438.9,419.9,436.6
0,0.73,0,4.26,2.71,19.33,0.024,3.69,3.46,0.019,0.23,0.124,188.0,192.3,4.69,420.0,439.1,419.8,436.7
0,0.74,0,4.28,2.75,19.3,0.024,3.22,2.99,0.019,0.23,0.125,188.0,192.3,4.66,420.0,439.1,420.1,436.2
0,0.74,0,4.23,2.7,19.31,0.023,2.63,2.4,0.018,0.23,0.12,188.0,192.3,4.61,420.1,439.1,419.9,436.6
0,0.75,0,4.18,2.62,19.31,0.022,3.04,2.81,0.017,0.23,0.116,188.0,192.3,4.6,420.1,439.3,420.0,436.3
0,0.71,0,4.27,2.62,19.31,0.024,3.17,2.94,0.019,0.23,0.125,188.0,192.3,4.7,420.0,439.6,420.0,436.8
0,0.74,0,4.27,2.64,19.32,0.024,3.42,3.19,0.019,0.23,0.126,188.0,192.3,4.64,419.9,439.1,420.0,436.4
0,0.74,0,4.27,2.71,19.36,0.025,3.3,3.07,0.02,0.23,0.131,188.0,192.3,4.72,419.8,439.0,420.1,436.6
0,0.74,0,4.27,2.69,19.33,0.025,3.42,3.19,0.02,0.23,0.13,188.0,192.3,4.67,419.8,439.1,420.1,436.5
0,0.7,0,4.29,2.63,19.28,0.023,3.06,2.83,0.018,0.23,0.121,188.0,192.3,4.6,420.0,439.5,420.0,436.5
0,0.73,0,4.26,2.69,19.35,0.023,2.93,2.7,0.018,0.23,0.12,188.0,192.3,4.68,420.0,439.6,420.0,437.2
0,0.74,0,4.29,2.66,19.36,0.024,2.96,2.73,0.019,0.23,0.125,188.0,192.2,4.71,420.1,439.6,420.0,437.3
0,0.72,0,4.32,2.69,19.31,0.024,3.47,3.24,0.019,0.23,0.125,188.0,192.3,4.67,420.0,439.4,420.1,437.2
0,0.73,0,4.2,2.71,19.32,0.024,3.6,3.37,0.019,0.23,0.127,188.0,192.3,4.67,420.0,439.5,419.7,437.5
0,0.73,0,4.27,2.7,19.32,0.024,3.35,3.12,0.019,0.23,0.125,188.0,192.3,4.62,419.9,439.6,420.0,437.4
0,0.74,0,4.22,2.64,19.3,0.024,3.47,3.24,0.019,0.23,0.128,188.0,192.3,4.61,419.8,439.5,420.1,437.3
0,0.7,0,4.26,2.72,19.29,0.024,3.49,3.26,0.019,0.23,0.125,188.0,192.3,4.66,420.0,439.2,420.0,437.7
0,0.72,0,4.28,2.71,19.35,0.023,3.76,3.53,0.018,0.23,0.122,188.0,192.3,4.64,420.1,439.8,420.0,437.4
0,0.72,0,4.25,2.66,19.32,0.023,2.94,2.71,0.018,0.23,0.121,188.1,192.3,4.69,420.1,439.5,420.0,437.5
0,0.73,0,4.29,2.72,19.34,0.023,3.27,3.04,0.018,0.23,0.121,188.1,192.4,4.65,420.0,439.5,419.8,437.8
0,0.7,0,4.26,2.84,19.31,0.025,3.31,3.08,0.019,0.23,0.13,188.0,192.4,4.63,419.8,439.6,420.1,437.2
0,0.72,0,4.28,2.71,19.37,0.024,3.09,2.86,0.019,0.23,0.127,187.9,192.2,4.68,419.9,439.7,420.1,437.3
0,0.73,0,4.27,2.49,19.34,0.023,3.23,3.0,0.018,0.23,0.123,187.9,192.2,4.63,420.0,439.5,420.0,437.3
0,0.74,0,4.22,2.81,19.32,0.023,3.33,3.1,0.018,0.23,0.121,187.9,192.2,4.7,420.0,439.7,419.9,437.3
0,0.72,0,4.33,2.66,19.3,0.024,3.07,2.84,0.019,0.23,0.125,188.0,192.3,4.67,420.1,439.3,419.8,437.3
0,0.71,0,4.28,2.75,19.3,0.023,3.5,3.27,0.018,0.23,0.121,187.9,192.2,4.67,420.1,439.4,420.0,437.4
0,0.74,0,4.22,2.75,19.31,0.022,3.04,2.81,0.017,0.23,0.118,187.9,192.2,4.69,420.0,439.6,420.1,437.5
0,0.73,0,4.24,2.66,19.34,0.023,3.4,3.17,0.018,0.23,0.121,187.9,192.2,4.67,420.0,439.5,420.1,437.4
0,0.71,0,4.26,2.69,19.3,0.024,3.29,3.06,0.019,0.23,0.125,188.1,192.3,4.66,420.0,439.5,420.0,437.3
0,0.73,0,4.25,2.65,19.32,0.024,3.43,3.2,0.019,0.23,0.125,187.9,192.3,4.64,419.9,439.5,420.0,437.3
0,0.72,0,4.26,2.65,19.32,0.025,3.09,2.86,0.02,0.23,0.132,187.9,192.3,4.72,419.8,439.4,420.0,436.9
0,0.74,0,4.26,2.64,19.34,0.025,2.94,2.72,0.02,0.23,0.132,187.9,192.3,4.67,420.0,439.6,419.9,436.9
0,0.74,0,4.08,2.76,19.3,0.024,2.74,2.51,0.019,0.23,0.127,187.9,192.3,4.64,420.0,439.4,420.0,437.1
0,0.72,0,4.15,2.69,19.31,0.023,2.88,2.65,0.017,0.23,0.119,187.9,192.3,4.63,420.1,439.5,420.0,437.2
0,0.74,0,3.99,2.78,19.31,0.022,2.84,2.61,0.017,0.23,0.116,187.9,192.3,4.6,420.1,439.5,420.0,437.2
0,0.74,0,3.92,2.77,19.32,0.022,3.3,3.07,0.017,0.23,0.115,187.9,192.3,4.57,420.1,439.5,419.9,437.5
0,0.74,0,4.13,2.7,19.31,0.022,3.51,3.28,0.017,0.23,0.116,188.0,192.3,4.63,420.1,439.5,420.1,437.1
0,0.72,0,4.17,2.61,19.32,0.025,3.43,3.2,0.02,0.23,0.13,188.0,192.3,4.65,420.0,439.7,420.0,437.3
0,0.72,0,4.24,2.71,19.32,0.024,3.26,3.03,0.019,0.23,0.127,188.0,192.3,4.63,419.9,439.2,419.9,437.2
0,0.74,0,4.12,2.67,19.32,0.025,2.96,2.73,0.02,0.23,0.132,188.0,192.3,4.71,419.9,439.8,420.0,437.3
0,0.73,0,4.07,2.77,19.3,0.025,2.98,2.75,0.02,0.23,0.13,188.0,192.3,4.64,419.9,439.6,420.0,437.2
0,0.72,0,4.12,2.65,19.27,0.023,2.83,2.6,0.018,0.23,0.121,188.0,192.3,4.65,420.0,439.3,420.0,437.0
0,0.74,0,4.11,2.7,19.36,0.023,3.27,3.04,0.018,0.23,0.121,188.0,192.3,4.63,420.1,439.2,420.1,437.4
0,0.71,0,4.13,2.71,19.33,0.024,3.36,3.13,0.019,0.23,0.125,188.0,192.3,4.69,420.0,439.6,420.1,437.1
0,0.73,0,4.04,2.76,19.36,0.025,3.19,2.96,0.019,0.23,0.129,187.9,192.3,4.64,419.9,439.1,420.1,437.0
0,0.72,0,4.02,2.65,19.32,0.024,3.22,2.99,0.018,0.23,0.124,188.0,192.3,4.72,419.7,439.4,420.1,437.0
0,0.72,0,4.0,2.72,19.34,0.024,2.53,2.3,0.019,0.23,0.127,188.0,192.3,4.66,419.8,440.0,420.0,437.2
0,0.72,0,4.06,2.72,19.31,0.022,2.78,2.55,0.017,0.23,0.116,187.9,192.3,4.62,420.0,439.4,420.0,437.3
0,0.71,0,4.05,2.7,19.33,0.022,3.08,2.85,0.017,0.23,0.116,188.0,192.3,4.7,420.1,439.0,419.9,437.1
0,0.69,0,4.05,2.64,19.26,0.024,3.42,3.19,0.018,0.23,0.124,187.9,192.3,4.62,420.2,439.2,420.0,437.7
0,0.71,0,4.15,2.66,19.31,0.024,3.13,2.9,0.019,0.23,0.128,187.9,192.3,4.72,420.3,439.2,420.1,437.3
0,0.72,0,3.92,2.68,19.33,0.025,3.52,3.29,0.02,0.23,0.13,188.0,192.2,4.65,419.9,439.7,420.1,437.3
0,0.73,0,3.9,2.7,19.32,0.023,3.14,2.91,0.018,0.23,0.12,188.0,192.3,4.62,419.8,439.7,420.1,437.5
0,0.74,0,3.96,2.68,19.31,0.022,2.89,2.66,0.016,0.23,0.113,187.9,192.3,4.61,419.7,439.5,420.0,436.8
0,0.74,0,4.06,2.69,19.33,0.025,3.29,3.06,0.02,0.23,0.133,188.0,192.3,4.66,419.9,439.1,420.0,437.3
0,0.71,0,4.13,2.62,19.32,0.025,3.21,2.98,0.02,0.23,0.132,188.0,192.3,4.63,420.0,439.2,420.1,437.2
0,0.73,0,4.07,2.72,19.3,0.024,3.11,2.88,0.019,0.23,0.128,188.0,192.3,4.6,420.1,439.0,420.0,437.3
0,0.72,0,4.05,2.74,19.32,0.024,2.8,2.57,0.018,0.23,0.124,188.0,192.3,4.7,420.0,439.6,420.0,437.1
0,0.72,0,3.9,2.75,19.32,0.023,2.65,2.42,0.018,0.23,0.122,188.0,192.3,4.66,419.9,439.0,419.9,437.1
0,0.72,0,3.93,2.71,19.32,0.022,2.72,2.49,0.017,0.23,0.118,188.0,192.3,4.66,419.9,439.3,420.0,437.3
0,0.72,0,3.96,2.73,19.3,0.023,3.68,3.45,0.018,0.23,0.121,187.9,192.2,4.6,419.9,439.5,420.0,437.2
0,0.74,0,4.04,2.69,19.33,0.024,3.26,3.03,0.018,0.23,0.124,188.0,192.2,4.66,420.0,438.9,420.1,437.4
0,0.74,0,4.14,2.68,19.37,0.025,3.52,3.29,0.02,0.23,0.133,187.9,192.2,4.63,420.1,439.0,420.0,437.3
0,0.74,0,4.08,2.66,19.31,0.026,3.82,3.59,0.02,0.23,0.134,188.0,192.2,4.7,420.3,439.0,420.1,437.2
0,0.73,0,4.09,2.66,19.32,0.026,3.53,3.3,0.02,0.23,0.135,187.9,192.2,4.68,420.2,439.0,420.1,437.5
0,0.74,0,4.07,2.64,19.37,0.024,3.14,2.91,0.019,0.23,0.126,188.0,192.2,4.73,420.1,439.0,420.0,437.3
0,0.74,0,4.05,2.66,19.35,0.023,3.1,2.87,0.018,0.23,0.12,187.9,192.2,4.65,420.1,439.0,420.0,437.4
0,0.73,0,4.0,2.68,19.31,0.023,3.15,2.92,0.017,0.23,0.118,188.0,192.3,4.68,420.0,438.9,420.1,437.4
0,0.71,0,4.1,2.68,19.33,0.024,3.54,3.31,0.018,0.23,0.123,188.0,192.2,4.65,419.8,439.1,420.0,437.2
0,0.73,0,4.23,2.71,19.34,0.024,3.56,3.33,0.019,0.23,0.126,188.0,192.2,4.7,419.9,439.2,420.0,437.1
0,0.71,0,4.19,2.66,19.31,0.026,3.44,3.21,0.02,0.23,0.134,188.0,192.2,4.7,419.9,438.7,420.0,437.0
0,0.73,0,4.23,2.51,19.34,0.023,3.82,3.59,0.018,0.23,0.122,187.9,192.2,4.68,420.0,438.8,420.0,437.3
0,0.7,0,4.22,2.55,19.28,0.024,3.32,3.1,0.018,0.23,0.123,187.9,192.2,4.67,420.0,439.0,420.0,437.3
0,0.73,0,4.24,2.34,19.29,0.023,3.31,3.08,0.018,0.23,0.12,187.9,192.2,4.66,420.1,439.3,419.9,437.2
0,0.72,0,4.14,2.56,19.35,0.023,2.79,2.56,0.018,0.23,0.123,187.9,192.2,4.64,420.3,438.8,420.0,437.1
0,0.72,0,4.23,2.66,19.31,0.025,3.57,3.34,0.019,0.23,0.129,188.0,192.2,4.64,420.2,439.3,420.0,437.0
0,0.7,0,4.22,2.69,19.31,0.024,3.21,2.98,0.019,0.23,0.126,187.9,192.2,4.62,420.0,439.0,420.0,437.5
0,0.73,0,4.24,2.7,19.35,0.025,3.14,2.91,0.02,0.23,0.131,187.9,192.2,4.68,419.9,438.9,420.0,437.5
0,0.73,0,4.26,2.69,19.31,0.023,3.16,2.93,0.018,0.23,0.122,188.0,192.2,4.67,419.8,438.8,420.1,437.3
0,0.73,0,4.26,2.7,19.31,0.023,3.05,2.82,0.018,0.23,0.122,187.9,192.2,4.69,420.0,438.9,420.1,437.4
0,0.72,0,4.26,2.74,19.34,0.023,3.35,3.12,0.018,0.23,0.122,187.9,192.2,4.65,420.0,439.7,420.0,437.3
0,0.72,0,4.24,2.68,19.29,0.023,3.14,2.91,0.018,0.23,0.122,187.9,192.2,4.62,420.2,439.7,420.0,437.3
0,0.73,0,4.19,2.74,19.34,0.023,3.37,3.14,0.018,0.23,0.121,187.9,192.2,4.68,420.3,439.4,420.1,437.3
0,0.73,0,4.25,2.67,19.32,0.024,3.45,3.22,0.019,0.23,0.126,187.9,192.2,4.68,420.2,439.5,420.0,437.5
0,0.76,0,4.27,2.71,19.35,0.024,3.82,3.59,0.019,0.23,0.127,187.9,192.2,4.63,420.0,439.5,420.0,437.4
0,0.74,0,4.27,2.71,19.36,0.024,3.1,2.87,0.019,0.23,0.125,187.9,192.2,4.68,419.9,439.8,420.0,437.3
0,0.76,0,4.24,2.71,19.33,0.024,3.01,2.78,0.019,0.23,0.124,187.9,192.2,4.59,419.8,439.4,420.0,437.1
0,0.74,0,4.23,2.69,19.36,0.023,3.38,3.15,0.018,0.23,0.122,187.9,192.2,4.67,419.9,439.4,420.0,437.3
0,0.75,0,4.28,2.68,19.35,0.024,3.13,2.9,0.018,0.23,0.125,187.9,192.2,4.7,419.9,439.4,419.9,437.3
0,0.74,0,4.26,2.8,19.35,0.024,3.19,2.96,0.019,0.23,0.127,187.9,192.2,4.64,419.9,440.0,420.0,437.4
0,0.74,0,4.26,2.66,19.33,0.024,3.15,2.92,0.019,0.23,0.124,187.9,192.2,4.65,420.2,439.7,420.1,437.5
0,0.73,0,4.26,2.74,19.34,0.023,3.24,3.01,0.018,0.23,0.121,187.9,192.2,4.72,420.1,439.5,420.0,437.5
0,0.71,0,4.2,2.66,19.33,0.024,3.23,3.0,0.018,0.23,0.124,187.9,192.2,4.65,419.8,440.0,420.0,437.1
0,0.71,0,4.21,2.72,19.31,0.024,3.66,3.43,0.019,0.23,0.128,188.0,192.3,4.61,419.7,439.2,420.1,437.5
0,0.72,0,4.25,2.65,19.31,0.024,3.42,3.19,0.019,0.23,0.127,187.9,192.2,4.68,419.8,439.0,420.1,437.5
0,0.7,0,4.3,2.71,19.32,0.024,3.59,3.36,0.019,0.23,0.128,187.9,192.3,4.67,420.0,439.1,420.0,437.0
0,0.72,0,4.25,2.61,19.32,0.024,3.6,3.37,0.019,0.23,0.126,187.9,192.2,4.65,420.0,439.1,419.9,437.1
0,0.73,0,4.22,2.71,19.31,0.024,3.38,3.15,0.018,0.23,0.124,188.0,192.3,4.6,420.0,439.2,419.8,437.2
0,0.73,0,4.24,2.68,19.29,0.021,3.1,2.87,0.016,0.23,0.112,188.0,192.3,4.68,419.8,438.8,420.0,437.4
0,0.7,0,4.26,2.63,19.32,0.022,3.46,3.23,0.017,0.23,0.116,188.0,192.3,4.67,419.9,439.0,420.0,437.2
0,0.7,0,4.24,2.63,19.35,0.023,3.84,3.61,0.018,0.23,0.122,188.0,192.3,4.71,419.9,439.4,420.1,437.3
0,0.72,0,4.26,2.81,19.33,0.025,3.1,2.87,0.02,0.23,0.131,188.0,192.3,4.65,420.0,438.8,419.9,437.3
0,0.72,0,4.25,2.7,19.32,0.025,3.07,2.84,0.019,0.23,0.129,187.9,192.2,4.7,420.2,438.8,419.9,437.5
0,0.7,0,4.23,2.68,19.32,0.023,2.85,2.62,0.017,0.23,0.118,187.9,192.2,4.67,420.0,438.8,420.0,437.4
0,0.71,0,4.16,2.7,19.31,0.022,3.26,3.03,0.017,0.23,0.116,187.9,192.2,4.65,420.0,438.8,420.0,437.1
0,0.72,0,4.28,2.52,19.31,0.024,2.91,2.68,0.018,0.23,0.124,187.9,192.2,4.71,420.0,439.6,420.1,437.5
0,0.75,0,4.21,2.71,19.35,0.024,3.61,3.38,0.019,0.23,0.127,187.9,192.2,4.61,420.1,439.6,420.0,436.7
0,0.73,0,4.27,2.66,19.35,0.024,3.8,3.57,0.018,0.23,0.124,187.9,192.3,4.67,420.0,439.6,419.9,437.0
0,0.77,0,4.23,2.76,19.37,0.024,3.66,3.43,0.018,0.23,0.123,188.0,192.3,4.68,419.9,439.5,420.1,436.7
0,0.72,0,4.22,2.71,19.31,0.024,3.61,3.38,0.019,0.23,0.126,187.9,192.2,4.67,419.8,439.6,420.0,436.6
0,0.74,0,4.25,2.62,19.33,0.024,3.41,3.18,0.019,0.23,0.127,188.0,192.2,4.58,419.8,439.7,420.1,436.6
0,0.73,0,4.19,2.71,19.35,0.024,3.26,3.03,0.019,0.23,0.127,187.9,192.2,4.68,419.9,439.6,420.0,436.7
0,0.72,0,4.27,2.62,19.33,0.023,2.9,2.67,0.018,0.23,0.123,187.9,192.2,4.63,420.0,439.5,420.0,436.6
0,0.73,0,4.25,2.61,19.34,0.022,2.68,2.45,0.017,0.23,0.117,187.9,192.2,4.67,420.1,439.6,420.1,436.6
0,0.74,0,4.22,2.72,19.29,0.022,3.65,3.42,0.017,0.23,0.118,187.9,192.2,4.63,420.2,439.4,420.0,437.3
0,0.74,0,4.26,2.64,19.32,0.023,3.57,3.34,0.018,0.23,0.12,187.9,192.2,4.64,420.1,439.5,420.0,436.9
0,0.74,0,4.19,2.63,19.34,0.025,3.69,3.46,0.02,0.23,0.131,187.9,192.2,4.69,420.0,439.5,419.9,436.5
0,0.74,0,4.22,2.81,19.35,0.025,3.28,3.05,0.02,0.23,0.131,187.9,192.2,4.64,419.9,439.5,419.9,436.5
0,0.73,0,4.23,2.65,19.34,0.025,3.36,3.13,0.02,0.23,0.131,187.9,192.2,4.72,419.8,439.3,420.0,436.6
0,0.73,0,4.19,2.66,19.35,0.024,3.83,3.6,0.019,0.23,0.126,187.9,192.2,4.65,419.8,439.7,420.1,436.9
0,0.72,0,4.29,2.65,19.33,0.024,3.33,3.1,0.019,0.23,0.126,187.9,192.2,4.7,419.9,439.4,420.0,436.9
0,0.73,0,4.2,2.71,19.34,0.024,3.36,3.13,0.018,0.23,0.124,187.9,192.2,4.68,419.9,440.1,420.1,436.6
0,0.71,0,4.18,2.54,19.33,0.022,2.74,2.51,0.017,0.23,0.116,187.9,192.2,4.62,419.9,439.5,420.1,436.8
0,0.73,0,4.07,2.68,19.34,0.022,2.94,2.7,0.017,0.23,0.117,187.9,192.2,4.68,420.0,439.4,420.0,437.3
0,0.71,0,4.08,2.66,19.27,0.022,3.05,2.82,0.017,0.23,0.118,187.9,192.2,4.68,420.2,439.4,420.0,437.1
0,0.73,0,4.17,2.68,19.31,0.024,3.67,3.44,0.018,0.23,0.123,187.9,192.2,4.71,420.1,439.5,420.0,436.9
0,0.71,0,4.23,2.43,19.31,0.024,2.96,2.73,0.019,0.23,0.126,187.9,192.2,4.63,419.9,439.4,420.0,437.0
0,0.73,0,4.18,2.43,19.35,0.024,3.4,3.17,0.019,0.23,0.126,187.9,192.2,4.68,420.0,439.4,420.0,435.8
0,0.7,0,4.18,2.7,19.32,0.024,3.02,2.79,0.019,0.23,0.127,187.9,192.2,4.65,420.0,439.5,420.0,436.0
0,0.73,0,4.21,2.66,19.33,0.023,2.54,2.3,0.017,0.23,0.118,187.9,192.2,4.7,420.1,439.5,420.1,436.1
0,0.72,0,4.14,2.71,19.31,0.022,2.73,2.5,0.017,0.23,0.117,187.9,192.2,4.66,420.1,439.4,420.0,436.2
0,0.74,0,4.06,2.59,19.31,0.024,3.17,2.94,0.018,0.23,0.123,187.9,192.2,4.62,419.9,439.5,420.0,436.5
0,0.72,0,4.07,2.59,19.32,0.025,3.43,3.2,0.019,0.23,0.129,187.9,192.2,4.61,419.7,439.5,420.0,435.8
0,0.73,0,4.05,2.67,19.36,0.026,3.49,3.26,0.02,0.23,0.135,187.9,192.2,4.68,419.7,439.6,419.8,436.5
0,0.73,0,4.16,2.75,19.33,0.026,2.85,2.62,0.02,0.23,0.135,187.9,192.2,4.58,419.7,439.5,419.9,436.5
0,0.73,0,4.17,2.68,19.31,0.023,3.42,3.19,0.018,0.23,0.122,187.9,192.2,4.68,419.9,439.8,419.9,436.2
0,0.72,0,4.04,2.73,19.33,0.024,2.69,2.46,0.019,0.23,0.126,187.9,192.2,4.67,420.0,439.4,420.0,436.1
0,0.72,0,3.97,2.67,19.32,0.022,3.08,2.85,0.017,0.23,0.116,187.9,192.2,4.64,420.0,439.4,420.0,436.1
0,0.71,0,4.06,2.66,19.32,0.022,3.22,2.99,0.017,0.23,0.116,187.9,192.2,4.63,420.1,439.5,420.1,436.7
0,0.69,0,4.04,2.75,19.34,0.023,3.16,2.94,0.018,0.23,0.123,187.9,192.2,4.67,420.2,439.4,420.0,436.5
0,0.71,0,4.0,2.68,19.29,0.024,3.85,3.62,0.019,0.23,0.126,187.9,192.2,4.66,420.2,439.5,420.1,436.9
0,0.72,0,3.96,2.74,19.34,0.024,3.68,3.45,0.019,0.23,0.127,187.9,192.2,4.64,420.1,439.3,420.0,436.6
0,0.7,0,4.12,2.59,19.32,0.024,3.32,3.09,0.019,0.23,0.127,187.9,192.2,4.62,420.1,438.8,419.9,436.6
0,0.72,0,4.1,2.68,19.33,0.025,3.56,3.33,0.019,0.23,0.129,187.9,192.2,4.65,419.9,438.7,420.0,436.3
0,0.71,0,4.02,2.66,19.34,0.024,3.18,2.95,0.019,0.23,0.128,187.9,192.2,4.72,419.8,439.2,420.0,436.5
0,0.72,0,3.96,2.65,19.31,0.023,2.82,2.59,0.018,0.23,0.122,187.9,192.2,4.66,419.9,439.0,420.0,435.4
0,0.72,0,3.97,2.76,19.31,0.022,2.94,2.71,0.017,0.23,0.116,188.0,192.2,4.65,420.0,438.7,420.0,435.6
0,0.74,0,4.09,2.62,19.37,0.023,3.15,2.92,0.018,0.23,0.12,187.9,192.3,4.71,420.1,438.7,420.0,436.2
0,0.73,0,3.98,2.51,19.31,0.024,3.26,3.03,0.018,0.23,0.124,188.0,192.2,4.62,420.0,438.8,420.0,435.8
0,0.74,0,3.9,2.71,19.33,0.024,3.35,3.12,0.018,0.23,0.124,188.0,192.2,4.7,419.9,438.7,420.1,435.9
0,0.73,0,4.05,2.69,19.31,0.023,3.39,3.16,0.018,0.23,0.123,187.9,192.2,4.63,420.0,438.8,420.0,436.3
0,0.74,0,4.01,2.76,19.35,0.024,3.44,3.21,0.019,0.23,0.126,187.9,192.2,4.68,420.1,438.7,420.1,436.2
0,0.73,0,4.03,2.66,19.35,0.023,3.46,3.23,0.018,0.23,0.121,187.9,192.2,4.63,420.2,438.8,420.0,436.5
0,0.73,0,4.11,2.75,19.33,0.024,3.69,3.46,0.019,0.23,0.126,187.9,192.2,4.69,420.2,438.7,420.0,436.8
0,0.72,0,4.03,2.74,19.32,0.025,3.65,3.42,0.019,0.23,0.129,187.9,192.2,4.64,420.1,438.8,420.1,436.5
0,0.72,0,3.97,2.76,19.31,0.024,3.43,3.2,0.019,0.23,0.126,187.9,192.2,4.64,419.9,438.7,420.0,436.4
0,0.72,0,3.96,2.64,19.37,0.024,2.96,2.73,0.019,0.23,0.126,187.9,192.2,4.66,419.8,438.5,420.0,436.5
0,0.72,0,4.04,2.82,19.34,0.023,2.95,2.72,0.018,0.23,0.12,187.9,192.2,4.68,419.8,438.6,420.0,436.4
0,0.72,0,4.01,2.68,19.3,0.024,2.98,2.75,0.018,0.23,0.124,187.9,192.2,4.7,419.9,438.6,420.0,436.5
0,0.7,0,4.03,2.69,19.29,0.023,3.2,2.97,0.018,0.23,0.122,187.9,192.2,4.7,419.9,438.7,419.9,435.8
0,0.73,0,4.06,2.72,19.37,0.023,3.68,3.45,0.018,0.23,0.122,187.9,192.2,4.73,420.0,438.5,420.0,436.2
0,0.72,0,4.03,2.76,19.33,0.024,2.98,2.75,0.018,0.23,0.124,187.9,192.2,4.67,420.1,439.1,419.9,436.0
0,0.73,0,3.94,2.65,19.35,0.023,3.18,2.95,0.018,0.23,0.122,188.0,192.3,4.74,420.3,438.6,420.0,436.0
0,0.74,0,4.01,2.6,19.35,0.023,3.33,3.1,0.018,0.23,0.121,188.0,192.3,4.68,420.2,438.4,420.0,436.3
0,0.73,0,3.91,2.72,19.35,0.023,3.35,3.12,0.018,0.23,0.121,188.0,192.2,4.73,420.0,438.5,420.0,436.3
0,0.73,0,4.02,2.65,19.32,0.023,3.18,2.95,0.018,0.23,0.121,188.0,192.2,4.69,419.8,439.1,420.1,436.1
0,0.73,0,4.11,2.63,19.34,0.025,3.61,3.38,0.02,0.23,0.132,188.0,192.2,4.65,419.8,438.3,420.1,436.0
0,0.73,0,4.2,2.73,19.33,0.026,3.35,3.12,0.021,0.23,0.135,188.0,192.2,4.71,419.8,438.4,420.1,436.2
0,0.7,0,4.21,2.68,19.31,0.025,3.25,3.02,0.019,0.23,0.13,188.0,192.2,4.68,419.9,438.5,419.9,436.1
0,0.72,0,4.17,2.67,19.34,0.024,2.82,2.58,0.019,0.23,0.125,188.0,192.3,4.63,419.9,438.3,419.9,436.0
0,0.71,0,4.15,2.68,19.29,0.023,2.89,2.66,0.017,0.23,0.119,188.0,192.2,4.63,419.9,438.7,420.0,436.1
0,0.74,0,4.19,2.65,19.35,0.023,3.08,2.85,0.017,0.23,0.118,188.0,192.3,4.69,420.0,438.3,420.0,436.5
0,0.72,0,4.23,2.63,19.33,0.022,2.63,2.4,0.017,0.23,0.116,188.0,192.3,4.65,420.1,438.8,420.1,436.5
0,0.73,0,4.2,2.73,19.32,0.022,2.96,2.73,0.017,0.23,0.117,188.0,192.3,4.61,420.0,438.3,420.0,436.3
0,0.73,0,4.19,2.66,19.4,0.024,3.55,3.32,0.018,0.23,0.124,188.0,192.3,4.64,419.9,438.5,420.0,436.1
0,0.72,0,4.14,2.7,19.31,0.024,3.45,3.22,0.019,0.23,0.127,188.0,192.3,4.68,419.7,438.5,420.0,436.2
0,0.73,0,4.1,2.7,19.33,0.024,3.8,3.56,0.019,0.23,0.124,188.0,192.3,4.65,419.9,438.4,420.0,436.2
0,0.74,0,3.97,2.65,19.33,0.026,3.39,3.16,0.02,0.23,0.135,188.0,192.2,4.6,419.9,438.5,419.9,436.2
0,0.71,0,4.11,2.72,19.31,0.024,2.89,2.66,0.019,0.23,0.125,188.0,192.2,4.7,420.0,438.2,419.9,436.0
0,0.73,0,4.01,2.71,19.31,0.024,3.18,2.95,0.019,0.23,0.125,188.0,192.2,4.65,420.1,438.3,420.1,436.4
0,0.72,0,4.11,2.59,19.34,0.024,3.68,3.45,0.019,0.23,0.125,188.0,192.2,4.64,420.3,438.4,420.1,436.0
0,0.72,0,4.04,2.69,19.35,0.024,3.19,2.96,0.019,0.23,0.127,188.0,192.2,4.69,420.3,438.6,420.1,436.1
0,0.72,0,4.05,2.75,19.37,0.024,2.73,2.5,0.018,0.23,0.123,187.9,192.2,4.71,420.2,438.4,420.0,436.4
0,0.7,0,4.02,2.65,19.32,0.023,3.28,3.05,0.018,0.23,0.12,187.9,192.2,4.65,420.1,438.3,420.0,436.2
0,0.72,0,3.96,2.79,19.3,0.024,3.34,3.11,0.018,0.23,0.124,187.9,192.2,4.64,420.0,438.4,419.9,436.1
0,0.7,0,4.04,2.67,19.29,0.024,2.67,2.44,0.018,0.23,0.124,187.9,192.2,4.64,419.8,438.7,420.0,436.1
0,0.71,0,4.0,2.7,19.28,0.023,3.3,3.07,0.017,0.23,0.119,187.9,192.2,4.64,419.7,438.2,420.0,436.4
0,0.72,0,4.07,2.71,19.31,0.024,3.28,3.05,0.019,0.23,0.125,187.9,192.2,4.63,419.8,437.9,419.9,436.1
0,0.71,0,4.14,2.66,19.33,0.024,3.4,3.17,0.019,0.23,0.127,188.0,192.2,4.72,419.8,438.1,419.6,436.1
0,0.72,0,4.12,2.51,19.31,0.024,3.36,3.13,0.019,0.23,0.128,188.0,192.2,4.67,419.9,437.9,420.0,436.5
0,0.72,0,4.01,2.71,19.34,0.025,3.1,2.87,0.02,0.23,0.131,188.0,192.2,4.65,420.0,437.9,419.9,436.3
0,0.71,0,3.96,2.78,19.29,0.024,2.87,2.64,0.019,0.23,0.125,187.9,192.2,4.63,420.2,437.9,420.0,436.3
0,0.73,0,3.93,2.74,19.31,0.023,3.29,3.06,0.017,0.23,0.118,187.9,192.2,4.65,420.1,438.0,420.0,436.7
0,0.73,0,4.03,2.8,19.34,0.024,3.98,3.75,0.018,0.23,0.123,187.9,192.2,4.71,420.0,438.3,420.0,436.1
0,0.74,0,4.05,2.7,19.32,0.025,3.42,3.19,0.02,0.23,0.133,187.9,192.2,4.68,419.9,438.6,420.0,436.3
0,0.72,0,4.15,2.67,19.34,0.024,3.61,3.38,0.019,0.23,0.128,188.0,192.2,4.65,419.9,438.5,420.1,436.2
0,0.74,0,4.11,2.7,19.36,0.024,2.82,2.59,0.019,0.23,0.128,188.0,192.2,4.65,419.9,438.9,420.0,436.2
0,0.74,0,3.98,2.63,19.31,0.024,3.41,3.18,0.018,0.23,0.124,188.0,192.2,4.58,420.1,438.5,420.0,436.2
0,0.73,0,3.96,2.7,19.32,0.023,3.1,2.87,0.018,0.23,0.123,188.0,192.2,4.67,420.1,438.4,420.0,436.8
0,0.72,0,4.1,2.69,19.32,0.024,3.26,3.03,0.018,0.23,0.124,188.0,192.2,4.64,420.1,438.3,420.0,436.6
0,0.74,0,4.08,2.68,19.32,0.024,3.18,2.95,0.019,0.23,0.128,188.0,192.2,4.69,419.9,438.3,419.9,436.8
0,0.73,0,4.01,2.78,19.33,0.024,3.1,2.87,0.018,0.23,0.124,188.0,192.2,4.67,419.9,438.4,420.1,436.5
0,0.74,0,3.99,2.77,19.34,0.023,3.34,3.11,0.018,0.23,0.119,187.9,192.2,4.63,420.1,438.4,420.0,435.6
0,0.72,0,3.92,2.69,19.34,0.024,3.19,2.96,0.019,0.23,0.125,188.0,192.2,4.71,420.2,438.2,420.0,436.0
0,0.74,0,3.96,2.71,19.35,0.025,3.3,3.07,0.019,0.23,0.129,188.0,192.2,4.65,420.2,438.4,420.0,436.0
0,0.74,0,3.98,2.72,19.4,0.024,3.74,3.51,0.018,0.23,0.124,188.0,192.2,4.75,420.1,438.3,420.0,436.3
0,0.74,0,4.03,2.67,19.4,0.025,3.32,3.09,0.019,0.23,0.128,187.9,192.2,4.72,420.0,438.3,420.1,436.0
0,0.74,0,4.02,2.75,19.37,0.023,3.28,3.05,0.018,0.23,0.123,187.9,192.2,4.72,420.0,438.1,420.1,436.0
0,0.73,0,3.97,2.69,19.31,0.024,3.23,3.0,0.019,0.23,0.128,188.0,192.3,4.62,420.1,438.4,420.0,436.2
0,0.73,0,3.94,2.64,19.37,0.022,3.14,2.91,0.017,0.23,0.115,188.0,192.3,4.68,420.1,438.1,420.1,436.3
0,0.74,0,4.05,2.53,19.36,0.024,3.37,3.14,0.019,0.23,0.127,188.0,192.2,4.66,419.9,438.8,420.0,436.1
0,0.74,0,4.05,2.77,19.33,0.026,3.89,3.66,0.02,0.23,0.135,188.0,192.3,4.68,419.8,438.8,420.0,435.9
0,0.71,0,4.13,2.72,19.31,0.025,3.45,3.22,0.02,0.23,0.131,188.0,192.2,4.68,419.7,438.8,420.1,436.4
0,0.75,0,4.13,2.69,19.33,0.024,2.89,2.66,0.019,0.23,0.126,188.0,192.2,4.63,419.9,438.8,420.0,436.2
0,0.72,0,4.01,2.65,19.32,0.024,3.02,2.79,0.019,0.23,0.125,188.0,192.3,4.73,420.0,439.0,419.9,436.6
0,0.72,0,4.07,2.55,19.36,0.022,2.78,2.55,0.017,0.23,0.116,188.0,192.2,4.65,420.1,438.9,420.1,436.3
0,0.74,0,3.97,2.75,19.32,0.022,3.22,2.99,0.017,0.23,0.114,188.0,192.3,4.62,420.2,438.8,420.0,436.8
0,0.74,0,4.03,2.68,19.35,0.023,3.78,3.55,0.018,0.23,0.12,187.9,192.2,4.69,420.3,439.7,419.9,436.6
0,0.72,0,3.96,2.69,19.34,0.024,3.5,3.27,0.019,0.23,0.128,188.0,192.3,4.64,420.3,439.5,419.8,436.6
0,0.73,0,4.04,2.63,19.34,0.025,3.88,3.65,0.02,0.23,0.13,188.0,192.3,4.66,420.2,439.5,419.9,436.8
0,0.74,0,4.18,2.65,19.37,0.024,2.64,2.41,0.019,0.23,0.125,188.0,192.3,4.68,419.9,439.7,420.0,436.8
0,0.73,0,4.17,2.73,19.3,0.023,2.54,2.31,0.017,0.23,0.118,188.0,192.3,4.64,419.7,439.5,420.0,436.8
0,0.72,0,4.21,2.76,19.31,0.023,2.76,2.53,0.017,0.23,0.118,188.0,192.3,4.67,419.9,439.5,420.0,436.5
0,0.73,0,4.2,2.65,19.35,0.023,3.29,3.06,0.018,0.23,0.121,188.0,192.3,4.7,420.0,439.4,420.2,436.6
0,0.73,0,4.19,2.66,19.37,0.024,3.02,2.79,0.019,0.23,0.125,188.1,192.3,4.64,420.1,439.5,420.1,436.4
0,0.72,0,4.2,2.69,19.37,0.024,3.12,2.89,0.019,0.23,0.128,188.0,192.3,4.66,420.2,440.0,420.0,436.4
0,0.71,0,4.18,2.68,19.32,0.025,3.97,3.74,0.02,0.23,0.131,188.1,192.3,4.63,420.2,439.5,420.0,436.9
0,0.72,0,4.23,2.69,19.36,0.024,3.67,3.44,0.019,0.23,0.127,188.1,192.3,4.67,420.1,439.5,420.1,436.9
0,0.72,0,4.22,2.68,19.35,0.023,3.73,3.5,0.018,0.23,0.121,188.0,192.3,4.68,420.0,439.5,420.0,436.7
0,0.71,0,4.24,2.68,19.32,0.023,3.1,2.87,0.018,0.23,0.121,188.0,192.2,4.72,420.1,439.8,419.8,436.5
0,0.73,0,4.21,2.83,19.35,0.023,2.99,2.76,0.018,0.23,0.12,188.0,192.2,4.63,420.1,439.5,420.0,436.7
0,0.73,0,4.23,2.63,19.33,0.023,3.03,2.8,0.018,0.23,0.119,188.0,192.2,4.7,420.0,439.6,419.9,436.3
0,0.71,0,4.23,2.71,19.29,0.023,3.32,3.09,0.018,0.23,0.12,188.0,192.2,4.65,420.0,439.4,420.1,436.5
0,0.74,0,4.2,2.68,19.33,0.025,3.59,3.36,0.02,0.23,0.132,188.0,192.2,4.63,419.9,439.5,420.0,436.5
0,0.72,0,4.23,2.72,19.32,0.025,3.29,3.06,0.02,0.23,0.131,188.0,192.3,4.71,419.8,439.6,419.9,436.9
0,0.71,0,4.24,2.64,19.29,0.024,3.4,3.17,0.019,0.23,0.125,188.0,192.3,4.68,419.9,440.0,420.2,436.9
0,0.73,0,4.17,2.71,19.36,0.024,3.1,2.87,0.019,0.23,0.126,188.0,192.3,4.67,419.9,439.4,420.0,436.7
0,0.72,0,4.25,2.66,19.33,0.024,3.1,2.87,0.019,0.23,0.127,188.0,192.3,4.62,420.0,439.6,420.1,436.2
0,0.73,0,4.24,2.6,19.36,0.024,3.11,2.88,0.019,0.23,0.125,188.0,192.3,4.68,420.0,439.4,420.1,436.8
0,0.71,0,4.16,2.69,19.31,0.023,3.36,3.13,0.017,0.23,0.118,188.0,192.3,4.65,420.0,439.4,420.0,436.5
0,0.72,0,4.16,2.68,19.33,0.023,2.9,2.67,0.018,0.23,0.12,188.0,192.3,4.69,420.1,439.4,420.1,437.0
0,0.73,0,4.13,2.74,19.37,0.024,3.28,3.05,0.019,0.23,0.126,188.1,192.3,4.68,420.2,439.4,420.2,436.5
0,0.74,0,4.1,2.65,19.29,0.024,3.42,3.19,0.019,0.23,0.126,188.1,192.3,4.6,419.7,439.4,420.0,436.9
0,0.73,0,4.1,2.73,19.35,0.024,2.78,2.55,0.018,0.23,0.124,188.0,192.3,4.67,419.8,439.2,420.0,437.2
0,0.72,0,4.0,2.71,19.35,0.023,2.81,2.58,0.018,0.23,0.122,188.0,192.2,4.71,419.9,439.4,420.0,437.0
0,0.73,0,3.94,2.6,19.35,0.024,2.77,2.54,0.019,0.23,0.125,188.0,192.3,4.65,419.9,439.5,419.9,437.3
0,0.73,0,4.02,2.71,19.34,0.023,3.33,3.1,0.017,0.23,0.119,188.0,192.3,4.7,420.0,439.7,420.1,437.1
0,0.72,0,4.07,2.7,19.33,0.024,3.18,2.95,0.018,0.23,0.124,188.0,192.3,4.67,420.1,439.5,420.1,437.5
0,0.72,0,4.11,2.76,19.33,0.024,3.5,3.27,0.018,0.23,0.124,188.0,192.3,4.62,420.2,439.5,420.0,437.3
0,0.71,0,4.15,2.95,19.34,0.025,3.35,3.12,0.019,0.23,0.129,188.0,192.3,4.7,420.0,439.9,420.1,436.9
0,0.71,0,4.23,2.68,19.32,0.025,3.13,2.9,0.019,0.23,0.129,188.0,192.3,4.68,420.0,439.5,419.9,437.3
0,0.72,0,4.21,2.63,19.31,0.025,3.8,3.57,0.02,0.23,0.131,188.0,192.3,4.64,420.0,439.5,420.0,437.5
0,0.71,0,4.17,2.75,19.33,0.023,3.13,2.9,0.018,0.23,0.123,188.0,192.3,4.66,419.7,439.2,419.9,437.2
0,0.72,0,4.22,2.65,19.36,0.024,3.43,3.2,0.019,0.23,0.125,188.0,192.3,4.71,419.7,439.4,419.9,437.4
0,0.72,0,4.24,2.64,19.33,0.024,2.85,2.62,0.018,0.23,0.125,188.0,192.3,4.64,419.9,439.4,420.1,437.6
0,0.72,0,4.23,2.72,19.3,0.024,2.95,2.72,0.018,0.23,0.123,188.0,192.3,4.7,420.1,439.6,420.1,437.7
0,0.72,0,4.23,2.68,19.3,0.024,2.94,2.71,0.019,0.23,0.125,188.0,192.3,4.69,420.1,439.3,420.1,437.4
0,0.71,0,4.23,2.67,19.29,0.023,3.04,2.8,0.018,0.23,0.121,188.0,192.3,4.68,420.2,439.3,420.0,437.5
0,0.72,0,4.19,2.58,19.33,0.024,3.49,3.26,0.018,0.23,0.124,188.0,192.3,4.66,420.1,439.4,420.0,437.5
0,0.71,0,4.25,2.65,19.32,0.024,3.56,3.33,0.018,0.23,0.123,188.0,192.3,4.66,420.0,439.3,420.1,438.0
0,0.72,0,4.27,2.71,19.3,0.024,3.05,2.82,0.019,0.23,0.126,188.0,192.3,4.62,420.0,439.3,420.0,437.8
0,0.72,0,4.21,2.66,19.34,0.023,2.99,2.76,0.018,0.23,0.121,188.0,192.3,4.7,420.1,439.9,420.0,437.9
0,0.74,0,4.24,2.73,19.37,0.023,3.06,2.83,0.018,0.23,0.121,188.1,192.3,4.64,420.0,439.3,419.9,438.0
0,0.73,0,4.19,2.75,19.32,0.024,2.87,2.64,0.019,0.23,0.126,188.1,192.3,4.67,419.7,439.1,420.0,437.9
0,0.71,0,4.23,2.68,19.31,0.024,3.09,2.86,0.019,0.23,0.125,188.0,192.3,4.64,419.9,439.7,420.0,438.5
0,0.73,0,4.27,2.69,19.35,0.024,2.73,2.5,0.019,0.23,0.128,188.0,192.3,4.71,420.0,440.1,420.0,438.4
0,0.73,0,4.24,2.63,19.38,0.024,2.76,2.53,0.019,0.23,0.128,188.1,192.3,4.63,420.1,439.6,420.0,438.2
0,0.75,0,4.21,2.68,19.33,0.024,3.38,3.15,0.019,0.23,0.127,188.1,192.3,4.66,420.1,439.7,420.0,437.9
0,0.74,0,4.21,2.66,19.33,0.025,3.4,3.17,0.019,0.23,0.129,188.0,192.3,4.64,420.0,439.6,420.1,438.1
0,0.75,0,4.27,2.62,19.39,0.025,2.8,2.57,0.02,0.23,0.131,188.0,192.3,4.66,420.0,439.6,420.1,438.4
0,0.74,0,4.26,2.7,19.33,0.024,3.15,2.92,0.018,0.23,0.124,188.0,192.3,4.68,420.0,439.5,420.0,438.5
0,0.74,0,4.2,2.73,19.35,0.023,3.56,3.33,0.018,0.23,0.122,188.0,192.3,4.65,420.1,439.9,420.1,438.3
0,0.74,0,4.21,2.73,19.35,0.023,2.75,2.52,0.018,0.23,0.12,188.0,192.3,4.65,420.3,440.1,420.0,438.6
0,0.72,0,4.25,2.56,19.34,0.023,3.05,2.82,0.018,0.23,0.123,188.0,192.2,4.67,420.1,439.6,420.0,438.2
0,0.74,0,4.22,2.41,19.29,0.024,3.7,3.47,0.019,0.23,0.127,188.0,192.3,4.64,420.0,439.5,420.1,438.3
0,0.73,0,4.19,2.67,19.31,0.025,3.82,3.59,0.02,0.23,0.132,188.0,192.3,4.62,420.0,439.5,420.0,438.3
0,0.73,0,4.26,2.69,19.34,0.025,3.94,3.71,0.02,0.23,0.131,188.0,192.3,4.7,419.8,439.9,420.0,438.3
0,0.72,0,4.22,2.67,19.33,0.024,2.94,2.71,0.019,0.23,0.126,188.0,192.3,4.72,419.8,439.6,420.1,438.0
0,0.72,0,4.21,2.58,19.35,0.024,3.07,2.84,0.018,0.23,0.124,188.0,192.3,4.66,419.9,439.7,420.0,438.2
0,0.72,0,4.19,2.66,19.34,0.023,3.12,2.89,0.017,0.23,0.118,188.0,192.3,4.72,420.0,439.6,420.0,438.2
0,0.72,0,4.27,2.69,19.32,0.023,3.13,2.9,0.018,0.23,0.12,188.0,192.3,4.69,420.1,439.6,419.9,438.4
0,0.71,0,4.28,2.72,19.29,0.024,3.01,2.78,0.019,0.23,0.127,188.0,192.3,4.69,420.2,439.6,420.0,438.5
0,0.71,0,4.23,2.67,19.31,0.025,3.39,3.16,0.019,0.23,0.129,188.0,192.3,4.66,420.3,439.7,420.0,438.9
0,0.72,0,4.24,2.69,19.32,0.025,3.49,3.26,0.02,0.23,0.132,188.0,192.3,4.66,420.1,439.6,420.1,438.6
0,0.72,0,4.26,2.63,19.33,0.024,2.77,2.54,0.019,0.23,0.124,188.0,192.3,4.67,420.0,439.7,420.1,438.7
0,0.72,0,4.24,2.7,19.33,0.023,3.0,2.77,0.018,0.23,0.121,188.0,192.3,4.64,419.9,439.7,420.1,438.6
0,0.71,0,4.23,2.66,19.33,0.023,3.15,2.92,0.018,0.23,0.121,188.0,192.3,4.69,420.0,439.7,420.1,438.4
0,0.73,0,4.13,2.66,19.33,0.023,2.84,2.61,0.017,0.23,0.119,188.0,192.3,4.63,420.1,439.7,420.2,438.3
0,0.71,0,4.05,2.82,19.33,0.022,2.36,2.13,0.016,0.23,0.114,188.1,192.3,4.71,420.3,439.7,420.0,438.5
0,0.72,0,4.0,2.75,19.32,0.022,3.41,3.18,0.016,0.23,0.114,188.0,192.3,4.67,420.2,440.0,419.8,438.4
0,0.71,0,4.18,2.67,19.3,0.023,3.05,2.82,0.018,0.23,0.121,188.0,192.3,4.64,420.1,439.6,420.0,438.8
0,0.7,0,4.13,2.69,19.32,0.025,3.44,3.21,0.02,0.23,0.131,188.0,192.3,4.65,420.0,439.8,420.0,438.6
0,0.72,0,4.06,2.68,19.33,0.025,3.49,3.26,0.02,0.23,0.131,187.9,192.3,4.7,419.9,439.5,420.1,438.6
0,0.72,0,4.01,2.73,19.31,0.025,2.89,2.66,0.019,0.23,0.129,188.0,192.3,4.66,420.0,439.8,420.1,438.4
0,0.73,0,3.99,2.69,19.33,0.022,3.09,2.86,0.017,0.23,0.117,188.0,192.2,4.68,420.3,439.6,420.0,438.3
0,0.73,0,4.06,2.68,19.33,0.023,2.93,2.7,0.017,0.23,0.118,188.0,192.2,4.66,420.2,439.5,420.0,437.9
0,0.74,0,4.15,2.69,19.35,0.022,3.01,2.78,0.017,0.23,0.117,187.9,192.2,4.67,420.1,439.7,420.0,437.8
0,0.76,0,3.96,2.67,19.37,0.024,2.78,2.55,0.019,0.23,0.126,188.0,192.2,4.69,419.9,439.6,420.0,437.7
0,0.75,0,3.98,2.81,19.37,0.024,3.02,2.79,0.019,0.23,0.127,187.9,192.2,4.71,419.9,439.6,420.0,437.7
0,0.74,0,4.06,2.71,19.31,0.024,3.06,2.83,0.019,0.23,0.127,188.0,192.3,4.66,420.0,440.2,420.0,437.9
0,0.74,0,4.11,2.66,19.29,0.023,3.15,2.92,0.018,0.23,0.122,187.9,192.3,4.63,420.0,439.6,420.0,437.8
0,0.74,0,4.08,2.7,19.35,0.024,2.79,2.56,0.019,0.23,0.125,187.9,192.3,4.69,419.8,439.5,420.1,438.2
0,0.74,0,4.1,2.7,19.34,0.023,2.88,2.65,0.017,0.23,0.119,187.9,192.3,4.62,419.6,439.7,420.0,438.2
0,0.73,0,3.92,2.79,19.37,0.023,3.82,3.59,0.018,0.23,0.119,188.0,192.3,4.68,419.5,439.4,420.0,438.0
0,0.74,0,3.98,2.71,19.36,0.024,3.65,3.42,0.019,0.23,0.128,188.0,192.4,4.72,419.7,440.1,420.0,437.9
0,0.74,0,3.98,2.72,19.33,0.024,3.21,2.98,0.019,0.23,0.126,188.0,192.3,4.66,419.9,439.6,420.0,437.9
0,0.72,0,3.97,2.66,19.32,0.024,3.4,3.17,0.019,0.23,0.125,188.1,192.3,4.7,420.1,439.7,420.0,438.3
0,0.72,0,3.96,2.7,19.34,0.023,3.83,3.6,0.018,0.23,0.12,188.0,192.3,4.67,420.1,439.6,420.1,438.1
0,0.72,0,4.07,2.66,19.33,0.023,3.05,2.82,0.018,0.23,0.123,188.0,192.3,4.63,420.0,439.8,420.0,437.8
0,0.71,0,4.06,2.7,19.29,0.025,3.05,2.82,0.019,0.23,0.129,188.0,192.3,4.68,419.8,439.7,420.0,438.4
0,0.74,0,3.99,2.73,19.34,0.023,3.37,3.14,0.018,0.23,0.122,188.0,192.3,4.63,419.9,439.8,420.0,438.2
0,0.74,0,3.93,2.71,19.35,0.023,3.08,2.85,0.017,0.23,0.119,188.1,192.3,4.69,419.9,439.6,420.1,438.4
0,0.73,0,3.99,2.75,19.33,0.023,3.47,3.24,0.017,0.23,0.119,188.0,192.3,4.68,420.1,440.1,420.1,438.3
0,0.74,0,4.01,2.71,19.34,0.024,3.2,2.97,0.019,0.23,0.127,188.0,192.3,4.64,420.1,439.4,420.0,438.3
0,0.73,0,4.14,2.71,19.33,0.025,3.23,3.0,0.02,0.23,0.133,188.0,192.3,4.67,420.0,439.9,420.0,438.5
0,0.72,0,4.07,2.72,19.33,0.024,3.1,2.87,0.019,0.23,0.127,188.0,192.3,4.62,419.9,439.5,420.0,438.2
0,0.75,0,3.97,2.57,19.37,0.023,2.93,2.7,0.018,0.23,0.121,188.0,192.3,4.65,419.9,440.1,420.0,438.4
0,0.71,0,4.07,2.69,19.31,0.023,2.9,2.67,0.018,0.23,0.122,188.0,192.3,4.62,419.9,439.4,420.0,438.2
0,0.71,0,4.0,2.7,19.34,0.023,3.77,3.54,0.018,0.23,0.123,188.0,192.3,4.71,420.1,439.4,419.9,438.5
0,0.73,0,4.12,2.71,19.35,0.024,3.32,3.09,0.019,0.23,0.126,188.0,192.3,4.65,420.1,439.3,420.0,437.9
0,0.72,0,4.12,2.75,19.32,0.023,3.33,3.1,0.018,0.23,0.123,188.0,192.3,4.63,420.1,439.2,420.0,437.9
0,0.72,0,4.2,2.68,19.34,0.023,3.05,2.82,0.018,0.23,0.121,188.0,192.3,4.68,420.0,439.2,420.1,438.3
0,0.72,0,4.18,2.68,19.33,0.024,3.6,3.37,0.019,0.23,0.128,188.0,192.3,4.66,420.0,439.2,420.1,438.2
0,0.72,0,4.21,2.56,19.35,0.025,3.87,3.64,0.02,0.23,0.13,188.0,192.3,4.69,420.0,439.5,420.0,438.0
0,0.72,0,4.19,2.77,19.32,0.025,3.15,2.92,0.02,0.23,0.132,188.0,192.3,4.66,419.9,439.3,420.0,437.9
0,0.71,0,4.23,2.67,19.31,0.024,3.12,2.89,0.019,0.23,0.128,188.0,192.3,4.64,420.0,439.4,420.1,438.3
0,0.71,0,4.23,2.71,19.29,0.024,3.3,3.07,0.019,0.23,0.125,188.0,192.3,4.64,420.0,439.3,419.9,438.1
0,0.69,0,4.18,2.63,19.31,0.024,3.14,2.91,0.019,0.23,0.127,188.0,192.3,4.63,420.1,439.3,420.0,438.0
0,0.7,0,4.24,2.7,19.31,0.023,3.26,3.03,0.017,0.23,0.119,188.0,192.3,4.7,420.4,439.9,420.0,438.1
0,0.72,0,4.21,2.69,19.36,0.022,3.05,2.82,0.017,0.23,0.117,188.0,192.3,4.66,420.2,439.4,420.1,438.4
0,0.7,0,4.23,2.71,19.32,0.023,3.08,2.85,0.018,0.23,0.12,188.0,192.3,4.73,420.1,439.4,420.0,438.3
0,0.72,0,4.24,2.7,19.33,0.024,3.3,3.07,0.019,0.23,0.126,188.0,192.3,4.66,420.0,439.3,420.0,437.9
0,0.71,0,4.25,2.69,19.29,0.024,3.56,3.33,0.018,0.23,0.123,188.0,192.3,4.67,420.0,439.4,420.0,437.7
0,0.7,0,4.23,2.51,19.32,0.025,3.3,3.07,0.02,0.23,0.133,187.9,192.3,4.67,419.8,439.4,420.0,437.9
0,0.72,0,4.24,2.69,19.33,0.026,3.01,2.78,0.021,0.23,0.135,188.0,192.3,4.71,419.8,439.9,420.1,437.8
0,0.72,0,4.24,2.71,19.31,0.024,3.57,3.34,0.019,0.23,0.127,188.0,192.3,4.68,419.8,439.2,420.1,438.3
0,0.7,0,4.21,2.7,19.31,0.024,2.87,2.64,0.019,0.23,0.126,188.0,192.3,4.67,419.8,439.3,420.2,438.3
0,0.71,0,4.24,2.52,19.35,0.023,2.98,2.75,0.017,0.23,0.118,188.0,192.3,4.67,420.1,439.2,420.0,438.0
0,0.72,0,4.22,2.51,19.3,0.023,3.19,2.96,0.017,0.23,0.118,188.0,192.3,4.66,420.1,439.1,420.0,437.8
0,0.73,0,4.21,2.65,19.33,0.024,3.5,3.27,0.019,0.23,0.126,188.0,192.3,4.62,420.1,439.4,420.0,437.8
0,0.7,0,4.27,2.65,19.34,0.024,3.38,3.15,0.019,0.23,0.126,188.0,192.3,4.69,420.0,438.3,420.0,437.8
0,0.72,0,4.22,2.71,19.35,0.025,3.23,3.0,0.019,0.23,0.128,188.0,192.3,4.62,419.8,438.3,420.0,438.1
0,0.72,0,4.18,2.62,19.35,0.024,3.77,3.54,0.018,0.23,0.124,188.0,192.3,4.67,419.8,438.4,420.0,438.5
0,0.72,0,4.24,2.72,19.35,0.024,3.25,3.02,0.019,0.23,0.127,188.0,192.3,4.71,419.9,438.6,420.0,438.0
0,0.71,0,4.2,2.69,19.32,0.024,3.19,2.96,0.019,0.23,0.126,188.0,192.3,4.67,419.9,438.4,420.1,438.1
0,0.71,0,4.18,2.72,19.27,0.024,3.32,3.09,0.019,0.23,0.128,188.0,192.3,4.68,419.9,438.4,420.1,437.9
0,0.69,0,4.22,2.7,19.29,0.024,3.19,2.96,0.019,0.23,0.127,188.0,192.3,4.69,420.0,438.4,420.0,437.9
0,0.71,0,4.2,2.71,19.29,0.023,2.77,2.54,0.018,0.23,0.122,188.0,192.3,4.69,419.6,438.3,420.0,437.8
0,0.72,0,4.2,2.71,19.33,0.022,3.17,2.94,0.017,0.23,0.117,188.0,192.3,4.64,419.7,438.4,420.0,437.8
0,0.72,0,4.18,2.79,19.32,0.023,3.46,3.23,0.018,0.23,0.12,188.0,192.3,4.62,419.9,438.8,420.0,437.7
0,0.72,0,4.24,2.7,19.31,0.024,3.79,3.56,0.018,0.23,0.124,188.0,192.2,4.7,420.1,438.3,420.0,437.7
0,0.71,0,4.19,2.75,19.31,0.025,3.29,3.06,0.02,0.23,0.132,188.0,192.2,4.69,420.1,438.4,420.0,438.3
0,0.7,0,4.22,2.66,19.31,0.025,3.53,3.3,0.02,0.23,0.131,188.0,192.2,4.67,420.0,438.6,420.0,437.7
0,0.72,0,4.23,2.67,19.32,0.025,3.14,2.91,0.02,0.23,0.132,188.0,192.2,4.62,420.1,438.2,419.7,437.9
0,0.7,0,4.25,2.72,19.3,0.024,3.03,2.8,0.019,0.23,0.126,187.9,192.2,4.62,420.0,438.3,420.0,437.8
0,0.7,0,4.24,2.65,19.34,0.024,2.93,2.7,0.019,0.23,0.126,187.9,192.2,4.68,419.9,438.1,420.0,437.5
0,0.71,0,4.22,2.71,19.29,0.023,3.35,3.12,0.018,0.23,0.122,187.9,192.2,4.68,419.7,438.4,420.0,438.3
0,0.71,0,4.26,2.7,19.32,0.024,3.46,3.23,0.019,0.23,0.127,187.9,192.2,4.66,419.8,438.7,420.0,437.9
0,0.73,0,4.22,2.71,19.33,0.024,3.87,3.64,0.018,0.23,0.124,187.9,192.2,4.61,419.9,438.3,420.1,438.1
0,0.74,0,4.17,2.78,19.35,0.023,3.29,3.06,0.018,0.23,0.121,187.9,192.2,4.65,420.1,438.3,420.0,438.3
0,0.74,0,4.19,2.68,19.35,0.023,3.27,3.04,0.018,0.23,0.121,187.9,192.2,4.71,420.2,438.8,420.1,438.1
0,0.72,0,4.24,2.66,19.32,0.023,3.55,3.32,0.018,0.23,0.122,187.9,192.3,4.62,420.2,438.6,420.0,438.5
0,0.72,0,4.25,2.71,19.31,0.024,3.58,3.35,0.019,0.23,0.125,188.1,192.3,4.7,420.1,438.5,420.0,437.5
0,0.73,0,4.24,2.68,19.31,0.024,3.7,3.47,0.019,0.23,0.127,188.0,192.2,4.68,420.1,438.1,420.1,437.5
0,0.73,0,4.21,2.67,19.32,0.025,3.03,2.8,0.019,0.23,0.129,187.9,192.2,4.63,420.1,438.3,420.0,438.1
0,0.73,0,4.18,2.66,19.33,0.024,3.07,2.84,0.019,0.23,0.125,187.9,192.2,4.71,420.2,438.4,420.0,438.1
0,0.73,0,4.24,2.69,19.35,0.024,2.73,2.5,0.018,0.23,0.124,188.1,192.3,4.66,420.1,438.3,420.0,437.8
0,0.74,0,4.23,2.69,19.35,0.023,2.99,2.76,0.017,0.23,0.118,188.1,192.3,4.68,420.0,438.2,420.0,437.5
0,0.72,0,4.26,2.63,19.37,0.023,3.52,3.29,0.018,0.23,0.122,188.1,192.3,4.71,420.0,438.3,420.0,437.6
0,0.71,0,4.27,2.51,19.36,0.024,2.75,2.52,0.019,0.23,0.126,188.0,192.3,4.65,419.9,438.2,419.9,438.2
0,0.71,0,4.18,2.7,19.39,0.024,3.44,3.21,0.019,0.23,0.127,188.1,192.3,4.66,420.0,438.1,420.0,437.9
0,0.72,0,4.26,2.68,19.32,0.023,3.13,2.9,0.017,0.23,0.119,188.0,192.3,4.6,420.4,438.1,420.0,437.9
0,0.7,0,4.26,2.72,19.34,0.024,3.45,3.22,0.018,0.23,0.124,188.1,192.3,4.68,420.2,438.1,420.1,437.8
0,0.71,0,4.21,2.75,19.29,0.024,3.23,3.0,0.019,0.23,0.128,188.0,192.3,4.68,420.0,438.1,420.0,437.9
1,0.72,0,4.27,2.75,19.29,0.024,3.83,3.6,0.019,0.23,0.128,188.1,192.3,4.46,420.0,438.2,419.9,438.3
1,0.51,0,4.2,2.63,20.61,0.027,3.82,3.59,0.022,0.23,0.144,187.6,192.4,4.63,420.0,438.1,420.1,438.3
1,0.7,0,4.05,2.57,20.33,0.026,6.3,3.42,0.021,2.88,0.137,187.6,192.3,4.68,420.0,438.1,420.1,438.0
1,0.69,0,4.07,2.51,20.33,0.026,3.63,3.4,0.021,0.23,0.136,187.6,192.3,4.65,420.0,438.1,419.9,438.2
1,0.71,0,4.15,2.71,20.33,0.027,4.25,4.02,0.021,0.23,0.139,187.7,192.3,4.71,420.1,438.1,420.0,438.1
1,0.71,0,4.08,2.62,20.33,0.028,4.16,3.93,0.022,0.23,0.146,187.7,192.2,4.67,420.2,438.2,419.9,438.1
1,0.7,0,4.03,2.68,20.27,0.026,3.39,3.16,0.02,0.23,0.135,187.7,192.2,4.61,420.1,438.1,420.0,438.2
0,0.72,0,4.11,2.69,20.31,0.023,3.5,3.27,0.018,0.23,0.123,187.7,192.1,4.63,419.8,438.1,420.0,438.5
0,0.72,0,4.03,2.74,19.35,0.024,2.95,2.72,0.018,0.23,0.123,187.7,192.1,4.68,419.9,438.2,420.0,437.9
0,0.7,0,4.09,2.68,19.29,0.024,3.82,3.59,0.019,0.23,0.125,187.7,192.1,4.68,419.9,438.6,420.1,437.9
0,0.74,0,4.09,2.72,19.37,0.026,3.65,3.42,0.021,0.23,0.135,187.7,192.1,4.72,419.9,438.1,420.0,438.2
0,0.74,0,4.17,2.66,19.33,0.025,3.28,3.05,0.019,0.23,0.128,187.8,192.2,4.66,419.9,438.1,420.1,438.2
0,0.75,0,4.07,2.72,19.35,0.024,3.33,3.1,0.018,0.23,0.124,187.8,192.2,4.71,419.9,438.1,420.0,438.3
0,0.75,0,4.02,2.73,19.31,0.023,3.61,3.38,0.018,0.23,0.122,187.8,192.1,4.65,420.0,438.3,420.0,438.0
0,0.74,0,3.95,2.79,19.37,0.023,2.96,2.73,0.018,0.23,0.121,187.8,192.1,4.64,420.2,438.2,420.1,438.2
0,0.74,0,3.98,2.69,19.31,0.024,3.79,3.56,0.019,0.23,0.125,187.8,192.1,4.67,420.2,438.6,420.0,438.2
0,0.74,0,3.97,2.71,19.37,0.023,3.19,2.96,0.018,0.23,0.122,187.8,192.2,4.65,420.1,438.0,420.0,438.2
0,0.73,0,4.02,2.71,19.33,0.025,3.25,3.02,0.02,0.23,0.132,187.8,192.1,4.7,420.0,437.9,419.9,438.1
0,0.74,0,4.11,2.69,19.37,0.025,3.05,2.82,0.02,0.23,0.132,187.9,192.1,4.64,419.9,438.1,420.0,438.2
0,0.71,0,4.18,2.66,19.33,0.024,3.05,2.82,0.019,0.23,0.126,187.8,192.1,4.7,419.8,438.1,419.9,438.7
0,0.74,0,4.23,2.66,19.32,0.023,2.94,2.71,0.018,0.23,0.121,187.8,192.2,4.66,419.8,438.2,420.1,438.6
0,0.73,0,4.23,2.66,19.33,0.023,3.35,3.12,0.018,0.23,0.122,187.9,192.2,4.63,420.0,438.1,420.0,438.2
0,0.72,0,4.22,2.65,19.33,0.025,3.34,3.11,0.019,0.23,0.129,187.8,192.2,4.69,420.0,438.1,420.0,438.3
0,0.71,0,4.24,2.64,19.32,0.023,2.84,2.61,0.018,0.23,0.121,187.9,192.2,4.62,420.2,438.1,420.1,438.2
0,0.72,0,4.26,2.71,19.32,0.022,3.02,2.79,0.017,0.23,0.117,187.9,192.2,4.7,420.3,438.0,420.0,437.8
0,0.72,0,4.21,2.65,19.33,0.022,2.88,2.65,0.017,0.23,0.116,187.9,192.2,4.68,420.2,438.1,420.2,438.1
0,0.72,0,4.18,2.69,19.33,0.022,3.01,2.78,0.017,0.23,0.118,187.9,192.2,4.63,420.1,438.4,419.9,438.6
0,0.71,0,4.24,2.63,19.33,0.024,3.03,2.8,0.019,0.23,0.127,187.9,192.2,4.66,420.0,438.2,420.1,438.4
0,0.71,0,4.22,2.64,19.32,0.025,3.17,2.94,0.02,0.23,0.132,187.9,192.3,4.63,420.0,438.1,419.9,437.9
0,0.72,0,4.28,2.68,19.34,0.022,3.64,3.41,0.017,0.23,0.117,188.0,192.3,4.7,420.1,438.1,420.1,437.5
0,0.72,0,4.26,2.61,19.33,0.022,2.96,2.73,0.017,0.23,0.117,187.9,192.3,4.65,420.0,438.0,420.1,437.5
0,0.72,0,4.23,2.6,19.32,0.022,3.05,2.82,0.017,0.23,0.117,188.0,192.3,4.7,420.0,438.4,420.1,437.2
0,0.7,0,4.28,2.46,19.32,0.023,3.31,3.08,0.018,0.23,0.12,187.9,192.3,4.7,419.8,438.7,419.9,436.9
0,0.74,0,4.21,2.81,19.35,0.023,3.31,3.08,0.018,0.23,0.121,188.0,192.3,4.63,419.8,439.6,420.0,437.3
0,0.75,0,4.21,2.72,19.35,0.024,3.54,3.31,0.019,0.23,0.126,188.0,192.3,4.68,419.9,439.2,420.0,437.6
0,0.77,0,4.28,2.68,19.39,0.024,2.94,2.71,0.019,0.23,0.127,188.0,192.3,4.66,420.0,439.3,420.1,437.4
0,0.75,0,4.28,2.61,19.37,0.024,3.37,3.14,0.019,0.23,0.126,187.9,192.3,4.68,420.0,439.1,420.1,437.3
0,0.8,0,4.22,2.68,19.43,0.025,2.86,2.63,0.02,0.23,0.13,188.0,192.3,4.66,420.1,438.8,419.9,437.0
0,0.79,0,4.23,2.55,19.43,0.024,3.42,3.18,0.018,0.23,0.124,188.0,192.3,4.72,420.1,439.0,420.1,437.4
0,0.78,0,4.17,2.67,19.37,0.023,2.96,2.73,0.018,0.23,0.122,188.0,192.3,4.62,420.0,438.9,420.0,437.4
0,0.77,0,4.21,2.71,19.37,0.024,3.02,2.79,0.018,0.23,0.123,188.0,192.4,4.64,419.9,439.1,419.9,437.0
0,0.75,0,4.24,2.7,19.34,0.023,2.67,2.44,0.017,0.23,0.119,188.0,192.3,4.61,419.8,438.9,419.9,437.0
0,0.77,0,4.19,2.65,19.35,0.023,2.82,2.59,0.018,0.23,0.119,187.9,192.3,4.62,419.9,438.9,419.8,437.4
0,0.74,0,4.23,2.71,19.32,0.023,3.52,3.29,0.018,0.23,0.123,188.0,192.3,4.63,419.9,439.5,419.9,437.3
0,0.75,0,4.24,2.71,19.37,0.024,3.25,3.02,0.019,0.23,0.126,188.0,192.3,4.64,420.3,439.0,420.0,437.4
0,0.73,0,4.23,2.66,19.37,0.024,3.17,2.94,0.019,0.23,0.127,187.9,192.3,4.72,420.1,439.0,420.0,437.1
0,0.73,0,4.25,2.64,19.32,0.024,3.35,3.12,0.018,0.23,0.124,188.0,192.3,4.7,420.0,438.7,419.9,437.1
0,0.72,0,4.19,2.69,19.35,0.024,2.74,2.51,0.019,0.23,0.126,187.9,192.3,4.65,420.0,438.9,420.0,437.4
0,0.73,0,4.17,2.74,19.34,0.023,2.62,2.39,0.018,0.23,0.121,187.9,192.3,4.7,420.0,438.8,420.0,437.4
0,0.72,0,4.05,2.7,19.31,0.022,3.35,3.12,0.017,0.23,0.116,188.0,192.3,4.68,420.1,438.7,420.0,437.4
0,0.71,0,4.09,2.71,19.29,0.023,3.01,2.78,0.018,0.23,0.122,188.1,192.4,4.68,420.1,438.8,420.0,437.3
0,0.72,0,4.05,2.72,19.34,0.023,3.11,2.88,0.018,0.23,0.12,188.1,192.4,4.63,420.1,438.7,419.9,437.2
0,0.72,0,4.19,2.73,19.31,0.023,2.69,2.46,0.018,0.23,0.121,188.1,192.4,4.62,420.0,437.9,420.1,436.9
0,0.72,0,4.21,2.4,19.32,0.023,3.17,2.94,0.018,0.23,0.12,188.1,192.4,4.7,419.9,438.4,420.1,437.3
0,0.71,0,4.21,2.65,19.35,0.025,3.64,3.41,0.019,0.23,0.13,188.1,192.4,4.66,419.7,438.1,419.9,437.5
0,0.71,0,4.16,2.77,19.34,0.025,3.1,2.88,0.02,0.23,0.131,188.1,192.4,4.7,419.7,438.1,420.0,437.0
0,0.71,0,4.13,2.74,19.32,0.025,2.56,2.33,0.019,0.23,0.129,188.1,192.3,4.69,419.7,438.1,420.0,437.1
0,0.71,0,4.08,2.87,19.32,0.023,3.17,2.94,0.018,0.23,0.121,188.1,192.3,4.66,420.0,438.0,420.0,437.0
0,0.7,0,4.1,2.66,19.31,0.024,3.14,2.91,0.019,0.23,0.128,188.1,192.3,4.64,420.0,438.1,420.0,437.0
0,0.7,0,4.15,2.69,19.31,0.025,3.45,3.22,0.019,0.23,0.128,188.1,192.3,4.63,420.2,438.1,420.0,437.3
0,0.72,0,4.13,2.45,19.35,0.023,2.8,2.57,0.018,0.23,0.12,188.1,192.3,4.67,420.2,438.3,420.1,437.4
0,0.72,0,4.09,2.75,19.33,0.022,3.14,2.91,0.017,0.23,0.114,188.1,192.4,4.63,420.1,438.8,420.0,437.2
0,0.73,0,4.03,2.75,19.34,0.024,2.92,2.69,0.019,0.23,0.125,188.1,192.3,4.68,420.3,438.7,420.3,437.2
1,0.51,0,4.16,2.54,20.62,0.025,5.91,3.04,0.02,2.87,0.131,187.3,192.3,4.65,419.8,420.0,420.1,420.5
1,0.76,0,4.19,2.58,20.39,0.025,6.07,2.93,0.02,3.14,0.133,187.4,192.3,4.68,419.9,420.0,420.1,420.0
1,0.75,0,4.1,2.58,20.37,0.027,6.74,3.6,0.022,3.14,0.141,187.5,192.3,4.7,420.0,419.9,420.0,420.0
1,0.74,0,4.12,2.6,20.36,0.028,4.25,4.02,0.022,0.23,0.144,187.6,192.2,4.7,420.0,420.1,420.0,419.6
1,0.74,0,4.14,2.65,20.32,0.027,6.47,3.34,0.021,3.14,0.14,187.6,192.2,4.66,420.0,419.7,420.0,419.9
1,0.73,0,4.17,2.66,20.33,0.025,3.55,3.32,0.02,0.23,0.132,187.6,192.2,4.65,420.0,420.1,420.0,420.0
1,0.73,0,4.19,2.52,20.36,0.025,3.37,3.14,0.019,0.23,0.128,187.6,192.1,4.69,419.9,420.0,420.1,420.2
1,0.73,0,4.2,2.67,20.34,0.024,6.0,2.86,0.019,3.14,0.126,187.6,192.1,4.66,419.7,419.9,420.0,419.9
1,0.73,0,4.19,2.66,20.31,0.024,3.79,3.56,0.018,0.23,0.124,187.7,192.1,4.62,419.8,420.2,420.1,420.0
0,0.73,0,4.15,2.67,20.33,0.024,2.96,2.73,0.019,0.23,0.126,187.7,192.1,4.68,419.9,420.5,420.1,420.3
0,0.74,0,4.2,2.6,19.36,0.023,2.96,2.73,0.018,0.23,0.122,187.7,192.1,4.63,420.0,420.2,420.1,420.0
0,0.74,0,4.09,2.6,19.37,0.023,3.15,2.92,0.018,0.23,0.123,187.7,192.1,4.66,420.1,419.7,420.0,420.0
0,0.72,0,4.22,2.6,19.33,0.023,3.33,3.1,0.018,0.23,0.121,187.7,192.1,4.7,420.1,420.2,420.1,419.7
0,0.74,0,4.17,2.67,19.33,0.023,2.96,2.73,0.017,0.23,0.119,187.7,192.1,4.65,420.2,419.9,420.1,420.1
0,0.75,0,4.18,2.65,19.35,0.023,3.02,2.79,0.018,0.23,0.122,187.7,192.1,4.71,420.1,420.0,420.1,420.6
0,0.74,0,4.19,2.72,19.31,0.024,3.51,3.28,0.019,0.23,0.127,187.7,192.1,4.66,420.1,420.3,419.9,420.3
0,0.74,0,4.17,2.63,19.41,0.024,2.77,2.54,0.019,0.23,0.124,187.8,192.1,4.67,420.0,420.1,420.2,420.0
1,0.73,0,4.18,2.77,20.35,0.027,4.33,4.1,0.022,0.23,0.142,187.7,192.2,4.63,420.1,420.1,420.0,419.2
1,0.71,0,4.12,2.61,20.33,0.026,6.25,3.38,0.021,2.87,0.138,187.7,192.1,4.68,420.1,420.0,420.1,419.7
1,0.73,0,4.2,2.75,20.31,0.023,3.6,3.37,0.018,0.23,0.121,187.7,192.0,4.63,420.1,419.9,420.0,419.3
1,0.73,0,4.22,2.72,20.34,0.023,6.42,3.55,0.018,2.87,0.122,187.7,192.0,4.69,420.1,419.6,419.9,419.4
0,0.75,0,4.24,2.66,20.41,0.025,3.71,3.48,0.02,0.23,0.132,187.7,192.0,4.72,420.0,420.0,420.0,419.6
0,0.74,0,4.15,2.69,19.39,0.024,3.27,3.04,0.018,0.23,0.123,187.7,192.0,4.71,420.1,420.3,419.8,419.4
0,0.72,0,4.14,2.68,19.3,0.024,3.02,2.79,0.019,0.23,0.126,187.7,191.9,4.68,420.3,420.0,420.1,419.1
0,0.76,0,4.19,2.73,19.37,0.024,2.7,2.47,0.018,0.23,0.124,187.7,192.0,4.72,420.4,420.0,419.9,419.5
0,0.75,0,4.22,2.66,19.32,0.023,3.27,3.04,0.018,0.23,0.122,187.7,192.0,4.69,420.1,420.2,420.1,419.7
1,0.51,0,4.22,2.66,20.59,0.026,6.3,3.43,0.021,2.87,0.137,187.6,191.9,4.64,423.1,425.1,425.1,425.1
1,0.72,0,4.18,2.62,20.33,0.025,3.25,3.02,0.02,0.23,0.131,187.6,191.9,4.63,425.3,425.0,425.2,425.1
1,0.73,0,4.17,2.59,20.39,0.025,5.18,3.6,0.02,1.57,0.132,187.6,191.9,4.65,426.2,425.1,425.3,425.1
1,0.7,0,4.14,2.66,20.33,0.024,3.94,3.71,0.019,0.23,0.125,187.6,191.9,4.71,425.4,424.8,425.1,425.0
1,0.7,0,4.21,2.65,20.33,0.024,6.49,3.62,0.019,2.88,0.125,187.7,191.9,4.67,425.1,424.9,425.1,424.7
1,0.72,0,4.22,2.65,20.34,0.025,6.18,3.84,0.02,2.34,0.132,187.7,191.9,4.66,425.1,424.9,425.0,425.0
1,0.72,0,4.14,2.63,20.32,0.025,6.51,3.64,0.019,2.87,0.13,187.7,192.0,4.66,425.3,425.0,425.2,425.1
0,0.69,0,4.16,2.72,20.31,0.024,2.58,2.35,0.019,0.23,0.127,187.7,192.0,4.67,425.3,425.2,425.0,425.1
0,0.71,0,4.11,2.72,19.32,0.023,3.77,3.54,0.018,0.23,0.121,187.7,192.0,4.65,425.3,425.1,425.0,425.0
1,0.51,0,3.66,2.6,21.39,0.027,4.3,3.66,0.021,0.64,0.141,184.9,192.5,4.67,425.0,425.1,425.1,424.9
1,0.7,0,4.01,2.6,20.39,0.026,3.9,3.67,0.021,0.23,0.138,185.8,192.1,4.74,424.9,425.0,425.1,425.0
1,0.68,0,4.05,2.62,20.28,0.025,4.14,3.39,0.02,0.76,0.133,186.2,191.9,4.61,425.1,425.1,424.9,425.0
1,0.7,0,4.02,2.65,20.31,0.025,3.65,3.14,0.02,0.51,0.131,186.3,191.9,4.63,425.1,425.3,425.0,424.9
1,0.71,0,3.93,2.72,20.4,0.024,3.94,3.31,0.019,0.63,0.127,186.4,191.9,4.67,425.0,425.0,424.9,425.0
0,0.71,0,3.99,2.64,20.26,0.023,3.27,3.04,0.017,0.23,0.119,186.7,191.8,4.67,424.7,425.2,425.1,425.4
0,0.7,0,3.9,2.71,19.36,0.023,3.57,3.34,0.017,0.23,0.119,186.8,191.8,4.66,424.9,425.2,425.0,424.9
0,0.73,0,4.03,2.8,19.36,0.023,3.78,3.55,0.018,0.23,0.122,186.8,191.8,4.67,425.0,425.0,425.0,425.2
0,0.72,0,4.09,2.76,19.33,0.025,3.6,3.37,0.019,0.23,0.129,187.0,191.9,4.71,425.1,425.0,425.0,425.0
0,0.73,0,4.13,2.68,19.34,0.024,3.07,2.84,0.019,0.23,0.126,187.1,191.9,4.68,425.1,424.9,425.0,425.1
0,0.74,0,4.16,2.68,19.31,0.024,3.33,3.1,0.019,0.23,0.125,187.2,191.9,4.64,425.0,424.9,424.8,424.9
0,0.73,0,4.19,2.71,19.3,0.023,2.87,2.64,0.018,0.23,0.121,187.2,191.9,4.63,424.9,424.9,425.0,424.9
0,0.72,0,4.18,2.66,19.31,0.021,3.21,2.98,0.016,0.23,0.111,187.3,191.9,4.6,424.9,425.3,425.0,425.0
0,0.72,0,4.2,2.63,19.35,0.022,2.89,2.66,0.017,0.23,0.116,187.3,191.9,4.66,424.9,424.6,425.0,425.1
0,0.75,0,4.2,2.71,19.36,0.023,2.99,2.76,0.017,0.23,0.119,187.4,192.0,4.69,424.9,425.1,424.9,425.0
0,0.74,0,4.16,2.67,19.35,0.024,3.4,3.17,0.018,0.23,0.124,187.4,192.0,4.64,424.9,424.7,425.0,425.1
0,0.74,0,4.24,2.69,19.38,0.026,3.35,3.12,0.02,0.23,0.134,187.4,192.0,4.68,425.0,425.0,425.1,424.9
0,0.74,0,4.22,2.72,19.35,0.024,2.81,2.58,0.019,0.23,0.127,187.4,192.0,4.67,425.1,425.0,425.0,425.0
0,0.73,0,4.24,2.7,19.34,0.023,3.38,3.15,0.017,0.23,0.118,187.5,192.0,4.62,425.1,425.1,425.0,424.9
0,0.72,0,4.21,2.69,19.36,0.024,2.79,2.56,0.019,0.23,0.126,187.5,192.1,4.67,425.0,425.4,425.0,424.9
0,0.71,0,4.19,2.75,19.31,0.023,2.3,2.07,0.018,0.23,0.121,187.6,192.0,4.64,424.9,425.0,425.0,425.2
0,0.75,0,4.19,2.81,19.38,0.022,2.98,2.75,0.017,0.23,0.115,187.5,192.1,4.7,424.7,425.0,425.0,424.8
0,0.75,0,4.25,2.64,19.33,0.025,3.2,2.97,0.019,0.23,0.129,187.6,192.1,4.68,424.9,425.0,425.0,425.0
0,0.73,0,4.17,2.63,19.32,0.024,3.44,3.21,0.019,0.23,0.125,187.6,192.1,4.61,425.1,425.0,424.9,424.9
0,0.74,0,4.25,2.7,19.33,0.024,3.41,3.18,0.018,0.23,0.124,187.6,192.1,4.7,425.1,425.2,425.0,425.5
0,0.72,0,4.17,2.74,19.3,0.023,3.05,2.82,0.018,0.23,0.122,187.7,192.1,4.67,425.2,424.7,425.0,424.9
0,0.72,0,4.22,2.72,19.31,0.023,3.19,2.96,0.018,0.23,0.121,187.6,192.1,4.67,425.1,425.3,424.9,425.0
0,0.74,0,4.21,2.73,19.36,0.024,3.18,2.95,0.018,0.23,0.124,187.7,192.2,4.72,425.0,424.8,425.0,425.0
0,0.72,0,4.21,2.69,19.31,0.023,3.08,2.85,0.018,0.23,0.121,187.7,192.2,4.66,424.9,425.2,425.0,424.9
0,0.73,0,4.18,2.76,19.35,0.024,2.88,2.65,0.018,0.23,0.123,187.7,192.1,4.63,424.7,424.8,425.0,425.2
0,0.73,0,4.24,2.66,19.34,0.024,3.23,3.0,0.018,0.23,0.124,187.7,192.2,4.68,424.7,425.1,424.9,425.0
0,0.73,0,4.22,2.46,19.34,0.023,3.4,3.17,0.018,0.23,0.122,187.8,192.2,4.61,424.7,424.8,424.9,425.1
0,0.72,0,4.21,2.66,19.35,0.024,2.9,2.67,0.019,0.23,0.126,187.8,192.2,4.72,425.1,425.0,424.9,425.1
0,0.73,0,4.17,2.66,19.34,0.023,3.62,3.39,0.018,0.23,0.121,187.8,192.2,4.65,425.1,425.1,425.1,425.3
0,0.76,0,4.24,2.7,19.38,0.024,2.58,2.34,0.019,0.23,0.126,187.8,192.2,4.68,425.2,425.2,425.1,425.4
0,0.72,0,4.24,2.74,19.35,0.023,3.0,2.77,0.018,0.23,0.123,187.8,192.2,4.69,425.2,425.2,425.0,425.2
0,0.72,0,4.21,2.74,19.3,0.024,2.66,2.43,0.019,0.23,0.125,187.8,192.2,4.67,425.1,424.9,425.1,425.2
0,0.71,0,4.24,2.65,19.31,0.023,2.76,2.53,0.018,0.23,0.12,187.8,192.2,4.66,425.0,425.0,425.0,425.2
0,0.72,0,4.17,2.68,19.34,0.023,2.73,2.5,0.018,0.23,0.12,187.8,192.2,4.64,425.0,425.6,425.1,425.0
0,0.74,0,4.17,2.7,19.34,0.022,3.06,2.83,0.017,0.23,0.116,187.8,192.2,4.68,424.9,425.1,425.0,425.1
0,0.73,0,4.24,2.68,19.36,0.023,3.22,2.99,0.018,0.23,0.122,187.8,192.3,4.63,424.9,425.1,424.9,425.3
0,0.73,0,4.2,2.56,19.33,0.024,3.98,3.75,0.018,0.23,0.124,187.8,192.3,4.68,425.0,425.1,425.0,424.8
0,0.72,0,4.18,2.69,19.33,0.025,3.6,3.37,0.02,0.23,0.133,187.8,192.3,4.66,425.1,424.9,425.0,425.2
0,0.74,0,4.22,2.73,19.36,0.024,3.39,3.16,0.019,0.23,0.128,187.7,192.2,4.71,425.0,425.1,425.0,425.3
0,0.74,0,4.17,2.63,19.33,0.024,2.8,2.57,0.018,0.23,0.123,187.7,192.2,4.68,424.9,425.1,425.0,425.0
0,0.71,0,4.09,2.75,19.3,0.022,2.73,2.5,0.017,0.23,0.115,187.9,192.3,4.65,424.9,425.3,425.0,425.1
0,0.72,0,4.15,2.74,19.34,0.021,2.52,2.29,0.016,0.23,0.111,187.8,192.2,4.7,425.0,425.3,425.1,424.9
0,0.75,0,4.08,2.73,19.34,0.022,3.09,2.86,0.016,0.23,0.114,187.8,192.2,4.68,425.1,425.0,425.0,425.0
0,0.74,0,4.08,2.48,19.33,0.024,3.08,2.85,0.019,0.23,0.127,187.8,192.2,4.67,425.2,425.3,425.0,425.0
0,0.73,0,4.02,2.68,19.32,0.024,2.98,2.75,0.019,0.23,0.126,187.8,192.3,4.68,425.0,425.1,425.1,424.8
0,0.74,0,3.98,2.73,19.37,0.023,2.98,2.75,0.018,0.23,0.122,187.8,192.2,4.72,424.9,424.9,425.0,425.1
0,0.75,0,3.89,2.72,19.34,0.022,2.7,2.47,0.017,0.23,0.115,187.9,192.3,4.62,425.0,424.9,425.0,424.7
0,0.74,0,4.16,2.64,19.35,0.022,3.21,2.98,0.017,0.23,0.117,187.8,192.2,4.68,425.1,425.1,425.1,424.9
0,0.74,0,4.14,2.62,19.37,0.024,2.81,2.58,0.018,0.23,0.123,187.8,192.2,4.71,425.2,425.2,425.0,425.3
0,0.74,0,4.13,2.72,19.37,0.023,3.15,2.92,0.018,0.23,0.121,187.8,192.2,4.63,425.2,424.7,425.0,424.9
0,0.74,0,4.18,2.68,19.36,0.023,2.74,2.51,0.018,0.23,0.123,187.9,192.2,4.68,425.1,424.8,425.0,425.5
0,0.74,0,4.21,2.51,19.35,0.023,3.24,3.01,0.017,0.23,0.118,187.9,192.3,4.71,425.0,425.7,424.9,425.5
0,0.75,0,4.16,2.53,19.35,0.023,3.57,3.34,0.018,0.23,0.123,187.9,192.2,4.65,424.9,424.7,425.0,424.8
0,0.74,0,4.18,2.71,19.3,0.024,3.24,3.01,0.019,0.23,0.125,187.9,192.2,4.63,424.6,425.2,425.0,425.2
0,0.74,0,4.14,2.69,19.34,0.024,3.07,2.84,0.019,0.23,0.126,187.9,192.2,4.69,424.5,425.5,424.9,425.3
0,0.75,0,4.23,2.73,19.39,0.023,2.91,2.68,0.018,0.23,0.123,187.9,192.3,4.7,424.6,425.7,425.0,425.1
0,0.71,0,4.24,2.56,19.34,0.023,3.21,2.98,0.018,0.23,0.123,187.9,192.3,4.66,424.8,425.0,425.0,425.1
0,0.74,0,4.21,2.74,19.36,0.024,2.83,2.6,0.019,0.23,0.128,187.9,192.3,4.68,425.0,425.2,425.0,425.0
0,0.74,0,4.19,2.68,19.31,0.024,2.73,2.5,0.018,0.23,0.124,187.9,192.2,4.63,425.1,425.0,425.0,425.2
0,0.73,0,4.2,2.76,19.31,0.022,2.84,2.61,0.016,0.23,0.113,187.9,192.2,4.62,425.1,425.0,425.0,425.4
0,0.7,0,4.24,2.73,19.3,0.023,2.52,2.29,0.017,0.23,0.119,187.9,192.3,4.62,425.2,425.0,425.0,425.1
0,0.72,0,4.22,2.67,19.34,0.023,2.92,2.69,0.018,0.23,0.12,187.9,192.2,4.68,425.0,425.2,425.0,425.3
0,0.71,0,4.16,2.72,19.28,0.023,2.91,2.68,0.018,0.23,0.123,187.9,192.3,4.71,425.0,425.0,425.0,425.1
0,0.72,0,4.24,2.65,19.33,0.023,3.52,3.29,0.018,0.23,0.121,187.9,192.3,4.68,425.0,425.2,425.0,425.0
0,0.71,0,4.21,2.77,19.32,0.024,3.64,3.41,0.019,0.23,0.127,187.9,192.2,4.64,424.9,425.2,425.0,425.5
0,0.73,0,4.2,2.69,19.36,0.024,2.89,2.66,0.019,0.23,0.128,187.9,192.3,4.67,424.9,424.9,425.0,425.2
0,0.73,0,4.18,2.72,19.37,0.023,2.62,2.39,0.018,0.23,0.121,187.9,192.2,4.7,425.0,425.1,425.0,425.0
0,0.72,0,4.22,2.76,19.31,0.022,2.77,2.54,0.017,0.23,0.117,187.9,192.3,4.67,425.1,425.3,425.0,425.0
0,0.71,0,4.24,2.73,19.28,0.023,2.92,2.69,0.017,0.23,0.118,187.9,192.3,4.67,425.2,425.1,425.0,424.8
0,0.74,0,4.19,2.67,19.32,0.023,2.99,2.76,0.018,0.23,0.12,187.9,192.3,4.63,425.2,425.0,425.0,425.0
0,0.74,0,4.19,2.72,19.31,0.024,2.96,2.73,0.019,0.23,0.126,187.9,192.3,4.61,425.1,425.1,424.7,425.1
0,0.73,0,4.2,2.61,19.32,0.023,2.9,2.67,0.018,0.23,0.121,187.9,192.2,4.68,425.0,425.2,424.8,425.4
0,0.74,0,4.2,2.6,19.35,0.024,3.5,3.27,0.018,0.23,0.124,187.9,192.2,4.65,425.0,425.1,425.0,425.5
0,0.72,0,4.26,2.63,19.34,0.025,3.03,2.8,0.02,0.23,0.129,187.9,192.2,4.68,424.9,425.0,425.1,425.2
0,0.72,0,4.24,2.73,19.35,0.024,3.0,2.77,0.019,0.23,0.127,187.9,192.2,4.65,424.7,425.5,425.0,424.7
0,0.73,0,4.19,2.66,19.33,0.023,2.96,2.73,0.018,0.23,0.122,187.9,192.2,4.68,424.9,425.0,424.9,425.0
0,0.72,0,4.21,2.72,19.28,0.023,2.93,2.7,0.018,0.23,0.123,187.9,192.2,4.6,425.1,425.0,425.1,425.1
0,0.74,0,4.22,2.71,19.34,0.023,2.91,2.68,0.018,0.23,0.122,187.9,192.3,4.65,425.1,425.2,425.0,424.9
0,0.72,0,4.17,2.65,19.34,0.023,3.14,2.91,0.018,0.23,0.122,187.9,192.2,4.64,425.3,424.9,425.0,425.1
0,0.72,0,4.18,2.68,19.33,0.024,3.06,2.83,0.018,0.23,0.124,187.9,192.3,4.66,425.2,424.9,425.0,425.3
0,0.74,0,4.24,2.67,19.36,0.023,3.22,2.99,0.018,0.23,0.121,187.9,192.3,4.71,425.1,425.0,424.9,425.2
0,0.75,0,4.25,2.6,19.37,0.023,2.8,2.57,0.018,0.23,0.122,187.9,192.3,4.64,425.0,425.2,425.1,425.2
0,0.76,0,4.17,2.66,19.39,0.023,3.15,2.92,0.018,0.23,0.12,187.9,192.3,4.63,425.0,424.7,425.0,425.1
0,0.76,0,4.22,2.64,19.38,0.023,3.68,3.45,0.018,0.23,0.122,187.9,192.3,4.62,424.7,425.2,425.0,424.8
0,0.73,0,4.2,2.66,19.34,0.024,3.34,3.11,0.019,0.23,0.127,187.9,192.3,4.69,424.7,425.3,425.0,425.0
0,0.74,0,4.21,2.72,19.35,0.025,3.2,2.97,0.019,0.23,0.129,187.9,192.3,4.64,424.8,425.0,425.0,425.0
0,0.74,0,4.23,2.69,19.38,0.022,2.58,2.35,0.017,0.23,0.117,187.9,192.3,4.71,425.1,424.9,425.0,425.0
0,0.73,0,4.21,2.72,19.37,0.024,2.85,2.62,0.018,0.23,0.123,187.9,192.3,4.64,425.0,425.1,424.9,424.8
0,0.74,0,4.25,2.71,19.34,0.023,2.88,2.65,0.017,0.23,0.119,187.9,192.3,4.68,425.0,425.1,425.0,424.6
0,0.75,0,4.11,2.72,19.35,0.023,3.13,2.9,0.018,0.23,0.122,187.9,192.3,4.63,424.9,424.7,425.0,424.9
0,0.74,0,4.07,2.76,19.37,0.024,2.87,2.64,0.019,0.23,0.125,187.9,192.3,4.66,425.0,425.0,425.0,425.3
0,0.74,0,4.1,2.51,19.37,0.024,3.92,3.69,0.019,0.23,0.127,187.9,192.3,4.69,425.3,425.2,425.0,425.0
0,0.72,0,4.14,2.71,19.33,0.025,2.91,2.68,0.019,0.23,0.129,187.9,192.2,4.66,425.1,424.9,425.0,424.9
0,0.73,0,4.1,2.69,19.35,0.023,2.7,2.47,0.018,0.23,0.12,187.9,192.3,4.72,425.0,424.8,424.9,425.1
0,0.75,0,4.01,2.7,19.35,0.022,2.73,2.5,0.017,0.23,0.117,187.9,192.3,4.65,425.0,425.0,425.0,424.8
0,0.75,0,4.05,2.74,19.34,0.023,2.78,2.55,0.017,0.23,0.118,187.9,192.3,4.69,424.8,425.0,425.0,425.2
0,0.74,0,4.09,2.65,19.36,0.023,3.61,3.38,0.018,0.23,0.12,187.9,192.2,4.63,424.9,424.9,425.0,425.0
0,0.74,0,4.03,2.72,19.37,0.024,3.46,3.24,0.019,0.23,0.127,187.9,192.2,4.65,425.0,424.9,425.0,425.1
0,0.74,0,4.11,2.69,19.37,0.024,3.27,3.04,0.019,0.23,0.128,187.9,192.2,4.69,425.0,425.0,425.0,425.1
0,0.75,0,4.17,2.67,19.32,0.024,3.05,2.82,0.019,0.23,0.127,187.9,192.2,4.64,424.9,425.0,425.1,424.7
0,0.73,0,4.0,2.76,19.32,0.022,2.28,2.05,0.017,0.23,0.116,187.9,192.2,4.7,424.8,425.3,425.0,425.4
0,0.75,0,3.99,2.7,19.35,0.021,2.56,2.33,0.016,0.23,0.112,187.9,192.3,4.65,424.9,425.1,425.0,425.2
0,0.72,0,3.98,2.63,19.33,0.022,3.65,3.42,0.017,0.23,0.118,187.9,192.3,4.71,425.1,425.1,424.9,425.2
0,0.73,0,4.08,2.72,19.31,0.023,3.47,3.24,0.018,0.23,0.123,187.9,192.3,4.68,425.0,425.2,425.0,425.1
0,0.75,0,4.09,2.68,19.36,0.024,3.44,3.21,0.019,0.23,0.126,187.9,192.3,4.65,425.1,424.8,425.1,425.1
0,0.74,0,4.14,2.67,19.37,0.026,3.57,3.34,0.02,0.23,0.134,188.0,192.3,4.69,424.9,425.2,424.8,425.0
0,0.72,0,3.99,2.71,19.35,0.025,2.92,2.69,0.02,0.23,0.13,187.9,192.3,4.63,424.9,425.1,424.6,425.1
0,0.75,0,3.95,2.77,19.36,0.023,2.85,2.62,0.018,0.23,0.123,187.9,192.3,4.67,425.0,425.0,424.9,425.1
0,0.75,0,4.03,2.69,19.34,0.023,2.55,2.32,0.017,0.23,0.119,187.9,192.3,4.6,425.2,425.1,425.1,425.0
0,0.73,0,3.97,2.75,19.37,0.022,2.44,2.21,0.017,0.23,0.117,187.9,192.3,4.65,425.1,425.1,425.0,425.0
0,0.73,0,3.94,2.71,19.35,0.023,2.58,2.35,0.017,0.23,0.118,187.9,192.3,4.72,425.1,424.9,425.1,425.2
0,0.73,0,4.03,2.58,19.37,0.023,2.8,2.57,0.017,0.23,0.118,188.0,192.3,4.63,425.0,425.0,425.1,425.0
0,0.74,0,4.05,2.69,19.34,0.024,3.21,2.98,0.018,0.23,0.123,187.9,192.3,4.69,425.0,425.2,425.0,425.3
0,0.71,0,4.12,2.69,19.32,0.023,3.38,3.15,0.018,0.23,0.123,187.9,192.3,4.66,424.8,425.4,425.1,424.9
0,0.73,0,4.07,2.74,19.34,0.024,3.15,2.92,0.018,0.23,0.124,188.0,192.3,4.72,424.7,425.2,425.0,425.2
0,0.74,0,4.01,2.6,19.35,0.024,3.51,3.28,0.019,0.23,0.126,187.9,192.3,4.64,424.8,425.0,425.0,425.1
0,0.74,0,3.93,2.74,19.35,0.024,2.89,2.66,0.019,0.23,0.126,187.9,192.3,4.69,424.9,424.9,425.0,424.8
0,0.73,0,4.0,2.77,19.32,0.023,2.62,2.39,0.017,0.23,0.118,187.9,192.3,4.61,425.1,425.3,425.0,424.7
0,0.72,0,4.02,2.75,19.35,0.022,2.75,2.52,0.017,0.23,0.118,187.9,192.3,4.68,425.3,425.1,425.0,425.1
0,0.75,0,4.09,2.72,19.33,0.024,3.03,2.8,0.019,0.23,0.126,187.9,192.3,4.7,425.1,424.9,424.9,425.2
0,0.72,0,4.07,2.69,19.33,0.024,3.2,2.97,0.019,0.23,0.126,187.9,192.3,4.65,425.0,425.1,425.0,425.1
0,0.74,0,3.85,2.84,19.38,0.024,3.37,3.14,0.019,0.23,0.126,187.9,192.3,4.7,425.0,425.0,425.0,425.3
0,0.74,0,3.92,2.62,19.34,0.025,3.17,2.94,0.019,0.23,0.128,187.9,192.3,4.63,425.1,425.1,424.8,425.6
0,0.73,0,3.95,2.74,19.34,0.022,3.17,2.94,0.017,0.23,0.117,187.9,192.3,4.64,425.4,425.0,425.1,424.9
0,0.74,0,3.98,2.67,19.35,0.022,2.71,2.48,0.016,0.23,0.113,187.9,192.3,4.68,425.3,425.2,425.0,425.0
0,0.74,0,4.07,2.68,19.34,0.022,3.25,3.02,0.017,0.23,0.116,187.9,192.4,4.63,425.1,425.0,425.0,425.1
0,0.75,0,4.02,2.69,19.37,0.025,3.18,2.95,0.019,0.23,0.129,188.1,192.4,4.66,425.0,425.2,425.0,424.9
0,0.76,0,3.99,2.77,19.36,0.026,3.39,3.16,0.02,0.23,0.134,188.0,192.4,4.7,425.1,425.0,424.9,425.0
0,0.76,0,4.05,2.65,19.33,0.025,3.25,3.02,0.019,0.23,0.129,188.0,192.4,4.65,424.9,425.1,424.9,425.2
0,0.72,0,4.07,2.73,19.3,0.024,2.62,2.39,0.019,0.23,0.125,188.0,192.3,4.63,424.7,425.2,424.9,425.0
0,0.72,0,3.94,2.77,19.31,0.022,2.78,2.55,0.016,0.23,0.113,188.0,192.4,4.61,424.7,425.5,425.0,425.1
0,0.73,0,4.09,2.68,19.29,0.022,3.02,2.79,0.016,0.23,0.114,188.0,192.3,4.62,424.8,424.9,425.0,424.8
0,0.72,0,4.11,2.66,19.29,0.022,2.89,2.66,0.017,0.23,0.117,188.0,192.3,4.63,424.9,425.0,424.9,425.3
0,0.72,0,4.18,2.78,19.27,0.023,3.03,2.8,0.018,0.23,0.121,188.0,192.3,4.62,425.0,425.1,424.9,425.1
0,0.74,0,4.15,2.67,19.35,0.024,2.86,2.63,0.019,0.23,0.125,188.0,192.3,4.69,425.1,425.2,425.0,424.9
0,0.71,0,4.2,2.69,19.3,0.023,3.04,2.81,0.018,0.23,0.121,188.0,192.4,4.62,425.1,425.4,424.9,425.1
0,0.7,0,4.17,2.68,19.31,0.023,2.9,2.67,0.018,0.23,0.122,188.0,192.4,4.62,425.1,425.2,424.9,424.7
0,0.72,0,4.17,2.63,19.33,0.024,2.95,2.72,0.019,0.23,0.127,188.0,192.4,4.68,425.0,425.2,424.9,425.2
0,0.7,0,4.21,2.69,19.32,0.024,2.91,2.68,0.019,0.23,0.124,188.0,192.3,4.64,425.1,425.0,424.9,425.5
0,0.74,0,4.22,2.63,19.37,0.024,2.91,2.68,0.019,0.23,0.125,187.9,192.3,4.66,425.0,425.3,425.1,425.7
0,0.73,0,4.19,2.71,19.32,0.023,3.39,3.16,0.018,0.23,0.12,188.0,192.3,4.63,425.2,424.9,425.0,425.1
0,0.73,0,4.23,2.67,19.3,0.024,3.01,2.78,0.019,0.23,0.127,188.0,192.3,4.69,425.3,425.3,425.0,425.1
0,0.72,0,4.21,2.8,19.34,0.023,2.48,2.25,0.018,0.23,0.122,188.0,192.3,4.68,425.2,424.9,425.0,425.5
0,0.73,0,4.21,2.73,19.28,0.022,3.12,2.89,0.017,0.23,0.114,188.0,192.4,4.65,425.0,425.0,425.0,425.1
0,0.74,0,4.27,2.64,19.35,0.024,3.12,2.89,0.019,0.23,0.126,187.9,192.3,4.67,424.8,425.1,425.0,425.1
0,0.71,0,4.27,2.57,19.31,0.024,3.26,3.03,0.019,0.23,0.128,188.0,192.4,4.64,424.9,425.0,424.9,425.3
0,0.73,0,4.2,2.65,19.37,0.025,2.98,2.75,0.019,0.23,0.13,188.0,192.4,4.7,424.9,424.9,425.0,425.5
0,0.74,0,4.12,2.65,19.33,0.024,2.9,2.67,0.018,0.23,0.124,187.9,192.3,4.64,424.9,425.2,425.0,425.3
0,0.74,0,4.08,2.69,19.34,0.023,3.06,2.83,0.017,0.23,0.119,187.9,192.3,4.72,424.8,424.9,425.0,424.7
0,0.73,0,4.12,2.7,19.35,0.021,2.9,2.67,0.016,0.23,0.113,187.9,192.3,4.63,424.9,425.3,425.0,425.1
0,0.72,0,4.15,2.71,19.35,0.022,3.22,2.99,0.017,0.23,0.116,187.9,192.3,4.72,425.0,424.9,425.0,424.9
0,0.71,0,4.0,2.75,19.31,0.024,3.95,3.72,0.019,0.23,0.128,187.9,192.3,4.61,425.1,425.0,425.0,425.2
0,0.74,0,3.95,2.72,19.39,0.025,3.04,2.81,0.02,0.23,0.132,188.0,192.4,4.66,425.0,425.1,425.0,425.1
0,0.73,0,3.94,2.71,19.29,0.022,2.87,2.64,0.017,0.23,0.116,188.1,192.4,4.64,424.9,425.2,425.0,424.9
0,0.73,0,3.88,2.76,19.32,0.023,2.83,2.6,0.018,0.23,0.122,188.0,192.3,4.67,424.7,425.2,425.1,424.7
0,0.73,0,4.09,2.78,19.34,0.023,3.08,2.85,0.017,0.23,0.119,188.0,192.3,4.66,424.9,425.1,425.0,424.8
0,0.73,0,4.03,2.72,19.33,0.025,2.54,2.31,0.019,0.23,0.13,188.0,192.3,4.7,425.0,425.6,425.0,425.2
0,0.74,0,4.11,2.72,19.33,0.023,2.99,2.76,0.018,0.23,0.12,188.0,192.3,4.66,425.1,425.0,425.0,425.1
0,0.72,0,4.03,2.71,19.33,0.023,2.79,2.56,0.018,0.23,0.12,188.1,192.4,4.68,425.0,425.3,425.0,424.8
0,0.74,0,3.94,2.76,19.37,0.022,2.88,2.65,0.017,0.23,0.115,187.9,192.3,4.63,424.8,424.9,425.0,425.7
0,0.75,0,3.99,2.82,19.37,0.023,3.02,2.79,0.018,0.23,0.119,187.9,192.3,4.64,424.9,425.0,425.0,424.9
0,0.75,0,3.96,2.69,19.33,0.024,2.98,2.75,0.018,0.23,0.125,187.9,192.3,4.7,425.0,425.0,424.9,425.1
0,0.73,0,3.91,2.76,19.34,0.024,3.12,2.89,0.019,0.23,0.128,187.9,192.3,4.68,425.1,425.3,425.1,425.1
0,0.73,0,4.07,2.49,19.33,0.024,2.81,2.58,0.019,0.23,0.128,188.0,192.3,4.63,425.2,425.3,425.2,425.5
0,0.73,0,4.03,2.73,19.34,0.023,2.95,2.72,0.018,0.23,0.121,188.0,192.3,4.67,425.2,425.1,425.0,425.3
0,0.72,0,4.09,2.72,19.33,0.023,3.13,2.9,0.018,0.23,0.121,187.9,192.3,4.66,425.1,425.0,425.0,425.0
0,0.74,0,4.05,2.71,19.33,0.023,2.59,2.36,0.017,0.23,0.119,187.9,192.3,4.7,425.0,424.7,425.0,425.0
0,0.73,0,4.01,2.78,19.33,0.022,2.53,2.3,0.016,0.23,0.113,187.9,192.3,4.68,425.0,425.1,424.7,424.8
0,0.72,0,3.91,2.75,19.31,0.022,3.48,3.25,0.017,0.23,0.117,188.0,192.3,4.61,424.7,424.9,425.1,425.2
0,0.74,0,3.88,2.83,19.32,0.024,3.05,2.82,0.019,0.23,0.126,188.0,192.3,4.69,424.7,424.9,425.1,424.6
0,0.73,0,4.03,2.76,19.35,0.024,3.4,3.17,0.019,0.23,0.126,188.0,192.3,4.66,424.8,425.2,425.0,425.1
0,0.73,0,3.97,2.68,19.34,0.025,3.0,2.77,0.019,0.23,0.129,188.0,192.3,4.7,425.0,425.0,425.0,425.3
0,0.72,0,4.08,2.7,19.34,0.024,2.97,2.74,0.018,0.23,0.125,188.0,192.3,4.66,425.1,425.2,425.0,425.3
0,0.71,0,4.1,2.66,19.35,0.023,3.0,2.77,0.018,0.23,0.123,188.0,192.3,4.69,425.1,424.6,425.0,424.9
0,0.75,0,4.07,2.69,19.32,0.023,3.09,2.86,0.017,0.23,0.118,188.0,192.3,4.68,425.1,425.1,425.1,424.7
0,0.74,0,3.91,2.72,19.36,0.023,2.82,2.59,0.018,0.23,0.121,187.9,192.3,4.71,425.1,424.7,425.0,425.6
0,0.74,0,3.89,2.69,19.37,0.023,3.43,3.2,0.018,0.23,0.121,188.0,192.3,4.63,425.1,425.1,424.9,425.3
0,0.72,0,3.93,2.72,19.37,0.023,3.45,3.22,0.018,0.23,0.12,188.0,192.3,4.66,425.0,424.9,425.0,425.0
0,0.74,0,3.89,2.71,19.36,0.022,3.74,3.51,0.017,0.23,0.117,188.0,192.3,4.69,424.9,424.7,425.0,424.7
0,0.72,0,3.91,2.68,19.3,0.024,3.8,3.57,0.018,0.23,0.123,188.0,192.3,4.7,424.9,425.1,424.9,425.1
0,0.73,0,4.0,2.63,19.36,0.025,3.2,2.97,0.02,0.23,0.133,188.0,192.3,4.66,424.9,425.2,425.1,425.1
0,0.73,0,4.03,2.66,19.32,0.025,3.62,3.39,0.019,0.23,0.128,187.9,192.3,4.62,424.9,425.1,425.1,425.6
0,0.72,0,3.9,2.67,19.34,0.023,2.49,2.26,0.018,0.23,0.123,187.9,192.3,4.63,425.3,424.9,425.1,424.7
0,0.7,0,4.02,2.62,19.33,0.022,3.25,3.02,0.017,0.23,0.115,187.9,192.3,4.61,425.2,425.0,425.0,425.1
0,0.73,0,4.06,2.72,19.35,0.023,3.32,3.09,0.017,0.23,0.119,187.9,192.3,4.68,425.0,425.1,424.9,425.1
0,0.73,0,4.12,2.71,19.37,0.023,3.42,3.19,0.018,0.23,0.122,187.9,192.3,4.69,425.0,425.2,424.9,424.7
0,0.72,0,4.08,2.74,19.34,0.024,3.68,3.45,0.019,0.23,0.127,187.9,192.3,4.68,425.1,424.9,425.0,424.8
0,0.73,0,4.0,2.78,19.34,0.024,2.92,2.69,0.018,0.23,0.124,188.0,192.3,4.63,425.0,425.3,425.0,425.3
0,0.73,0,3.94,2.78,19.35,0.024,2.97,2.74,0.018,0.23,0.124,188.0,192.3,4.65,424.7,424.6,425.1,425.1
0,0.72,0,4.03,2.61,19.33,0.023,3.26,3.03,0.018,0.23,0.122,187.9,192.3,4.71,424.9,425.2,425.1,425.0
0,0.74,0,4.07,2.96,19.34,0.023,3.86,3.63,0.018,0.23,0.122,187.9,192.3,4.66,425.0,425.4,425.1,425.1
0,0.72,0,4.1,2.76,19.35,0.024,3.72,3.49,0.019,0.23,0.127,188.0,192.3,4.71,425.1,424.9,425.1,424.5
0,0.74,0,3.97,2.72,19.35,0.023,2.96,2.73,0.017,0.23,0.12,187.9,192.2,4.68,425.0,425.1,425.1,425.0
0,0.73,0,3.94,2.76,19.34,0.024,3.14,2.91,0.018,0.23,0.125,187.9,192.3,4.62,425.1,425.2,425.0,425.1
0,0.72,0,3.96,2.65,19.34,0.024,2.84,2.61,0.018,0.23,0.124,187.9,192.3,4.66,425.2,425.1,424.9,425.1
0,0.72,0,4.03,2.47,19.31,0.023,2.95,2.72,0.018,0.23,0.12,187.9,192.3,4.68,425.1,425.2,424.9,424.8
0,0.72,0,4.06,2.66,19.36,0.025,3.13,2.9,0.02,0.23,0.131,187.9,192.3,4.64,425.0,425.1,424.9,424.7
0,0.71,0,4.07,2.62,19.33,0.024,2.82,2.59,0.019,0.23,0.126,187.9,192.3,4.68,424.9,425.2,424.9,424.9
0,0.72,0,3.97,2.71,19.33,0.023,2.84,2.61,0.017,0.23,0.119,187.9,192.3,4.65,424.7,425.1,425.0,425.0
0,0.72,0,3.96,2.7,19.3,0.023,2.8,2.57,0.017,0.23,0.118,188.0,192.3,4.62,424.7,425.0,425.0,424.9
0,0.7,0,3.99,2.75,19.32,0.022,3.05,2.82,0.016,0.23,0.114,187.9,192.3,4.71,424.8,425.1,425.0,425.0
0,0.73,0,4.04,2.68,19.35,0.023,3.85,3.62,0.017,0.23,0.118,187.9,192.3,4.68,424.9,425.1,425.0,425.0
0,0.72,0,3.96,2.69,19.34,0.024,3.19,2.96,0.019,0.23,0.126,187.9,192.3,4.7,425.0,425.4,425.0,425.1
0,0.73,0,4.0,2.73,19.36,0.024,3.38,3.15,0.019,0.23,0.128,187.9,192.3,4.66,425.1,424.7,425.0,425.1
0,0.7,0,4.05,2.65,19.28,0.025,3.75,3.52,0.02,0.23,0.131,188.0,192.3,4.65,425.1,424.9,425.1,425.0
0,0.73,0,4.09,2.7,19.3,0.024,3.27,3.04,0.019,0.23,0.128,187.9,192.3,4.63,425.1,425.1,425.0,425.3
0,0.73,0,3.99,2.72,19.34,0.023,2.69,2.46,0.018,0.23,0.122,187.9,192.2,4.72,425.1,424.7,425.0,425.1
0,0.71,0,3.95,2.77,19.33,0.023,2.84,2.61,0.018,0.23,0.121,187.9,192.2,4.66,425.1,425.0,425.0,424.9
0,0.72,0,4.02,2.56,19.31,0.023,2.81,2.58,0.017,0.23,0.118,187.9,192.2,4.63,425.0,425.1,425.0,424.6
0,0.74,0,4.03,2.59,19.35,0.023,2.84,2.61,0.017,0.23,0.119,187.9,192.2,4.65,424.8,424.9,425.0,425.3
0,0.73,0,4.0,2.69,19.36,0.023,3.74,3.51,0.018,0.23,0.12,187.9,192.2,4.7,424.7,424.9,425.0,425.3
0,0.73,0,4.06,2.7,19.35,0.025,3.42,3.19,0.019,0.23,0.129,187.9,192.2,4.63,424.9,425.0,425.0,425.6
0,0.72,0,4.17,2.67,19.33,0.025,3.2,2.97,0.02,0.23,0.131,187.9,192.2,4.69,425.1,425.0,425.0,425.7
0,0.71,0,4.18,2.77,19.3,0.024,2.95,2.72,0.019,0.23,0.126,187.9,192.2,4.7,425.1,425.0,424.7,424.9
0,0.74,0,4.17,2.7,19.36,0.023,2.75,2.52,0.018,0.23,0.123,187.9,192.2,4.63,425.1,425.5,424.9,425.1
0,0.72,0,4.16,2.81,19.33,0.023,3.1,2.87,0.017,0.23,0.119,187.9,192.2,4.69,425.1,424.7,424.9,425.1
0,0.72,0,4.11,2.57,19.33,0.022,2.55,2.32,0.016,0.23,0.114,187.9,192.2,4.65,425.1,424.9,425.1,424.7
0,0.72,0,4.2,2.72,19.34,0.024,3.12,2.89,0.019,0.23,0.125,187.9,192.2,4.63,425.0,425.1,425.0,424.8
0,0.72,0,4.1,2.72,19.32,0.024,2.98,2.75,0.019,0.23,0.128,187.9,192.3,4.63,424.9,424.9,425.0,425.0
0,0.73,0,4.19,2.66,19.32,0.024,3.87,3.64,0.019,0.23,0.125,187.9,192.2,4.68,424.8,425.1,425.0,425.1
0,0.75,0,4.16,2.66,19.35,0.024,3.02,2.79,0.019,0.23,0.128,187.9,192.2,4.62,424.9,425.1,425.0,425.1
0,0.74,0,4.15,2.65,19.37,0.024,2.76,2.53,0.018,0.23,0.124,187.9,192.3,4.65,425.0,424.7,425.0,425.0
0,0.75,0,4.2,2.69,19.35,0.023,2.65,2.42,0.017,0.23,0.118,187.9,192.3,4.64,425.2,425.2,425.0,425.0
0,0.74,0,4.2,2.68,19.39,0.022,2.7,2.47,0.017,0.23,0.118,187.9,192.2,4.68,425.1,425.1,424.9,425.2
0,0.73,0,4.22,2.64,19.37,0.023,3.16,2.93,0.018,0.23,0.122,187.9,192.2,4.7,425.1,424.6,425.0,425.1
0,0.75,0,4.21,2.65,19.38,0.024,2.74,2.51,0.019,0.23,0.126,187.9,192.3,4.72,425.0,425.1,425.0,425.1
0,0.75,0,4.24,2.65,19.37,0.023,2.88,2.65,0.018,0.23,0.12,187.9,192.3,4.63,425.0,425.1,425.0,425.1
0,0.72,0,4.23,2.7,19.33,0.023,3.45,3.22,0.018,0.23,0.122,187.9,192.3,4.69,424.8,425.0,425.0,424.8
0,0.74,0,4.18,2.69,19.35,0.024,3.22,2.99,0.018,0.23,0.124,187.9,192.3,4.63,424.7,424.9,425.0,425.4
0,0.74,0,4.2,2.72,19.4,0.024,3.11,2.88,0.019,0.23,0.125,187.9,192.3,4.64,424.7,425.2,425.1,424.6
0,0.74,0,4.21,2.53,19.39,0.024,3.18,2.95,0.019,0.23,0.125,187.9,192.3,4.63,424.9,425.2,425.0,425.1
0,0.71,0,4.18,2.65,19.33,0.024,2.9,2.67,0.019,0.23,0.125,187.9,192.3,4.7,425.0,425.1,425.0,424.7
0,0.73,0,4.22,2.7,19.32,0.024,3.53,3.3,0.019,0.23,0.127,187.9,192.3,4.63,425.1,424.8,425.0,425.1
0,0.73,0,4.19,2.73,19.32,0.024,3.32,3.09,0.019,0.23,0.124,187.9,192.3,4.61,425.2,425.3,425.0,425.0
0,0.75,0,4.06,2.71,19.35,0.022,2.99,2.76,0.016,0.23,0.113,187.9,192.3,4.62,425.2,425.1,425.0,424.9
0,0.75,0,4.16,2.7,19.36,0.023,3.08,2.85,0.017,0.23,0.118,187.9,192.3,4.68,425.1,425.2,425.0,424.9
0,0.73,0,4.2,2.69,19.34,0.024,3.8,3.57,0.019,0.23,0.125,187.9,192.2,4.62,425.0,424.9,425.0,425.0
0,0.73,0,4.19,2.77,19.33,0.024,3.61,3.38,0.019,0.23,0.127,187.8,192.2,4.68,424.9,425.3,425.0,425.1
0,0.72,0,4.25,2.5,19.35,0.024,3.9,3.67,0.019,0.23,0.126,187.9,192.2,4.63,424.7,425.0,425.0,425.0
0,0.74,0,4.16,2.68,19.35,0.025,2.88,2.65,0.019,0.23,0.129,187.8,192.2,4.66,424.7,425.3,425.0,424.9
0,0.72,0,4.2,2.71,19.3,0.022,2.84,2.61,0.017,0.23,0.116,187.9,192.3,4.68,424.8,425.0,425.0,425.4
0,0.71,0,4.25,2.66,19.32,0.022,3.01,2.78,0.017,0.23,0.115,188.0,192.3,4.65,425.0,425.4,424.9,425.1
0,0.73,0,4.24,2.7,19.37,0.023,2.79,2.56,0.018,0.23,0.123,188.0,192.3,4.67,425.1,425.0,425.1,425.1
0,0.71,0,4.22,2.62,19.33,0.023,3.26,3.03,0.018,0.23,0.12,188.0,192.3,4.64,425.2,425.2,425.0,425.4
0,0.74,0,4.21,2.71,19.35,0.024,3.22,2.99,0.019,0.23,0.125,188.0,192.3,4.65,425.1,425.1,425.0,424.9
0,0.74,0,4.17,2.74,19.36,0.024,3.2,2.97,0.019,0.23,0.128,188.0,192.2,4.7,425.2,425.2,425.0,425.5
0,0.74,0,4.18,2.72,19.35,0.023,3.02,2.79,0.018,0.23,0.12,188.0,192.3,4.66,425.1,424.6,424.9,424.9
0,0.73,0,4.19,2.77,19.33,0.022,3.01,2.78,0.017,0.23,0.116,187.9,192.2,4.71,425.1,424.8,425.1,425.5
0,0.74,0,4.18,2.72,19.32,0.022,2.94,2.71,0.017,0.23,0.116,187.9,192.2,4.66,425.1,425.0,424.9,425.1
0,0.72,0,4.24,2.5,19.32,0.024,3.2,2.97,0.019,0.23,0.125,188.0,192.2,4.65,425.0,425.0,424.9,424.9
0,0.72,0,4.23,2.68,19.3,0.024,3.13,2.9,0.019,0.23,0.126,187.9,192.2,4.61,425.0,425.0,425.1,425.2
0,0.74,0,4.22,2.69,19.37,0.024,3.57,3.34,0.018,0.23,0.124,187.9,192.2,4.67,425.0,425.0,425.0,425.1
0,0.72,0,4.2,2.7,19.35,0.024,3.29,3.06,0.019,0.23,0.126,187.9,192.2,4.72,425.0,425.1,424.9,425.3
0,0.74,0,4.23,2.66,19.34,0.023,3.5,3.27,0.018,0.23,0.122,187.9,192.2,4.65,425.2,425.2,425.0,425.3
0,0.72,0,4.18,2.68,19.31,0.023,3.58,3.35,0.018,0.23,0.122,187.9,192.2,4.63,425.4,424.9,425.1,425.1
0,0.74,0,4.19,2.67,19.36,0.023,2.48,2.25,0.018,0.23,0.12,187.9,192.2,4.68,425.3,425.6,425.0,425.1
0,0.74,0,4.23,2.76,19.36,0.022,3.08,2.85,0.017,0.23,0.115,188.0,192.3,4.72,425.1,425.1,425.0,425.5
0,0.71,0,4.2,2.68,19.3,0.023,3.4,3.17,0.018,0.23,0.122,188.0,192.3,4.68,425.0,424.9,425.0,425.0
0,0.73,0,4.21,2.68,19.32,0.024,3.68,3.45,0.019,0.23,0.127,188.0,192.3,4.67,424.9,425.2,425.1,425.1
0,0.74,0,4.24,2.7,19.34,0.024,3.1,2.87,0.019,0.23,0.125,188.0,192.3,4.62,424.9,425.2,425.1,425.1
0,0.74,0,4.26,2.7,19.38,0.023,2.87,2.64,0.018,0.23,0.12,188.0,192.3,4.64,424.9,425.1,425.0,425.0
0,0.74,0,4.18,2.75,19.36,0.022,2.7,2.47,0.017,0.23,0.115,188.0,192.3,4.67,425.0,425.1,425.0,425.0
0,0.72,0,4.2,2.52,19.32,0.022,3.29,3.06,0.016,0.23,0.113,188.0,192.2,4.64,425.0,424.8,425.0,425.1
0,0.73,0,4.18,2.75,19.39,0.025,3.55,3.32,0.02,0.23,0.13,188.0,192.2,4.7,425.0,424.9,425.0,425.0
0,0.74,0,4.2,2.69,19.34,0.025,3.09,2.86,0.02,0.23,0.13,188.0,192.2,4.65,424.9,424.8,425.0,425.1
0,0.72,0,4.24,2.65,19.35,0.023,2.93,2.7,0.018,0.23,0.122,188.0,192.2,4.7,424.9,425.1,424.9,425.0
0,0.74,0,4.25,2.74,19.34,0.024,3.27,3.04,0.018,0.23,0.123,188.0,192.2,4.64,424.8,425.1,425.1,424.9
0,0.73,0,4.24,2.68,19.33,0.023,3.02,2.79,0.018,0.23,0.122,187.9,192.2,4.63,424.9,424.9,424.9,425.0
0,0.72,0,4.25,2.7,19.32,0.023,2.91,2.68,0.018,0.23,0.121,188.1,192.3,4.62,425.0,425.3,425.0,425.1
0,0.7,0,4.2,2.72,19.32,0.023,3.2,2.97,0.018,0.23,0.122,188.0,192.3,4.72,425.0,425.5,425.1,425.1
0,0.72,0,4.22,2.54,19.3,0.023,3.01,2.78,0.018,0.23,0.123,188.1,192.3,4.66,425.3,425.0,425.1,425.1
0,0.74,0,4.21,2.71,19.3,0.022,3.38,3.15,0.017,0.23,0.116,188.1,192.3,4.63,425.3,424.9,425.1,425.0
0,0.73,0,4.24,2.74,19.33,0.021,3.1,2.87,0.016,0.23,0.112,188.0,192.3,4.61,425.3,425.1,425.0,425.1
0,0.73,0,4.19,2.67,19.35,0.022,3.45,3.22,0.017,0.23,0.114,188.0,192.2,4.67,425.1,425.1,425.0,425.4
0,0.76,0,4.23,2.71,19.38,0.024,3.45,3.22,0.019,0.23,0.126,188.0,192.2,4.67,424.9,425.6,425.0,425.1
0,0.73,0,4.26,2.67,19.33,0.023,3.09,2.86,0.018,0.23,0.123,188.0,192.2,4.62,424.8,425.0,425.0,425.4
0,0.76,0,4.26,2.63,19.34,0.024,3.05,2.82,0.019,0.23,0.125,187.9,192.2,4.61,425.0,425.2,424.9,425.5
0,0.76,0,4.22,2.52,19.39,0.023,3.32,3.09,0.018,0.23,0.12,187.9,192.2,4.63,425.0,424.9,425.0,425.3
0,0.75,0,4.19,2.63,19.37,0.023,3.21,2.98,0.018,0.23,0.123,187.9,192.2,4.66,425.1,425.5,425.0,425.5
0,0.75,0,4.21,2.71,19.37,0.022,2.92,2.69,0.017,0.23,0.116,188.0,192.2,4.67,425.1,425.5,425.1,425.0
0,0.72,0,4.22,2.71,19.34,0.022,2.85,2.62,0.017,0.23,0.116,187.9,192.2,4.64,425.0,425.3,425.0,425.0
0,0.74,0,4.25,2.75,19.37,0.023,3.25,3.02,0.017,0.23,0.119,188.0,192.3,4.66,424.9,425.4,425.0,425.0
0,0.74,0,4.19,2.7,19.36,0.023,3.17,2.94,0.018,0.23,0.121,188.0,192.3,4.68,424.9,424.9,425.0,425.1
0,0.74,0,4.25,2.7,19.37,0.024,2.95,2.72,0.019,0.23,0.128,188.0,192.3,4.71,424.9,425.2,425.0,424.9
0,0.73,0,4.18,2.64,19.32,0.023,3.01,2.78,0.018,0.23,0.121,188.0,192.3,4.61,425.0,424.7,425.0,424.8
0,0.74,0,4.26,2.81,19.4,0.023,2.79,2.56,0.018,0.23,0.122,188.0,192.3,4.64,424.9,425.1,425.0,424.7
0,0.72,0,4.27,2.69,19.32,0.022,2.91,2.68,0.017,0.23,0.117,188.0,192.3,4.71,424.7,425.1,424.9,425.0
0,0.73,0,4.19,2.69,19.35,0.022,3.29,3.06,0.016,0.23,0.113,188.0,192.3,4.66,424.7,425.2,425.1,425.1
0,0.73,0,4.22,2.74,19.31,0.022,3.41,3.18,0.017,0.23,0.117,187.9,192.2,4.68,425.0,425.0,425.0,425.0
0,0.74,0,4.23,2.73,19.36,0.024,2.91,2.68,0.019,0.23,0.128,187.9,192.2,4.64,425.1,425.3,425.0,425.4
0,0.73,0,4.21,2.68,19.37,0.023,3.45,3.22,0.018,0.23,0.122,188.1,192.3,4.67,425.1,424.9,425.0,425.3
0,0.74,0,4.26,2.64,19.32,0.024,3.06,2.83,0.018,0.23,0.125,188.1,192.3,4.63,425.1,424.9,424.9,425.0
0,0.73,0,4.28,2.5,19.34,0.023,2.86,2.63,0.018,0.23,0.122,188.1,192.3,4.7,425.0,425.1,425.0,425.6
0,0.73,0,4.24,2.75,19.35,0.023,3.55,3.32,0.018,0.23,0.121,188.0,192.3,4.64,425.0,425.3,425.1,425.7
0,0.71,0,4.24,2.69,19.32,0.023,3.45,3.22,0.018,0.23,0.122,188.0,192.2,4.72,425.0,424.9,425.2,425.4
0,0.73,0,4.26,2.74,19.36,0.023,2.89,2.66,0.018,0.23,0.121,188.0,192.3,4.65,424.9,424.7,425.1,425.2
0,0.72,0,4.26,2.72,19.33,0.023,2.79,2.56,0.017,0.23,0.119,188.0,192.3,4.72,424.8,425.2,425.0,424.8
0,0.73,0,4.25,2.76,19.35,0.023,2.45,2.22,0.018,0.23,0.121,188.0,192.2,4.65,424.7,425.5,424.9,424.7
0,0.73,0,4.19,2.67,19.37,0.024,3.44,3.21,0.018,0.23,0.123,187.9,192.2,4.67,424.8,425.3,425.0,424.9
1,0.51,0,4.24,2.7,21.35,0.023,4.97,4.1,0.017,0.87,0.12,187.7,192.4,4.7,425.3,425.3,424.8,425.0
1,0.71,0,4.22,2.8,20.33,0.026,3.59,3.11,0.021,0.48,0.136,187.7,192.3,4.68,425.2,425.0,424.9,424.9
1,0.69,0,4.19,2.55,20.31,0.026,4.01,3.28,0.021,0.73,0.136,187.8,192.3,4.69,425.0,425.0,424.9,425.0
1,0.72,0,4.26,2.8,20.36,0.026,3.64,3.41,0.021,0.23,0.138,187.8,192.2,4.7,424.9,425.0,425.1,424.5
1,0.72,0,4.25,2.6,20.34,0.026,4.5,3.88,0.021,0.62,0.136,187.8,192.3,4.67,425.0,424.9,425.0,425.0
1,0.72,0,4.24,2.72,20.34,0.025,3.41,3.18,0.019,0.23,0.129,187.8,192.2,4.71,425.1,425.0,424.9,425.0
0,0.73,0,4.26,2.7,19.34,0.023,3.87,3.64,0.018,0.23,0.122,187.9,192.3,4.68,424.8,424.9,425.1,425.1
0,0.71,0,4.22,2.67,19.31,0.024,2.91,2.68,0.018,0.23,0.123,187.9,192.3,4.64,425.0,425.2,425.1,424.9
0,0.74,0,4.22,2.6,19.3,0.024,3.0,2.77,0.019,0.23,0.125,187.9,192.3,4.68,425.0,425.0,424.9,424.9
0,0.73,0,4.23,2.66,19.34,0.023,3.19,2.96,0.018,0.23,0.122,187.9,192.3,4.65,425.2,425.1,425.0,425.0
0,0.72,0,4.23,2.68,19.36,0.024,3.2,2.97,0.018,0.23,0.124,187.9,192.3,4.63,425.2,425.2,425.0,425.3
0,0.73,0,4.22,2.44,19.37,0.024,2.49,2.26,0.018,0.23,0.124,187.9,192.3,4.65,425.0,425.6,425.0,425.0
0,0.71,0,4.14,2.71,19.32,0.023,3.46,3.23,0.018,0.23,0.121,188.1,192.4,4.62,424.9,425.0,425.0,425.1
0,0.71,0,4.27,2.65,19.34,0.024,3.22,2.99,0.019,0.23,0.128,188.1,192.3,4.7,424.8,425.0,425.0,425.0
0,0.72,0,4.21,2.65,19.38,0.024,4.08,3.85,0.019,0.23,0.128,188.1,192.3,4.64,424.9,424.5,425.0,424.7
1,0.51,0,4.28,2.54,20.61,0.026,4.09,3.36,0.02,0.73,0.135,187.0,192.5,4.7,425.0,425.3,425.1,424.7
1,0.71,0,4.21,2.54,20.35,0.026,4.18,3.53,0.021,0.65,0.138,187.2,192.4,4.66,424.8,424.9,425.0,425.1
1,0.71,0,4.2,2.62,20.36,0.027,4.05,3.43,0.022,0.62,0.141,187.3,192.3,4.69,424.7,425.0,425.0,425.3
1,0.72,0,4.23,2.6,20.37,0.027,4.33,3.59,0.022,0.74,0.14,187.4,192.3,4.72,424.7,425.2,424.9,425.4
1,0.72,0,4.23,2.62,20.4,0.028,4.14,3.52,0.022,0.61,0.145,187.5,192.3,4.72,424.9,425.1,425.0,425.4
1,0.71,0,4.17,2.65,20.36,0.026,3.97,3.46,0.021,0.51,0.138,187.5,192.2,4.65,425.0,424.7,424.9,424.8
1,0.7,0,4.18,2.53,20.36,0.025,3.35,2.86,0.019,0.49,0.13,187.5,192.2,4.7,425.0,425.1,425.0,425.3
1,0.71,0,4.19,2.42,20.32,0.023,3.39,2.74,0.018,0.65,0.123,187.7,192.3,4.65,425.1,424.5,425.1,425.0
1,0.71,0,4.22,2.7,20.33,0.024,3.82,3.09,0.018,0.73,0.124,187.7,192.3,4.71,425.0,425.0,425.1,424.6
0,0.72,0,4.24,2.63,20.33,0.024,3.18,2.95,0.018,0.23,0.124,187.7,192.3,4.66,425.0,425.1,425.1,424.9
0,0.71,0,4.23,2.65,19.37,0.023,3.25,3.02,0.017,0.23,0.118,187.7,192.3,4.71,424.9,425.0,425.0,425.4
0,0.71,0,4.22,2.62,19.37,0.024,3.61,3.38,0.018,0.23,0.124,187.7,192.2,4.72,425.0,425.3,425.0,424.8
0,0.7,0,4.17,2.7,19.33,0.024,2.85,2.62,0.019,0.23,0.128,187.8,192.2,4.68,425.1,424.9,425.1,425.2
0,0.71,0,4.18,2.67,19.4,0.024,3.08,2.85,0.018,0.23,0.123,187.8,192.2,4.67,425.2,425.1,425.1,425.0
0,0.72,0,4.26,2.68,19.37,0.023,2.9,2.67,0.018,0.23,0.121,187.8,192.2,4.67,425.3,425.1,425.0,425.1
0,0.72,0,4.22,2.69,19.35,0.024,3.28,3.05,0.018,0.23,0.123,187.8,192.2,4.63,425.1,425.2,425.0,425.0
0,0.73,0,4.26,2.72,19.37,0.024,3.13,2.9,0.019,0.23,0.126,187.8,192.3,4.66,425.1,425.0,425.0,425.1
0,0.72,0,4.21,2.73,19.4,0.025,3.7,3.47,0.019,0.23,0.128,187.8,192.3,4.66,425.0,425.0,425.0,425.0
0,0.72,0,4.25,2.63,19.35,0.024,3.09,2.86,0.019,0.23,0.128,187.8,192.2,4.69,424.9,425.0,425.0,425.0
0,0.73,0,4.22,2.46,19.37,0.023,3.0,2.77,0.018,0.23,0.122,187.9,192.3,4.68,424.8,425.0,425.0,425.1
0,0.74,0,4.19,2.74,19.39,0.023,3.25,3.02,0.018,0.23,0.121,187.9,192.3,4.7,425.0,425.0,424.9,425.0
0,0.71,0,4.23,2.7,19.35,0.023,3.48,3.25,0.018,0.23,0.12,187.9,192.3,4.64,425.1,425.1,425.0,425.0
0,0.72,0,4.21,2.54,19.36,0.025,2.92,2.69,0.019,0.23,0.13,187.9,192.2,4.66,425.1,424.8,425.0,425.1
0,0.73,0,4.21,2.64,19.35,0.026,3.25,3.02,0.02,0.23,0.134,187.9,192.3,4.65,424.9,425.0,425.0,425.3
0,0.72,0,4.21,2.75,19.38,0.024,2.93,2.7,0.019,0.23,0.126,187.9,192.2,4.68,424.7,425.4,425.0,425.1
0,0.73,0,4.25,2.64,19.38,0.023,2.89,2.66,0.018,0.23,0.122,187.9,192.2,4.68,424.7,424.7,425.0,425.1
0,0.71,0,4.24,2.42,19.34,0.022,2.94,2.71,0.017,0.23,0.116,187.9,192.3,4.64,424.8,425.5,425.0,425.1
0,0.72,0,4.19,2.77,19.35,0.022,3.54,3.31,0.017,0.23,0.115,188.0,192.4,4.71,424.9,425.3,425.0,425.4
0,0.69,0,4.23,2.63,19.33,0.023,3.15,2.92,0.018,0.23,0.12,188.0,192.4,4.68,425.1,425.0,425.0,425.3
0,0.74,0,4.22,2.74,19.35,0.026,3.15,2.92,0.02,0.23,0.134,188.0,192.3,4.69,425.3,425.0,425.0,425.0
0,0.71,0,4.23,2.84,19.32,0.024,2.86,2.63,0.019,0.23,0.126,188.0,192.4,4.68,425.1,425.2,424.9,425.2
0,0.72,0,4.21,2.72,19.36,0.024,3.65,3.42,0.018,0.23,0.124,188.0,192.4,4.71,425.0,425.2,425.0,425.1
0,0.72,0,4.17,2.74,19.37,0.023,3.12,2.89,0.018,0.23,0.122,188.0,192.3,4.62,424.9,424.9,425.0,425.0
0,0.73,0,4.25,2.66,19.33,0.022,2.92,2.69,0.016,0.23,0.113,188.0,192.3,4.68,425.0,425.0,425.0,425.1
0,0.71,0,4.21,2.77,19.37,0.022,2.7,2.47,0.017,0.23,0.117,188.0,192.3,4.71,425.0,425.2,425.0,425.0
0,0.72,0,4.21,2.73,19.36,0.022,3.06,2.83,0.017,0.23,0.116,188.0,192.3,4.64,425.1,424.9,425.0,425.1
0,0.7,0,4.24,2.77,19.36,0.023,3.22,2.99,0.018,0.23,0.121,188.0,192.3,4.68,425.2,424.8,424.8,425.1
0,0.73,0,4.22,2.47,19.37,0.024,4.04,3.81,0.019,0.23,0.126,188.0,192.3,4.69,425.1,425.4,424.9,425.0
0,0.71,0,4.22,2.65,19.33,0.023,3.35,3.12,0.018,0.23,0.119,188.1,192.5,4.64,425.0,424.9,425.0,425.0
0,0.73,0,4.24,2.74,19.37,0.023,3.55,3.32,0.017,0.23,0.118,188.1,192.5,4.67,425.1,425.1,425.0,425.0
0,0.73,0,4.21,2.71,19.32,0.024,2.91,2.68,0.018,0.23,0.123,188.1,192.5,4.65,425.0,425.2,425.0,425.1
0,0.73,0,4.23,2.66,19.37,0.023,2.55,2.32,0.018,0.23,0.12,188.1,192.5,4.67,425.0,425.7,425.0,425.2
0,0.74,0,4.26,2.71,19.38,0.023,2.71,2.48,0.018,0.23,0.121,188.1,192.5,4.7,424.9,425.2,425.1,425.1
0,0.73,0,4.22,2.74,19.37,0.022,3.03,2.8,0.017,0.23,0.116,188.1,192.4,4.62,424.8,425.4,425.0,425.0
0,0.74,0,4.21,2.72,19.38,0.023,3.21,2.98,0.018,0.23,0.122,188.1,192.4,4.65,424.8,424.9,424.9,425.2
0,0.74,0,4.25,2.67,19.41,0.024,3.93,3.7,0.018,0.23,0.124,188.1,192.4,4.64,424.9,425.1,425.0,424.9
0,0.74,0,4.26,2.67,19.37,0.026,3.35,3.12,0.02,0.23,0.134,188.1,192.5,4.64,425.0,425.3,424.9,425.0
0,0.74,0,4.25,2.67,19.38,0.024,3.27,3.04,0.019,0.23,0.127,188.1,192.5,4.65,425.0,425.2,425.0,425.1
0,0.74,0,4.24,2.51,19.36,0.024,3.36,3.13,0.018,0.23,0.123,188.0,192.5,4.69,425.0,425.3,425.0,424.9
0,0.72,0,4.24,2.72,19.37,0.022,3.32,3.09,0.017,0.23,0.117,188.1,192.6,4.71,425.1,425.2,425.1,424.5
0,0.74,0,4.19,2.61,19.35,0.023,3.22,2.99,0.018,0.23,0.121,188.1,192.5,4.68,425.0,425.0,424.9,425.4
0,0.72,0,4.1,2.81,19.37,0.023,2.87,2.64,0.017,0.23,0.119,188.1,192.5,4.63,425.0,425.0,425.0,425.3
0,0.73,0,4.16,2.61,19.34,0.025,3.66,3.43,0.02,0.23,0.13,188.1,192.5,4.62,425.1,425.1,424.9,425.1
0,0.75,0,4.04,2.73,19.35,0.023,3.37,3.14,0.018,0.23,0.123,188.1,192.5,4.68,425.1,424.8,425.1,425.0
0,0.75,0,4.04,2.84,19.37,0.023,3.38,3.15,0.017,0.23,0.119,188.1,192.5,4.72,425.0,425.2,424.9,425.2
0,0.73,0,4.03,2.66,19.37,0.023,3.22,2.99,0.018,0.23,0.122,188.1,192.5,4.64,424.9,425.6,425.0,425.1
0,0.75,0,3.97,2.81,19.38,0.023,2.68,2.45,0.018,0.23,0.121,188.1,192.5,4.64,424.9,425.3,425.0,425.0
0,0.72,0,4.06,2.75,19.37,0.023,3.32,3.09,0.018,0.23,0.122,188.1,192.5,4.7,424.9,425.2,425.0,425.0
0,0.74,0,4.05,2.74,19.37,0.023,3.33,3.1,0.018,0.23,0.12,188.1,192.5,4.63,424.9,425.1,425.0,425.3
0,0.74,0,4.1,2.73,19.38,0.024,3.05,2.82,0.019,0.23,0.124,188.1,192.5,4.65,425.1,425.5,425.0,424.6
0,0.72,0,4.13,2.68,19.32,0.024,3.17,2.94,0.019,0.23,0.125,188.1,192.5,4.69,425.1,425.1,425.0,425.1
0,0.73,0,4.05,2.74,19.36,0.024,3.15,2.92,0.019,0.23,0.127,188.1,192.5,4.64,425.2,425.2,425.0,425.0
0,0.74,0,3.95,2.61,19.37,0.024,3.28,3.05,0.019,0.23,0.125,188.1,192.5,4.66,425.2,425.3,424.9,425.1
0,0.71,0,4.02,2.77,19.34,0.024,3.14,2.91,0.018,0.23,0.123,188.2,192.6,4.65,424.9,425.0,424.9,425.1
0,0.72,0,4.11,2.71,19.36,0.023,3.68,3.45,0.018,0.23,0.123,188.2,192.5,4.66,424.8,425.0,424.9,425.1
0,0.73,0,4.13,2.68,19.34,0.022,2.88,2.65,0.017,0.23,0.117,188.2,192.6,4.69,425.0,425.2,424.9,425.0
0,0.74,0,4.13,2.87,19.34,0.022,3.46,3.23,0.017,0.23,0.117,188.2,192.6,4.64,425.0,424.9,425.0,425.0
0,0.73,0,4.02,2.68,19.35,0.024,3.3,3.07,0.019,0.23,0.127,188.2,192.6,4.67,425.1,424.9,425.0,425.3
0,0.73,0,3.95,2.71,19.38,0.024,3.04,2.81,0.019,0.23,0.126,188.2,192.6,4.72,425.1,424.8,425.0,425.1
0,0.74,0,3.91,2.76,19.37,0.024,2.79,2.56,0.019,0.23,0.125,188.2,192.6,4.61,425.0,425.4,424.9,425.1
0,0.74,0,3.94,2.76,19.35,0.023,2.86,2.63,0.018,0.23,0.119,188.2,192.6,4.67,424.9,424.7,425.0,425.1
0,0.73,0,4.06,2.74,19.37,0.022,3.59,3.36,0.017,0.23,0.116,188.2,192.5,4.63,424.7,424.9,425.0,425.2
0,0.71,0,4.16,2.65,19.35,0.024,3.52,3.29,0.019,0.23,0.127,188.2,192.6,4.7,425.0,425.2,425.0,425.1
0,0.72,0,4.12,2.69,19.36,0.023,2.66,2.43,0.018,0.23,0.121,188.2,192.6,4.64,425.0,425.7,425.0,424.6
0,0.72,0,4.17,2.8,19.37,0.023,3.1,2.87,0.018,0.23,0.121,188.2,192.6,4.67,425.1,425.0,425.0,425.0
0,0.73,0,4.15,2.69,19.37,0.025,3.27,3.04,0.019,0.23,0.129,188.2,192.5,4.71,425.0,425.1,425.0,425.1
0,0.74,0,4.13,2.69,19.37,0.024,2.96,2.73,0.018,0.23,0.124,188.2,192.6,4.63,424.9,424.9,425.0,425.0
0,0.72,0,4.17,2.72,19.34,0.022,2.76,2.54,0.017,0.23,0.117,188.2,192.6,4.67,424.9,425.0,425.1,425.0
0,0.73,0,4.21,2.71,19.35,0.023,3.22,2.99,0.018,0.23,0.121,188.2,192.5,4.7,425.0,424.9,424.9,425.1
0,0.73,0,4.24,2.68,19.36,0.025,3.07,2.84,0.019,0.23,0.129,188.2,192.6,4.64,425.1,425.5,424.9,424.7
0,0.72,0,4.22,2.74,19.33,0.024,3.42,3.19,0.018,0.23,0.124,188.2,192.5,4.69,425.1,425.3,424.9,425.1
0,0.71,0,4.24,2.71,19.35,0.024,2.89,2.66,0.019,0.23,0.127,188.2,192.5,4.67,425.1,425.3,425.0,425.0
0,0.71,0,4.22,2.71,19.32,0.024,3.74,3.51,0.019,0.23,0.126,188.2,192.5,4.63,425.1,424.8,425.0,425.0
0,0.73,0,4.22,2.74,19.35,0.024,3.19,2.96,0.019,0.23,0.125,188.2,192.5,4.67,425.1,425.3,425.0,425.0
0,0.72,0,4.23,2.3,19.33,0.023,2.88,2.65,0.018,0.23,0.123,188.2,192.6,4.63,425.0,425.1,424.9,425.1
0,0.72,0,4.24,2.76,19.33,0.023,2.66,2.43,0.018,0.23,0.119,188.3,192.6,4.65,424.7,425.0,425.0,425.0
0,0.74,0,4.19,2.67,19.36,0.023,2.87,2.64,0.018,0.23,0.121,188.2,192.6,4.69,424.7,425.1,425.0,425.2
0,0.74,0,4.17,2.75,19.35,0.023,2.95,2.72,0.017,0.23,0.118,188.2,192.6,4.63,425.0,425.1,425.0,425.1
0,0.73,0,4.19,2.83,19.4,0.024,3.46,3.23,0.018,0.23,0.124,188.2,192.6,4.75,425.0,425.1,425.0,425.3
0,0.73,0,4.24,2.66,19.37,0.025,3.61,3.38,0.02,0.23,0.132,188.2,192.6,4.68,424.9,424.9,425.0,425.2
0,0.7,0,4.24,2.71,19.39,0.022,2.98,2.74,0.017,0.23,0.118,188.2,192.5,4.72,425.0,425.2,425.0,425.0
0,0.72,0,4.23,2.7,19.35,0.023,3.14,2.91,0.017,0.23,0.118,188.2,192.5,4.64,425.2,425.2,425.0,425.1
0,0.74,0,4.24,2.68,19.34,0.023,2.92,2.69,0.018,0.23,0.12,188.2,192.5,4.69,425.1,425.1,425.0,424.8
0,0.73,0,4.22,2.7,19.32,0.023,2.89,2.66,0.018,0.23,0.12,188.2,192.5,4.63,425.1,424.9,425.0,425.4
0,0.72,0,4.18,2.71,19.35,0.023,3.18,2.95,0.018,0.23,0.12,188.2,192.6,4.68,425.1,425.2,424.9,425.2
0,0.73,0,4.2,2.72,19.32,0.024,2.87,2.64,0.018,0.23,0.124,188.2,192.6,4.63,425.0,425.4,425.0,425.3
0,0.73,0,4.21,2.6,19.31,0.023,3.19,2.96,0.018,0.23,0.122,188.2,192.6,4.6,425.0,425.1,425.0,425.2
0,0.71,0,4.18,2.68,19.34,0.024,3.03,2.8,0.019,0.23,0.126,188.2,192.6,4.71,425.0,424.7,425.1,424.9
0,0.72,0,4.19,2.66,19.39,0.024,3.53,3.3,0.019,0.23,0.126,188.2,192.6,4.73,424.9,425.0,424.9,425.1
0,0.7,0,4.24,2.54,19.37,0.024,3.39,3.16,0.019,0.23,0.125,188.2,192.6,4.65,425.0,425.2,424.9,424.9
0,0.73,0,4.2,2.75,19.35,0.023,2.73,2.5,0.018,0.23,0.119,188.2,192.6,4.68,425.1,425.2,425.0,425.0
0,0.73,0,4.25,2.65,19.32,0.022,3.11,2.88,0.017,0.23,0.117,188.2,192.6,4.64,425.0,425.1,424.9,425.3
0,0.72,0,4.22,2.68,19.34,0.024,2.85,2.62,0.018,0.23,0.124,188.2,192.6,4.71,425.0,425.0,424.9,425.0
0,0.73,0,4.21,2.78,19.34,0.024,3.46,3.23,0.019,0.23,0.128,188.2,192.6,4.64,424.8,425.0,425.0,425.1
0,0.72,0,4.23,2.6,19.36,0.025,3.27,3.04,0.02,0.23,0.132,188.2,192.6,4.68,424.9,425.3,424.9,425.1
0,0.73,0,4.23,2.68,19.32,0.025,2.98,2.75,0.02,0.23,0.131,188.2,192.6,4.64,425.0,425.2,424.9,425.0
0,0.74,0,4.25,2.69,19.35,0.025,2.79,2.56,0.019,0.23,0.13,188.2,192.6,4.7,425.0,425.3,425.0,425.0
0,0.73,0,4.24,2.68,19.33,0.023,2.34,2.11,0.018,0.23,0.122,188.2,192.6,4.63,425.1,425.1,425.0,425.0
0,0.72,0,4.26,2.75,19.32,0.022,3.44,3.21,0.017,0.23,0.114,188.2,192.6,4.62,425.1,425.0,425.0,425.2
0,0.72,0,4.23,2.76,19.35,0.022,3.32,3.09,0.017,0.23,0.115,188.3,192.7,4.69,425.0,425.2,425.1,425.1
0,0.74,0,4.22,2.69,19.34,0.023,3.74,3.51,0.018,0.23,0.121,188.2,192.6,4.65,424.9,425.1,424.9,425.0
0,0.74,0,4.27,2.69,19.37,0.024,3.37,3.14,0.019,0.23,0.126,188.3,192.7,4.64,424.8,425.0,425.0,425.1
0,0.72,0,4.23,2.69,19.33,0.024,3.05,2.82,0.019,0.23,0.128,188.3,192.6,4.69,424.9,425.0,425.0,424.9
0,0.72,0,4.21,2.73,19.33,0.023,2.87,2.64,0.018,0.23,0.121,188.2,192.7,4.64,425.1,425.2,424.9,425.1
0,0.73,0,4.24,2.68,19.38,0.024,2.77,2.54,0.018,0.23,0.124,188.3,192.6,4.62,425.3,425.3,425.1,425.1
0,0.72,0,4.24,2.72,19.39,0.024,3.27,3.04,0.018,0.23,0.123,188.3,192.6,4.64,425.2,424.8,425.0,425.0
0,0.73,0,4.27,2.69,19.35,0.024,3.42,3.19,0.019,0.23,0.128,188.2,192.6,4.67,425.1,425.2,425.0,425.1
0,0.71,0,4.24,2.75,19.33,0.024,2.46,2.23,0.019,0.23,0.125,188.2,192.6,4.62,425.1,425.1,424.9,425.0
0,0.73,0,4.2,2.72,19.35,0.023,3.0,2.77,0.018,0.23,0.121,188.2,192.6,4.68,425.1,425.4,425.0,425.1
0,0.75,0,4.19,2.62,19.35,0.023,3.15,2.92,0.018,0.23,0.122,188.2,192.6,4.7,425.0,425.0,425.1,425.0
0,0.75,0,4.21,2.76,19.31,0.023,3.18,2.95,0.017,0.23,0.119,188.2,192.6,4.68,424.9,425.3,425.1,425.0
0,0.71,0,4.28,2.68,19.34,0.024,3.12,2.89,0.018,0.23,0.124,188.2,192.6,4.66,424.8,425.0,424.7,425.1
0,0.74,0,4.16,2.78,19.34,0.023,3.57,3.34,0.017,0.23,0.119,188.2,192.6,4.7,425.0,425.1,425.0,425.0
0,0.72,0,4.27,2.67,19.31,0.025,3.62,3.39,0.019,0.23,0.13,188.2,192.6,4.66,425.0,425.1,424.9,425.2
0,0.74,0,4.19,2.66,19.34,0.024,3.28,3.05,0.019,0.23,0.126,188.2,192.6,4.64,425.3,424.9,425.0,425.1
0,0.74,0,4.25,2.7,19.33,0.025,3.34,3.11,0.02,0.23,0.131,188.2,192.6,4.68,425.4,425.1,425.0,425.0
0,0.71,0,4.2,2.72,19.35,0.025,2.86,2.63,0.019,0.23,0.129,188.2,192.6,4.64,425.2,425.0,425.1,424.6
0,0.74,0,4.25,2.68,19.34,0.024,3.21,2.98,0.018,0.23,0.124,188.2,192.6,4.6,425.0,425.0,424.9,425.1
0,0.74,0,4.25,2.69,19.36,0.024,3.26,3.03,0.018,0.23,0.124,188.2,192.6,4.65,425.0,425.2,424.9,425.0
0,0.75,0,4.21,2.68,19.39,0.023,3.19,2.96,0.018,0.23,0.121,188.2,192.6,4.67,424.9,425.0,425.0,425.0
0,0.74,0,4.28,2.72,19.36,0.023,2.85,2.62,0.018,0.23,0.122,188.2,192.6,4.7,424.9,424.7,425.0,425.1
0,0.72,0,4.22,2.49,19.34,0.023,3.77,3.54,0.018,0.23,0.123,188.3,192.6,4.66,425.0,425.1,425.0,425.1
0,0.74,0,4.22,2.71,19.36,0.025,2.94,2.71,0.019,0.23,0.129,188.3,192.6,4.69,425.1,425.2,425.1,425.2
0,0.72,0,4.21,2.71,19.33,0.024,2.61,2.38,0.019,0.23,0.126,188.3,192.7,4.64,425.1,425.1,425.0,425.1
0,0.73,0,4.2,2.51,19.36,0.023,3.15,2.92,0.018,0.23,0.122,188.3,192.6,4.69,425.1,425.4,425.1,425.0
0,0.74,0,4.22,2.67,19.35,0.024,3.89,3.66,0.019,0.23,0.126,188.3,192.7,4.62,425.1,425.0,425.0,425.0
0,0.73,0,4.25,2.66,19.34,0.023,3.29,3.06,0.017,0.23,0.119,188.3,192.7,4.62,424.9,425.1,425.0,424.9
0,0.72,0,4.21,2.75,19.34,0.023,3.39,3.16,0.018,0.23,0.122,188.3,192.6,4.68,424.8,424.7,425.0,425.3
0,0.72,0,4.22,2.75,19.3,0.023,3.21,2.98,0.018,0.23,0.121,188.3,192.6,4.65,424.8,425.4,425.1,425.3
0,0.7,0,4.24,2.7,19.32,0.024,3.25,3.02,0.018,0.23,0.124,188.3,192.6,4.63,424.9,424.8,424.7,425.2
0,0.73,0,4.26,2.71,19.34,0.024,3.59,3.36,0.019,0.23,0.127,188.3,192.6,4.69,424.9,425.1,424.9,425.0
0,0.7,0,4.23,2.65,19.34,0.025,3.06,2.83,0.02,0.23,0.133,188.3,192.6,4.66,424.9,425.0,425.0,425.0
0,0.72,0,4.23,2.72,19.33,0.024,3.17,2.94,0.019,0.23,0.125,188.2,192.6,4.71,424.9,425.1,425.1,425.3
0,0.71,0,4.19,2.65,19.36,0.024,3.14,2.91,0.019,0.23,0.125,188.3,192.6,4.65,425.0,425.0,425.0,424.5
0,0.72,0,4.23,2.68,19.32,0.023,3.69,3.46,0.017,0.23,0.119,188.3,192.7,4.64,425.2,425.6,425.0,425.2
0,0.71,0,4.22,2.6,19.34,0.023,3.69,3.46,0.018,0.23,0.122,188.3,192.6,4.68,425.3,424.7,425.1,425.1
0,0.72,0,4.19,2.73,19.34,0.024,3.41,3.18,0.019,0.23,0.127,188.3,192.7,4.63,425.2,424.8,425.0,425.0
0,0.72,0,4.19,2.66,19.33,0.024,3.24,3.01,0.019,0.23,0.127,188.3,192.7,4.69,425.0,425.6,425.0,425.2
0,0.71,0,4.2,2.68,19.31,0.022,3.52,3.29,0.016,0.23,0.114,188.2,192.7,4.62,424.8,425.1,425.0,425.1
0,0.73,0,4.2,2.69,19.36,0.024,3.45,3.22,0.018,0.23,0.124,188.2,192.6,4.67,424.9,425.0,424.9,425.0
0,0.72,0,4.22,2.7,19.34,0.024,3.44,3.21,0.019,0.23,0.125,188.2,192.6,4.61,424.9,424.8,425.0,425.5
0,0.72,0,4.21,2.76,19.31,0.024,2.66,2.43,0.019,0.23,0.125,188.2,192.6,4.6,424.9,425.1,425.0,425.2
0,0.72,0,4.26,2.62,19.34,0.023,3.19,2.96,0.018,0.23,0.12,188.3,192.7,4.68,425.2,424.9,424.9,425.1
0,0.72,0,4.21,2.71,19.33,0.024,2.52,2.29,0.019,0.23,0.126,188.3,192.7,4.65,425.3,424.6,425.0,425.2
0,0.72,0,4.26,2.69,19.33,0.023,3.1,2.87,0.018,0.23,0.121,188.3,192.7,4.71,425.1,424.9,425.0,424.9
0,0.72,0,4.25,2.68,19.35,0.024,3.39,3.16,0.018,0.23,0.123,188.3,192.7,4.66,425.0,425.1,425.1,425.3
0,0.69,0,4.21,2.63,19.31,0.023,3.46,3.23,0.018,0.23,0.119,188.3,192.7,4.64,424.9,425.5,425.0,425.3
0,0.71,0,4.24,2.74,19.31,0.024,3.48,3.25,0.019,0.23,0.127,188.3,192.7,4.72,424.9,424.9,425.0,425.2
0,0.7,0,4.24,2.72,19.31,0.024,3.05,2.82,0.019,0.23,0.128,188.3,192.7,4.69,425.0,425.1,425.0,424.9
0,0.72,0,4.26,2.77,19.32,0.024,3.04,2.81,0.018,0.23,0.124,188.3,192.7,4.61,425.2,424.6,425.0,425.1
0,0.72,0,4.28,2.71,19.34,0.024,3.13,2.9,0.018,0.23,0.124,188.3,192.7,4.68,425.1,425.3,425.0,425.2
0,0.73,0,4.19,2.71,19.35,0.023,2.82,2.59,0.018,0.23,0.123,188.3,192.7,4.63,425.0,424.9,425.1,425.1
0,0.69,0,4.22,2.62,19.34,0.023,3.25,3.02,0.017,0.23,0.118,188.2,192.7,4.69,424.9,425.1,425.0,424.9
0,0.72,0,4.18,2.65,19.31,0.022,2.68,2.45,0.017,0.23,0.115,188.2,192.6,4.67,424.8,425.2,424.9,425.3
0,0.7,0,4.28,2.61,19.34,0.022,2.9,2.67,0.017,0.23,0.114,188.2,192.6,4.63,424.9,424.7,424.9,425.0
0,0.73,0,4.21,2.69,19.37,0.023,3.36,3.13,0.017,0.23,0.119,188.2,192.6,4.64,425.0,425.1,424.9,424.7
0,0.73,0,4.18,2.62,19.33,0.024,3.23,3.0,0.019,0.23,0.125,188.2,192.6,4.6,425.0,425.1,425.0,424.9
0,0.74,0,4.25,2.69,19.36,0.025,3.61,3.38,0.02,0.23,0.132,188.2,192.6,4.65,425.0,425.1,425.0,425.2
0,0.72,0,4.26,2.6,19.34,0.026,3.57,3.34,0.021,0.23,0.135,188.2,192.6,4.7,425.1,425.0,425.0,425.3
0,0.74,0,4.26,2.58,19.34,0.024,2.69,2.46,0.018,0.23,0.124,188.2,192.6,4.65,425.3,425.2,425.0,425.1
0,0.73,0,4.22,2.72,19.35,0.022,3.62,3.39,0.017,0.23,0.117,188.3,192.7,4.68,425.3,425.1,424.9,425.1
0,0.71,0,4.21,2.44,19.32,0.024,3.25,3.02,0.018,0.23,0.124,188.3,192.7,4.67,425.1,425.3,425.0,425.0
0,0.71,0,4.22,2.65,19.33,0.022,2.79,2.56,0.017,0.23,0.117,188.3,192.7,4.64,425.1,425.0,425.0,424.8
0,0.72,0,4.21,2.7,19.33,0.022,2.96,2.73,0.017,0.23,0.117,188.3,192.7,4.68,425.0,424.9,424.9,425.3
0,0.71,0,4.25,2.69,19.32,0.023,2.87,2.64,0.018,0.23,0.121,188.3,192.7,4.65,424.7,425.1,425.0,425.1
0,0.71,0,4.25,2.64,19.33,0.023,3.34,3.11,0.018,0.23,0.12,188.3,192.7,4.73,424.6,425.1,424.9,425.1
0,0.72,0,4.08,2.71,19.34,0.024,2.99,2.76,0.019,0.23,0.126,188.3,192.7,4.67,424.6,425.1,424.9,425.3
0,0.7,0,4.07,2.61,19.32,0.023,3.1,2.87,0.018,0.23,0.122,188.3,192.7,4.64,425.0,425.0,425.0,425.2
0,0.72,0,4.06,2.69,19.35,0.023,3.29,3.06,0.017,0.23,0.118,188.3,192.7,4.68,425.0,425.1,424.9,424.9
0,0.72,0,4.16,2.7,19.34,0.023,3.6,3.37,0.018,0.23,0.122,188.3,192.7,4.63,425.0,425.2,424.9,425.1
0,0.72,0,4.24,2.66,19.29,0.025,3.9,3.67,0.019,0.23,0.129,188.3,192.7,4.62,425.1,425.3,425.0,425.3
0,0.72,0,4.22,2.69,19.39,0.024,2.94,2.71,0.018,0.23,0.123,188.3,192.7,4.63,425.1,425.1,425.0,425.2
0,0.72,0,4.23,2.8,19.35,0.023,2.7,2.47,0.018,0.23,0.121,188.3,192.7,4.68,425.0,425.3,425.0,425.2
0,0.7,0,4.25,2.74,19.34,0.023,3.38,3.15,0.018,0.23,0.12,188.3,192.7,4.72,425.0,425.4,425.0,424.8
0,0.7,0,4.23,2.62,19.33,0.022,2.86,2.63,0.017,0.23,0.117,188.3,192.7,4.64,425.0,424.8,425.0,425.1
0,0.7,0,4.23,2.72,19.34,0.022,3.24,3.01,0.017,0.23,0.117,188.3,192.7,4.73,425.0,425.0,425.0,424.9
0,0.71,0,4.2,2.71,19.36,0.024,3.28,3.05,0.019,0.23,0.126,188.3,192.7,4.66,425.1,425.2,425.0,425.0
0,0.71,0,4.24,2.71,19.34,0.025,3.23,3.0,0.019,0.23,0.129,188.3,192.7,4.72,425.0,425.4,424.9,425.2
0,0.74,0,4.22,2.73,19.36,0.025,3.17,2.94,0.019,0.23,0.129,188.3,192.7,4.66,424.8,425.2,425.1,425.0
0,0.74,0,4.22,2.72,19.33,0.024,3.74,3.51,0.019,0.23,0.127,188.3,192.7,4.7,424.8,425.1,425.0,425.0
0,0.73,0,4.22,2.68,19.35,0.025,3.65,3.42,0.019,0.23,0.129,188.3,192.7,4.64,424.8,425.0,425.0,425.1
0,0.74,0,4.16,2.69,19.37,0.024,2.54,2.31,0.019,0.23,0.128,188.3,192.7,4.69,424.9,424.8,425.0,425.1
0,0.72,0,4.26,2.6,19.36,0.022,3.32,3.09,0.017,0.23,0.117,188.3,192.7,4.61,424.9,425.0,425.1,425.0
0,0.72,0,4.24,2.69,19.35,0.022,2.64,2.41,0.017,0.23,0.116,188.3,192.7,4.66,425.0,425.4,425.0,425.2
0,0.71,0,4.23,2.78,19.32,0.021,3.13,2.9,0.016,0.23,0.111,188.3,192.7,4.62,425.1,425.3,425.0,425.0
0,0.72,0,4.24,2.65,19.36,0.023,2.93,2.7,0.017,0.23,0.119,188.3,192.6,4.67,425.1,425.4,425.0,425.1
0,0.72,0,4.18,2.64,19.37,0.024,3.51,3.28,0.019,0.23,0.125,188.3,192.6,4.68,425.0,425.1,425.1,425.4
0,0.73,0,4.19,2.72,19.34,0.024,3.33,3.1,0.018,0.23,0.124,188.3,192.6,4.64,425.1,425.3,425.0,425.0
0,0.71,0,4.22,2.68,19.32,0.024,3.23,3.0,0.018,0.23,0.123,188.3,192.6,4.62,424.9,425.4,425.1,424.7
0,0.74,0,4.24,2.8,19.33,0.025,3.06,2.83,0.02,0.23,0.13,188.4,192.7,4.7,424.7,425.0,424.9,424.8
0,0.73,0,4.23,2.73,19.34,0.025,3.36,3.13,0.019,0.23,0.13,188.4,192.7,4.62,424.6,425.1,425.0,425.4
0,0.72,0,4.23,2.69,19.34,0.024,3.32,3.09,0.019,0.23,0.126,188.4,192.7,4.69,424.8,424.6,425.0,425.3
0,0.71,0,4.24,2.71,19.33,0.023,3.16,2.93,0.018,0.23,0.122,188.4,192.7,4.65,425.0,425.1,424.9,425.3
0,0.72,0,4.25,2.77,19.32,0.023,3.47,3.24,0.018,0.23,0.12,188.4,192.7,4.62,425.2,425.1,425.0,425.0
0,0.73,0,4.22,2.64,19.34,0.024,2.82,2.59,0.019,0.23,0.127,188.4,192.7,4.68,425.2,425.3,425.0,425.1
0,0.71,0,4.25,2.69,19.34,0.023,3.23,3.0,0.018,0.23,0.121,188.4,192.7,4.68,425.1,425.2,425.0,425.1
0,0.71,0,4.2,2.71,19.33,0.023,2.58,2.35,0.018,0.23,0.12,188.4,192.7,4.66,425.0,424.9,424.9,425.0
0,0.69,0,4.26,2.65,19.31,0.023,3.07,2.84,0.017,0.23,0.119,188.4,192.7,4.63,425.0,425.0,424.9,425.4
0,0.72,0,4.24,2.71,19.31,0.023,3.05,2.82,0.018,0.23,0.121,188.3,192.7,4.71,424.9,425.1,424.9,425.0
0,0.72,0,4.19,2.69,19.4,0.024,3.0,2.77,0.018,0.23,0.123,188.3,192.7,4.74,425.0,425.1,425.0,425.1
0,0.71,0,4.2,2.72,19.36,0.025,3.19,2.96,0.019,0.23,0.129,188.3,192.7,4.66,425.2,424.9,425.0,424.9
0,0.72,0,4.21,2.7,19.35,0.024,3.65,3.42,0.019,0.23,0.128,188.3,192.7,4.7,425.2,425.4,424.9,425.3
0,0.7,0,4.23,2.65,19.32,0.025,3.04,2.81,0.02,0.23,0.132,188.3,192.7,4.67,425.1,424.9,425.0,425.5
0,0.73,0,4.2,2.72,19.31,0.023,3.16,2.93,0.017,0.23,0.118,188.3,192.7,4.63,425.0,424.9,425.0,425.1
0,0.72,0,4.24,2.77,19.32,0.023,3.54,3.31,0.018,0.23,0.12,188.4,192.7,4.62,425.0,425.1,425.1,425.4
0,0.74,0,4.22,2.77,19.32,0.023,3.14,2.91,0.018,0.23,0.12,188.4,192.7,4.69,424.9,425.0,425.0,425.6
0,0.72,0,4.2,2.74,19.33,0.022,2.92,2.69,0.017,0.23,0.117,188.4,192.7,4.67,424.7,425.1,425.1,425.5
0,0.73,0,4.28,2.72,19.35,0.023,3.44,3.21,0.018,0.23,0.12,188.3,192.7,4.71,424.7,425.3,425.0,425.3
0,0.71,0,4.26,2.66,19.3,0.025,3.12,2.89,0.02,0.23,0.13,188.4,192.7,4.64,424.9,425.1,425.0,425.7
0,0.71,0,4.21,2.73,19.28,0.024,2.56,2.33,0.019,0.23,0.125,188.4,192.7,4.66,425.0,425.4,425.0,425.1
0,0.7,0,4.21,2.77,19.31,0.022,3.1,2.87,0.017,0.23,0.117,188.4,192.7,4.66,425.1,425.1,424.9,425.5
0,0.74,0,4.17,2.75,19.37,0.023,3.5,3.27,0.018,0.23,0.12,188.4,192.8,4.69,425.2,425.0,425.0,425.4
0,0.74,0,4.22,2.7,19.35,0.023,2.92,2.69,0.018,0.23,0.12,188.4,192.7,4.62,425.2,425.2,425.0,424.8
0,0.73,0,4.25,2.66,19.33,0.024,3.17,2.94,0.018,0.23,0.124,188.4,192.8,4.69,425.1,425.3,425.0,425.0
0,0.73,0,4.27,2.78,19.33,0.023,3.15,2.92,0.018,0.23,0.121,188.4,192.7,4.64,425.0,425.3,425.1,425.3
0,0.72,0,4.25,2.75,19.34,0.024,3.72,3.49,0.019,0.23,0.126,188.4,192.8,4.7,425.0,425.0,425.0,425.4
0,0.7,0,4.22,2.73,19.31,0.024,3.65,3.42,0.019,0.23,0.125,188.4,192.7,4.68,424.9,425.3,425.0,425.1
0,0.71,0,4.25,2.65,19.32,0.023,2.73,2.5,0.018,0.23,0.122,188.4,192.7,4.67,424.9,425.1,425.0,425.0
0,0.73,0,4.26,2.7,19.3,0.022,2.54,2.31,0.016,0.23,0.113,188.3,192.7,4.64,424.9,425.2,425.0,425.0
0,0.73,0,4.23,2.69,19.37,0.022,3.22,2.99,0.016,0.23,0.113,188.4,192.7,4.69,425.0,425.1,425.0,425.1
0,0.73,0,4.26,2.71,19.37,0.024,3.05,2.82,0.018,0.23,0.123,188.3,192.7,4.62,425.0,425.1,424.9,425.2
0,0.73,0,4.23,2.74,19.37,0.025,3.18,2.95,0.02,0.23,0.133,188.4,192.7,4.63,424.9,425.2,424.9,424.9
0,0.73,0,4.23,2.67,19.34,0.025,3.25,3.02,0.02,0.23,0.13,188.4,192.7,4.68,424.9,425.0,424.9,425.3
0,0.73,0,4.26,2.64,19.32,0.024,3.45,3.22,0.019,0.23,0.126,188.3,192.7,4.66,424.9,425.0,424.9,425.6
0,0.74,0,4.22,2.67,19.33,0.023,3.56,3.33,0.018,0.23,0.123,188.3,192.7,4.66,424.9,425.2,425.0,424.9
0,0.7,0,4.2,2.69,19.31,0.023,3.36,3.13,0.017,0.23,0.119,188.4,192.8,4.66,425.3,425.0,425.0,425.4
0,0.71,0,4.25,2.76,19.34,0.023,2.96,2.73,0.017,0.23,0.119,188.4,192.7,4.62,425.2,425.1,425.0,425.1
0,0.73,0,4.24,2.74,19.36,0.024,2.68,2.45,0.018,0.23,0.123,188.4,192.8,4.65,425.0,425.4,425.1,425.0
0,0.73,0,4.22,2.71,19.36,0.022,3.39,3.16,0.017,0.23,0.115,188.4,192.7,4.68,424.9,424.7,425.0,425.1
0,0.74,0,4.2,2.7,19.37,0.024,3.63,3.4,0.018,0.23,0.124,188.4,192.7,4.7,424.9,425.0,424.9,425.1
0,0.72,0,4.19,2.68,19.33,0.024,3.2,2.97,0.019,0.23,0.125,188.4,192.8,4.66,424.9,424.9,425.0,425.1
0,0.72,0,4.24,2.68,19.36,0.025,2.84,2.61,0.019,0.23,0.129,188.3,192.7,4.72,424.9,425.3,425.0,424.7
0,0.71,0,4.24,2.65,19.33,0.024,3.06,2.83,0.018,0.23,0.124,188.3,192.7,4.67,424.9,425.2,425.0,425.4
0,0.72,0,4.24,2.62,19.37,0.024,3.36,3.13,0.018,0.23,0.124,188.3,192.7,4.68,425.0,425.0,425.0,425.3
0,0.71,0,4.24,2.68,19.35,0.022,3.23,3.0,0.017,0.23,0.115,188.5,192.8,4.64,425.1,425.0,425.0,425.8
0,0.73,0,4.26,2.72,19.34,0.022,2.74,2.51,0.016,0.23,0.114,188.4,192.8,4.66,425.1,425.3,425.0,425.5
0,0.71,0,4.23,2.71,19.3,0.022,2.95,2.72,0.017,0.23,0.118,188.4,192.8,4.66,425.1,425.3,425.0,424.6
0,0.73,0,4.17,2.64,19.36,0.025,3.09,2.86,0.019,0.23,0.13,188.4,192.8,4.68,424.9,425.3,425.0,425.1
0,0.72,0,4.18,2.72,19.32,0.024,3.03,2.8,0.019,0.23,0.128,188.4,192.8,4.64,424.9,425.2,425.0,424.8
0,0.71,0,4.26,2.65,19.31,0.024,2.94,2.71,0.019,0.23,0.124,188.4,192.8,4.63,424.9,424.9,425.0,425.1
0,0.71,0,4.21,2.69,19.35,0.023,2.97,2.74,0.018,0.23,0.122,188.4,192.8,4.68,425.0,425.0,425.0,425.5
0,0.73,0,4.24,2.61,19.38,0.022,2.77,2.54,0.017,0.23,0.115,188.4,192.8,4.71,425.0,425.4,425.0,424.9
0,0.72,0,4.23,2.72,19.32,0.022,2.79,2.56,0.017,0.23,0.117,188.4,192.8,4.69,425.1,425.3,425.0,424.9
0,0.71,0,4.25,2.65,19.31,0.022,3.55,3.32,0.016,0.23,0.114,188.4,192.8,4.66,425.3,425.0,424.9,424.7
0,0.72,0,4.21,2.66,19.31,0.022,3.86,3.63,0.017,0.23,0.118,188.4,192.8,4.63,425.2,425.1,425.0,425.3
0,0.74,0,4.23,2.74,19.35,0.024,3.2,2.97,0.019,0.23,0.126,188.4,192.8,4.67,425.0,425.3,425.1,425.1
0,0.73,0,4.27,2.72,19.34,0.023,3.33,3.1,0.018,0.23,0.123,188.4,192.8,4.69,424.9,425.1,425.0,425.0
0,0.73,0,4.23,2.74,19.35,0.024,2.97,2.74,0.019,0.23,0.125,188.4,192.8,4.66,424.9,424.8,425.0,425.0
0,0.74,0,4.23,2.7,19.34,0.022,2.93,2.7,0.017,0.23,0.117,188.4,192.8,4.7,424.9,425.2,425.0,425.1
0,0.73,0,4.26,2.76,19.31,0.023,3.36,3.13,0.017,0.23,0.12,188.4,192.8,4.68,424.9,425.2,425.0,424.9
0,0.73,0,4.25,2.68,19.35,0.024,3.15,2.92,0.019,0.23,0.125,188.4,192.8,4.64,425.0,425.0,425.0,425.1
0,0.74,0,4.24,2.63,19.37,0.024,2.89,2.66,0.018,0.23,0.123,188.4,192.8,4.66,425.1,425.4,425.0,425.1
0,0.72,0,4.19,2.76,19.34,0.024,3.17,2.94,0.018,0.23,0.124,188.4,192.8,4.7,425.2,425.1,425.0,425.0
0,0.73,0,4.26,2.72,19.36,0.023,3.11,2.88,0.018,0.23,0.121,188.4,192.8,4.65,425.2,425.0,425.0,424.9
0,0.74,0,4.21,2.71,19.36,0.022,2.96,2.73,0.017,0.23,0.117,188.3,192.8,4.68,425.0,425.2,425.0,425.4
0,0.73,0,4.27,2.68,19.38,0.023,3.24,3.01,0.018,0.23,0.121,188.3,192.7,4.71,424.9,425.5,424.8,425.0
0,0.72,0,4.25,2.74,19.31,0.024,3.37,3.14,0.018,0.23,0.124,188.3,192.7,4.68,424.8,425.3,424.9,425.4
0,0.72,0,4.19,2.73,19.33,0.025,3.06,2.83,0.019,0.23,0.129,188.4,192.7,4.62,424.9,425.1,425.1,425.5
0,0.72,0,4.23,2.75,19.39,0.023,2.98,2.75,0.018,0.23,0.121,188.4,192.8,4.71,424.9,425.1,425.0,424.8
0,0.73,0,4.25,2.8,19.33,0.024,2.54,2.31,0.018,0.23,0.123,188.4,192.8,4.66,425.0,425.2,425.1,425.0
0,0.74,0,4.23,2.7,19.37,0.023,3.02,2.79,0.018,0.23,0.122,188.3,192.8,4.69,425.1,425.1,425.0,425.4
0,0.74,0,4.23,2.7,19.34,0.024,2.89,2.66,0.018,0.23,0.124,188.4,192.8,4.67,424.9,425.3,425.0,424.8
0,0.72,0,4.19,2.72,19.35,0.023,2.61,2.38,0.018,0.23,0.12,188.4,192.8,4.61,424.9,425.0,425.1,425.1
0,0.71,0,4.18,2.65,19.35,0.024,3.19,2.96,0.018,0.23,0.123,188.3,192.8,4.67,424.9,425.0,425.0,425.1
0,0.71,0,4.19,2.68,19.32,0.025,3.89,3.66,0.02,0.23,0.131,188.3,192.7,4.66,425.0,425.1,424.9,425.0
0,0.74,0,4.22,2.63,19.36,0.024,3.09,2.86,0.019,0.23,0.128,188.3,192.8,4.69,425.1,425.6,425.0,425.0
0,0.74,0,4.19,2.77,19.33,0.023,2.91,2.68,0.018,0.23,0.12,188.3,192.7,4.64,425.0,424.9,425.0,425.0
0,0.72,0,4.26,2.81,19.34,0.022,2.73,2.5,0.017,0.23,0.116,188.4,192.7,4.69,424.9,425.1,425.0,425.0
0,0.7,0,4.28,2.73,19.3,0.022,3.2,2.97,0.017,0.23,0.116,188.4,192.7,4.68,424.8,425.3,425.0,425.1
0,0.71,0,4.24,2.76,19.36,0.023,3.23,3.0,0.018,0.23,0.12,188.3,192.7,4.63,424.7,425.4,424.9,424.8
0,0.73,0,4.27,2.71,19.38,0.023,3.36,3.13,0.018,0.23,0.121,188.4,192.8,4.65,424.9,425.0,425.1,425.4
0,0.73,0,4.22,2.68,19.35,0.023,3.3,3.07,0.018,0.23,0.119,188.3,192.7,4.7,425.1,425.3,425.0,425.1
0,0.74,0,4.21,2.74,19.37,0.023,2.91,2.68,0.018,0.23,0.12,188.3,192.7,4.62,425.1,425.4,425.0,425.1
0,0.74,0,4.21,2.66,19.37,0.022,2.5,2.27,0.017,0.23,0.118,188.3,192.7,4.66,425.1,425.1,425.0,425.1
0,0.74,0,4.23,2.72,19.37,0.022,3.11,2.88,0.017,0.23,0.116,188.3,192.7,4.66,425.0,425.1,425.0,425.3
0,0.72,0,4.23,2.71,19.33,0.023,2.89,2.66,0.017,0.23,0.119,188.3,192.7,4.63,424.9,425.4,425.1,425.1
0,0.72,0,4.24,2.65,19.37,0.023,3.09,2.86,0.018,0.23,0.122,188.3,192.7,4.67,424.9,425.1,425.0,425.0
0,0.72,0,4.23,2.74,19.36,0.024,2.72,2.49,0.018,0.23,0.125,188.3,192.7,4.7,424.8,425.1,425.1,424.9
0,0.72,0,4.2,2.45,19.35,0.024,3.76,3.53,0.019,0.23,0.125,188.3,192.7,4.61,424.9,425.3,424.9,425.1
0,0.75,0,4.25,2.68,19.35,0.025,3.22,2.99,0.02,0.23,0.131,188.4,192.7,4.67,425.0,425.1,424.9,425.0
0,0.74,0,4.23,2.74,19.35,0.025,2.98,2.75,0.019,0.23,0.129,188.3,192.7,4.71,425.1,424.9,424.9,425.0
0,0.73,0,4.23,2.68,19.33,0.024,2.83,2.6,0.018,0.23,0.123,188.3,192.7,4.66,425.1,425.2,424.9,425.1
0,0.75,0,4.19,2.71,19.35,0.022,2.79,2.56,0.017,0.23,0.118,188.3,192.7,4.7,425.3,425.4,424.7,425.1
0,0.74,0,4.22,2.63,19.33,0.023,3.5,3.27,0.018,0.23,0.12,188.3,192.7,4.71,425.1,424.8,425.0,425.0
0,0.73,0,4.25,2.72,19.33,0.022,2.94,2.71,0.017,0.23,0.115,188.4,192.7,4.66,425.0,425.1,425.1,424.9
0,0.72,0,4.25,2.67,19.35,0.023,3.35,3.12,0.018,0.23,0.122,188.4,192.7,4.71,424.9,425.1,425.0,425.1
0,0.73,0,4.21,2.66,19.38,0.023,3.04,2.81,0.018,0.23,0.122,188.3,192.7,4.67,424.8,425.4,425.0,425.3
0,0.71,0,4.27,2.69,19.32,0.024,3.3,3.07,0.019,0.23,0.125,188.3,192.7,4.65,424.8,425.2,425.0,425.1
0,0.72,0,4.25,2.74,19.37,0.024,2.96,2.74,0.019,0.23,0.126,188.3,192.6,4.71,424.9,425.0,425.0,425.1
0,0.72,0,4.27,2.56,19.36,0.023,2.63,2.4,0.018,0.23,0.12,188.3,192.6,4.66,425.0,425.0,425.0,425.2
0,0.73,0,4.21,2.71,19.33,0.023,3.21,2.98,0.017,0.23,0.118,188.3,192.6,4.69,425.1,425.3,424.9,425.2
0,0.73,0,4.22,2.71,19.32,0.022,2.79,2.56,0.017,0.23,0.114,188.3,192.6,4.67,425.2,424.9,425.1,425.2
0,0.75,0,4.19,2.76,19.37,0.023,3.16,2.93,0.018,0.23,0.122,188.3,192.6,4.71,425.4,425.2,425.0,425.1
0,0.72,0,4.23,2.73,19.37,0.023,2.97,2.74,0.018,0.23,0.121,188.3,192.6,4.64,425.2,425.2,424.9,425.1
0,0.72,0,4.27,2.64,19.35,0.023,2.98,2.75,0.018,0.23,0.12,188.3,192.6,4.67,425.1,425.0,425.0,425.1
0,0.74,0,4.25,2.67,19.37,0.024,3.17,2.94,0.019,0.23,0.127,188.3,192.6,4.7,424.9,425.3,425.1,425.1
0,0.74,0,4.23,2.66,19.39,0.025,3.29,3.06,0.02,0.23,0.13,188.3,192.6,4.72,424.9,425.4,425.0,424.9
0,0.74,0,4.2,2.68,19.37,0.025,3.27,3.04,0.02,0.23,0.13,188.3,192.6,4.64,424.9,424.9,425.0,425.1
0,0.72,0,4.23,2.66,19.37,0.023,2.77,2.54,0.018,0.23,0.121,188.2,192.6,4.67,424.9,425.0,425.0,425.1
0,0.73,0,4.25,2.69,19.37,0.022,2.97,2.74,0.017,0.23,0.115,188.3,192.6,4.7,425.0,425.1,425.0,425.0
0,0.74,0,4.18,2.76,19.34,0.022,2.84,2.61,0.017,0.23,0.116,188.3,192.7,4.64,425.0,424.9,425.0,425.1
0,0.74,0,4.2,2.72,19.34,0.023,3.45,3.22,0.018,0.23,0.12,188.2,192.6,4.7,425.2,425.0,424.9,425.1
0,0.72,0,4.19,2.66,19.33,0.024,3.06,2.83,0.018,0.23,0.124,188.3,192.6,4.61,425.1,425.2,425.0,424.9
0,0.74,0,4.24,2.72,19.31,0.024,3.26,3.03,0.019,0.23,0.126,188.3,192.6,4.69,425.1,425.3,425.1,425.5
0,0.71,0,4.2,2.8,19.33,0.025,3.24,3.01,0.02,0.23,0.131,188.3,192.6,4.67,425.0,425.1,425.0,425.0
0,0.75,0,4.22,2.69,19.33,0.025,2.81,2.58,0.019,0.23,0.129,188.3,192.6,4.6,424.9,425.0,425.0,425.1
0,0.71,0,4.22,2.71,19.35,0.023,2.82,2.59,0.018,0.23,0.121,188.3,192.7,4.66,424.8,425.1,425.0,425.4
0,0.71,0,4.23,2.68,19.34,0.023,3.15,2.92,0.018,0.23,0.121,188.2,192.6,4.61,424.9,425.1,425.0,425.0
0,0.72,0,4.24,2.69,19.35,0.024,3.02,2.79,0.018,0.23,0.123,188.2,192.6,4.66,425.0,424.9,424.9,425.1
0,0.7,0,4.26,2.71,19.34,0.023,3.02,2.79,0.017,0.23,0.119,188.2,192.6,4.7,425.0,425.2,425.1,425.0
0,0.75,0,4.24,2.77,19.36,0.024,3.29,3.06,0.019,0.23,0.125,188.3,192.6,4.69,425.0,425.3,425.0,425.1
0,0.75,0,4.22,2.69,19.37,0.023,3.06,2.83,0.018,0.23,0.123,188.3,192.7,4.64,424.6,425.3,424.9,425.2
0,0.73,0,4.19,2.67,19.33,0.024,3.39,3.16,0.018,0.23,0.123,188.3,192.6,4.69,424.7,425.2,425.1,425.1
0,0.74,0,4.25,2.72,19.34,0.024,2.62,2.39,0.019,0.23,0.127,188.3,192.6,4.63,424.9,425.4,425.0,424.9
0,0.73,0,4.26,2.7,19.31,0.024,3.47,3.24,0.019,0.23,0.126,188.3,192.7,4.61,424.9,425.0,424.9,425.0
0,0.72,0,4.22,2.66,19.31,0.024,2.97,2.74,0.019,0.23,0.126,188.3,192.6,4.7,425.0,425.0,424.9,425.1
0,0.72,0,4.2,2.7,19.34,0.023,3.16,2.93,0.017,0.23,0.119,188.3,192.7,4.66,425.1,425.0,424.9,424.9
0,0.73,0,4.21,2.64,19.33,0.023,3.06,2.83,0.018,0.23,0.121,188.3,192.7,4.63,425.0,425.3,424.9,425.4
0,0.72,0,4.21,2.7,19.36,0.023,2.77,2.54,0.017,0.23,0.119,188.3,192.7,4.67,424.8,425.0,425.1,425.3
0,0.74,0,4.22,2.74,19.36,0.024,3.87,3.64,0.018,0.23,0.124,188.2,192.6,4.66,424.7,424.5,425.0,425.1
0,0.73,0,4.24,2.69,19.34,0.025,3.31,3.08,0.02,0.23,0.13,188.2,192.6,4.7,425.0,425.1,424.9,425.2
0,0.74,0,4.14,2.68,19.35,0.024,3.52,3.29,0.019,0.23,0.125,188.2,192.6,4.64,425.1,424.9,425.0,425.0
0,0.74,0,4.27,2.74,19.35,0.024,3.68,3.45,0.018,0.23,0.124,188.3,192.6,4.68,425.1,425.1,424.9,425.1
0,0.74,0,4.26,2.69,19.36,0.024,2.71,2.48,0.019,0.23,0.126,188.3,192.7,4.62,425.2,425.0,425.0,425.0
0,0.72,0,4.25,2.73,19.33,0.023,3.53,3.3,0.018,0.23,0.12,188.3,192.7,4.69,425.2,425.0,425.0,425.3
0,0.74,0,4.19,2.74,19.34,0.024,3.59,3.36,0.018,0.23,0.123,188.3,192.7,4.62,425.1,425.2,425.1,425.4
0,0.74,0,4.23,2.68,19.34,0.024,2.98,2.75,0.019,0.23,0.126,188.3,192.7,4.7,425.0,425.0,425.0,425.1
0,0.74,0,4.24,2.72,19.33,0.023,2.82,2.59,0.017,0.23,0.119,188.3,192.7,4.64,425.0,425.2,424.8,424.7
0,0.71,0,4.23,2.65,19.34,0.023,3.35,3.12,0.018,0.23,0.12,188.3,192.7,4.7,424.9,425.0,424.9,424.7
0,0.72,0,4.22,2.65,19.36,0.023,3.11,2.88,0.018,0.23,0.122,188.3,192.7,4.64,424.7,424.9,424.9,424.8
0,0.73,0,4.26,2.57,19.31,0.024,3.07,2.84,0.018,0.23,0.125,188.3,192.7,4.66,425.1,425.1,425.0,425.1
0,0.75,0,4.21,2.72,19.36,0.023,3.28,3.05,0.018,0.23,0.121,188.3,192.7,4.71,425.2,424.9,424.9,424.9
0,0.72,0,4.22,2.77,19.32,0.024,3.53,3.3,0.019,0.23,0.126,188.3,192.7,4.67,425.2,425.0,425.0,425.1
0,0.74,0,4.21,2.71,19.36,0.024,3.27,3.04,0.019,0.23,0.125,188.3,192.7,4.71,425.1,425.1,425.0,425.1
0,0.72,0,4.26,2.72,19.35,0.024,3.33,3.1,0.019,0.23,0.126,188.3,192.7,4.65,425.1,425.0,425.0,425.2
0,0.74,0,4.22,2.83,19.37,0.023,3.15,2.92,0.018,0.23,0.122,188.3,192.7,4.66,425.1,425.1,425.0,425.1
0,0.73,0,4.24,2.68,19.39,0.023,2.83,2.6,0.017,0.23,0.118,188.3,192.7,4.67,425.0,425.0,425.0,425.2
0,0.71,0,4.23,2.77,19.31,0.022,3.02,2.79,0.017,0.23,0.118,188.3,192.7,4.65,425.0,425.2,425.0,425.1
0,0.71,0,4.22,2.75,19.31,0.023,3.41,3.18,0.018,0.23,0.122,188.3,192.7,4.65,424.7,425.2,424.9,425.1
0,0.71,0,4.26,2.73,19.33,0.023,3.37,3.14,0.018,0.23,0.123,188.3,192.8,4.6,424.6,425.2,425.1,425.3
0,0.71,0,4.24,2.62,19.34,0.024,2.86,2.63,0.019,0.23,0.126,188.3,192.8,4.67,424.9,425.2,425.1,425.1
0,0.73,0,4.26,2.65,19.34,0.023,2.91,2.68,0.018,0.23,0.122,188.2,192.7,4.63,425.2,424.9,425.0,425.0
0,0.7,0,4.24,2.79,19.3,0.024,3.15,2.92,0.018,0.23,0.123,188.3,192.7,4.62,425.2,425.0,425.1,425.1
0,0.72,0,4.19,2.67,19.35,0.025,3.37,3.14,0.02,0.23,0.133,188.3,192.7,4.66,425.1,424.8,425.1,425.0
0,0.7,0,4.24,2.66,19.28,0.024,2.98,2.75,0.018,0.23,0.124,188.3,192.8,4.64,425.1,424.7,425.0,425.2
0,0.72,0,4.18,2.74,19.34,0.022,2.88,2.65,0.017,0.23,0.118,188.3,192.8,4.64,425.1,425.1,425.0,425.5
0,0.72,0,4.25,2.56,19.34,0.022,3.17,2.94,0.017,0.23,0.116,188.3,192.9,4.62,424.9,425.1,424.9,424.9
0,0.74,0,4.19,2.72,19.33,0.022,3.32,3.09,0.017,0.23,0.118,188.3,192.8,4.69,424.9,425.4,425.0,424.8
0,0.72,0,4.25,2.72,19.31,0.023,3.44,3.21,0.018,0.23,0.123,188.3,192.8,4.66,425.0,425.0,425.1,425.3
0,0.71,0,4.23,2.8,19.32,0.023,3.51,3.28,0.018,0.23,0.121,188.2,192.7,4.64,425.0,425.0,425.1,425.0
0,0.73,0,4.24,2.75,19.34,0.024,3.34,3.11,0.019,0.23,0.127,188.2,192.7,4.68,425.3,424.9,425.1,425.2
0,0.73,0,4.19,2.68,19.35,0.025,3.22,2.99,0.02,0.23,0.131,188.2,192.7,4.64,425.3,425.1,424.8,425.4
0,0.74,0,4.23,2.6,19.37,0.024,3.1,2.87,0.019,0.23,0.128,188.2,192.7,4.66,425.2,425.4,425.1,425.1
0,0.71,0,4.23,2.77,19.34,0.025,3.51,3.28,0.019,0.23,0.128,188.3,192.7,4.62,425.1,424.8,424.9,424.7
0,0.71,0,4.22,2.51,19.32,0.024,2.53,2.3,0.019,0.23,0.126,188.2,192.7,4.7,425.1,425.0,425.0,425.2
0,0.72,0,4.18,2.75,19.35,0.022,3.05,2.82,0.017,0.23,0.115,188.3,192.7,4.65,425.0,425.2,425.0,425.2
0,0.72,0,4.25,2.69,19.31,0.022,2.91,2.68,0.017,0.23,0.116,188.3,192.8,4.58,424.9,425.2,425.0,425.2
0,0.73,0,4.23,2.71,19.37,0.022,3.32,3.09,0.016,0.23,0.113,188.3,192.7,4.65,424.7,425.3,425.0,425.4
0,0.74,0,4.21,2.75,19.38,0.023,3.19,2.96,0.018,0.23,0.12,188.3,192.7,4.67,424.5,425.4,425.1,425.0
0,0.73,0,4.2,2.68,19.35,0.024,3.46,3.23,0.019,0.23,0.125,188.3,192.8,4.71,424.6,425.1,425.2,425.2
0,0.7,0,4.25,2.68,19.33,0.024,2.85,2.62,0.018,0.23,0.124,188.3,192.8,4.67,424.9,425.1,425.0,424.8
0,0.73,0,4.24,2.65,19.32,0.024,3.89,3.66,0.019,0.23,0.128,188.3,192.8,4.62,425.1,425.1,425.0,424.9
0,0.73,0,4.21,2.73,19.32,0.024,3.06,2.83,0.019,0.23,0.127,188.3,192.7,4.68,425.2,424.8,425.0,425.0
0,0.72,0,4.22,2.7,19.35,0.025,3.03,2.8,0.02,0.23,0.132,188.3,192.7,4.63,425.2,425.2,425.0,425.5
0,0.71,0,4.21,2.68,19.35,0.024,2.79,2.56,0.019,0.23,0.125,188.3,192.7,4.65,425.1,424.8,424.9,425.0
0,0.72,0,4.24,2.75,19.38,0.022,3.33,3.1,0.017,0.23,0.117,188.3,192.7,4.67,425.1,425.4,424.9,425.1
0,0.71,0,4.23,2.69,19.36,0.024,2.94,2.71,0.018,0.23,0.125,188.2,192.7,4.7,425.1,425.1,425.0,425.3
0,0.73,0,4.2,2.73,19.33,0.023,3.48,3.25,0.018,0.23,0.12,188.3,192.7,4.65,425.0,425.2,425.1,425.2
0,0.71,0,4.19,2.79,19.35,0.023,3.34,3.11,0.018,0.23,0.12,188.3,192.7,4.7,425.0,425.0,425.0,425.0
0,0.73,0,4.23,2.66,19.39,0.022,3.28,3.05,0.017,0.23,0.117,188.3,192.7,4.71,424.7,425.1,424.9,425.1
0,0.72,0,4.24,2.56,19.31,0.024,2.82,2.59,0.019,0.23,0.127,188.3,192.7,4.66,424.7,424.9,424.9,425.1
0,0.73,0,4.15,2.74,19.35,0.023,3.12,2.89,0.018,0.23,0.119,188.3,192.8,4.62,424.8,425.3,425.0,425.0
0,0.71,0,4.14,2.74,19.31,0.024,2.93,2.7,0.019,0.23,0.126,188.3,192.8,4.65,425.1,425.3,425.1,425.2
0,0.73,0,4.25,2.65,19.36,0.024,2.97,2.74,0.019,0.23,0.126,188.2,192.7,4.69,425.1,425.1,425.0,425.1
0,0.71,0,4.11,2.72,19.35,0.023,2.77,2.54,0.018,0.23,0.123,188.2,192.7,4.65,425.0,424.9,424.9,425.1
0,0.72,0,4.16,2.7,19.33,0.023,3.16,2.93,0.018,0.23,0.122,188.2,192.6,4.71,424.8,425.0,425.0,425.1
0,0.73,0,4.22,2.66,19.32,0.023,3.54,3.31,0.018,0.23,0.121,188.2,192.6,4.66,424.9,424.7,424.9,425.1
0,0.71,0,4.2,2.71,19.33,0.024,3.1,2.87,0.019,0.23,0.125,188.2,192.7,4.65,424.9,425.3,425.0,425.0
0,0.7,0,4.2,2.71,19.31,0.024,2.87,2.64,0.019,0.23,0.125,188.2,192.7,4.63,425.0,425.0,424.8,424.8
0,0.72,0,4.23,2.69,19.36,0.024,3.08,2.85,0.019,0.23,0.128,188.2,192.7,4.69,425.1,425.0,424.9,425.1
0,0.72,0,4.21,2.66,19.37,0.024,2.92,2.69,0.019,0.23,0.126,188.2,192.7,4.71,425.0,425.2,424.9,425.4
0,0.71,0,4.24,2.6,19.32,0.024,3.29,3.06,0.018,0.23,0.125,188.2,192.7,4.66,425.0,424.9,425.0,425.0
0,0.72,0,4.19,2.67,19.37,0.023,2.7,2.47,0.017,0.23,0.119,188.3,192.7,4.69,425.0,425.2,424.9,425.0
0,0.72,0,4.22,2.65,19.39,0.022,2.95,2.72,0.017,0.23,0.114,188.3,192.7,4.69,424.7,425.3,425.1,425.1
0,0.72,0,4.17,2.74,19.32,0.023,2.97,2.74,0.017,0.23,0.118,188.3,192.8,4.66,424.8,425.5,425.1,425.1
0,0.72,0,4.21,2.61,19.29,0.024,3.06,2.83,0.019,0.23,0.125,188.3,192.8,4.65,424.9,425.1,425.0,425.2
0,0.73,0,4.19,2.67,19.31,0.024,3.81,3.58,0.019,0.23,0.128,188.3,192.8,4.63,425.0,424.9,425.0,425.3
0,0.73,0,4.23,2.69,19.36,0.026,3.27,3.04,0.021,0.23,0.137,188.3,192.8,4.68,425.1,424.9,425.0,425.1
0,0.73,0,4.2,2.72,19.35,0.026,3.0,2.77,0.02,0.23,0.134,188.3,192.7,4.63,425.1,425.1,425.1,425.2
0,0.71,0,4.25,2.72,19.29,0.024,2.67,2.44,0.018,0.23,0.123,188.3,192.8,4.62,425.2,425.3,425.0,425.0
0,0.73,0,4.21,2.68,19.31,0.022,2.92,2.69,0.017,0.23,0.116,188.2,192.7,4.69,425.1,424.9,425.0,425.1
0,0.71,0,4.25,2.66,19.37,0.022,2.9,2.67,0.016,0.23,0.113,188.2,192.7,4.62,425.1,425.0,425.1,425.1
0,0.71,0,4.21,2.66,19.35,0.023,3.34,3.11,0.018,0.23,0.12,188.2,192.7,4.65,425.0,425.3,425.1,425.1
0,0.73,0,4.23,2.47,19.35,0.024,3.64,3.41,0.018,0.23,0.124,188.2,192.7,4.62,425.0,425.0,425.1,425.1
0,0.73,0,4.18,2.72,19.34,0.024,3.61,3.38,0.019,0.23,0.127,188.2,192.7,4.68,425.1,425.1,425.0,425.2
0,0.72,0,4.24,2.69,19.31,0.024,2.71,2.48,0.018,0.23,0.124,188.3,192.8,4.68,425.0,425.1,425.0,424.5
0,0.74,0,4.21,2.78,19.35,0.022,3.98,3.75,0.017,0.23,0.117,188.3,192.8,4.67,425.0,424.9,425.0,425.0
0,0.71,0,4.27,2.75,19.31,0.024,3.13,2.9,0.019,0.23,0.126,188.3,192.8,4.65,425.0,425.0,425.0,425.0
0,0.74,0,4.21,2.66,19.32,0.024,3.04,2.81,0.019,0.23,0.128,188.3,192.8,4.64,425.2,424.5,425.0,425.4
0,0.74,0,4.24,2.77,19.36,0.024,3.39,3.16,0.018,0.23,0.124,188.2,192.7,4.69,425.3,425.3,425.0,425.1
0,0.73,0,4.19,2.62,19.33,0.024,4.15,3.92,0.019,0.23,0.125,188.3,192.7,4.64,425.1,424.7,425.0,425.0
0,0.74,0,4.24,2.67,19.36,0.026,3.37,3.14,0.021,0.23,0.137,188.2,192.7,4.67,425.0,424.7,425.1,425.5
0,0.72,0,4.26,2.56,19.34,0.025,2.5,2.27,0.02,0.23,0.132,188.3,192.7,4.64,424.9,425.1,425.0,424.5
0,0.72,0,4.24,2.72,19.29,0.021,2.43,2.2,0.016,0.23,0.112,188.2,192.7,4.64,424.9,424.9,425.1,425.2
0,0.71,0,4.28,2.75,19.34,0.022,2.75,2.52,0.016,0.23,0.114,188.2,192.7,4.71,424.9,424.3,425.0,425.5
0,0.73,0,4.19,2.77,19.31,0.022,2.79,2.56,0.017,0.23,0.116,188.2,192.7,4.66,425.0,425.1,425.1,424.9
0,0.73,0,4.24,2.68,19.3,0.022,2.83,2.6,0.017,0.23,0.117,188.3,192.7,4.69,425.1,425.3,425.1,424.6
0,0.71,0,4.26,2.72,19.31,0.024,3.75,3.52,0.019,0.23,0.125,188.3,192.7,4.67,425.1,425.2,425.0,425.4
0,0.73,0,4.2,2.73,19.37,0.026,3.56,3.33,0.02,0.23,0.135,188.3,192.7,4.68,425.1,424.7,425.0,425.1
0,0.72,0,4.17,2.76,19.37,0.024,3.1,2.87,0.019,0.23,0.127,188.3,192.7,4.71,424.9,424.7,425.0,425.4
0,0.71,0,4.21,2.62,19.3,0.023,3.46,3.23,0.017,0.23,0.119,188.2,192.6,4.63,424.9,425.4,425.0,425.5
0,0.7,0,4.26,2.73,19.34,0.024,3.34,3.11,0.019,0.23,0.126,188.2,192.6,4.7,425.0,425.1,425.0,425.5
0,0.72,0,4.23,2.73,19.37,0.024,4.04,3.81,0.019,0.23,0.125,188.2,192.6,4.65,425.1,424.6,424.9,425.3
1,0.69,0,4.18,2.51,20.31,0.026,3.97,3.59,0.021,0.37,0.138,187.2,192.6,4.63,424.9,425.1,425.2,424.8
1,0.69,0,4.21,2.6,20.35,0.027,4.39,3.75,0.022,0.64,0.142,187.4,192.6,4.67,424.9,425.1,425.1,424.6
1,0.7,0,4.21,2.65,20.35,0.026,4.03,3.52,0.021,0.51,0.138,187.5,192.5,4.63,425.0,425.0,425.0,425.0
1,0.69,0,4.17,2.68,20.34,0.025,3.69,2.96,0.019,0.73,0.13,187.6,192.5,4.69,425.0,424.7,425.2,424.7
1,0.71,0,4.05,2.68,20.34,0.023,3.63,2.89,0.018,0.74,0.12,187.7,192.5,4.69,425.0,425.0,425.0,425.1
1,0.69,0,4.06,2.65,20.37,0.023,3.87,3.15,0.018,0.71,0.123,187.7,192.4,4.64,424.8,425.0,424.9,425.1
0,0.72,0,4.05,2.68,20.36,0.024,3.36,3.13,0.019,0.23,0.128,187.7,192.4,4.65,425.0,425.2,425.0,425.1
0,0.7,0,4.15,2.67,19.35,0.025,3.41,3.18,0.019,0.23,0.128,187.8,192.5,4.7,425.0,425.0,424.8,425.1
0,0.71,0,4.12,2.66,19.37,0.025,3.34,3.11,0.019,0.23,0.13,187.8,192.4,4.64,425.1,425.0,425.1,425.2
0,0.71,0,3.94,2.75,19.34,0.023,3.36,3.13,0.018,0.23,0.121,187.8,192.5,4.67,425.2,425.1,425.1,424.6
0,0.69,0,3.98,2.82,19.3,0.022,3.65,3.42,0.017,0.23,0.116,187.8,192.4,4.66,425.2,425.4,425.0,424.8
0,0.72,0,3.95,2.73,19.36,0.023,3.07,2.84,0.018,0.23,0.122,187.8,192.4,4.7,425.1,425.2,425.1,425.0
0,0.7,0,4.04,2.75,19.37,0.024,3.64,3.41,0.018,0.23,0.124,187.8,192.4,4.62,425.1,425.1,425.0,425.2
0,0.71,0,3.91,2.71,19.39,0.024,3.17,2.94,0.019,0.23,0.126,187.9,192.5,4.63,425.0,425.1,424.9,425.2
0,0.73,0,4.06,2.69,19.32,0.024,3.86,3.63,0.019,0.23,0.127,187.9,192.4,4.68,425.0,424.9,425.0,424.9
0,0.72,0,4.08,2.69,19.33,0.025,3.11,2.88,0.019,0.23,0.129,187.9,192.4,4.67,424.9,425.1,425.1,425.1
0,0.7,0,4.09,2.73,19.35,0.023,2.72,2.49,0.017,0.23,0.118,187.9,192.5,4.7,424.9,425.0,425.1,425.4
0,0.72,0,4.03,2.71,19.34,0.023,2.46,2.23,0.017,0.23,0.119,187.9,192.5,4.66,425.0,425.4,425.1,425.0
0,0.71,0,4.1,2.71,19.33,0.023,3.21,2.98,0.017,0.23,0.119,187.9,192.5,4.63,425.0,425.4,425.1,425.0
0,0.71,0,3.94,2.73,19.35,0.022,3.65,3.42,0.017,0.23,0.117,187.9,192.5,4.67,425.1,425.1,425.0,425.8
0,0.7,0,4.0,2.73,19.35,0.024,3.06,2.83,0.019,0.23,0.125,188.0,192.5,4.7,425.3,425.1,425.0,425.3
0,0.73,0,4.02,2.69,19.35,0.025,3.34,3.11,0.02,0.23,0.13,188.0,192.5,4.61,424.9,425.0,424.9,425.1
0,0.7,0,4.08,2.73,19.32,0.025,2.97,2.74,0.019,0.23,0.129,188.0,192.5,4.7,424.8,425.2,425.1,425.1
0,0.73,0,4.05,2.71,19.38,0.024,3.6,3.37,0.019,0.23,0.125,188.1,192.6,4.63,424.9,425.0,425.0,425.3
0,0.72,0,4.01,2.72,19.35,0.024,3.07,2.84,0.019,0.23,0.127,188.1,192.6,4.68,425.0,425.6,425.0,425.3
0,0.72,0,3.94,2.68,19.32,0.023,3.01,2.78,0.017,0.23,0.119,188.0,192.5,4.6,425.0,425.2,425.0,425.0
0,0.72,0,3.87,2.78,19.36,0.023,3.08,2.85,0.017,0.23,0.119,187.9,192.5,4.67,425.1,424.5,425.0,425.0
0,0.73,0,3.9,2.77,19.34,0.021,3.46,3.23,0.016,0.23,0.112,188.0,192.5,4.61,425.1,425.0,425.0,424.6
0,0.7,0,3.98,2.74,19.29,0.023,3.84,3.61,0.018,0.23,0.122,188.0,192.5,4.61,425.1,425.1,425.0,425.1
0,0.72,0,3.97,2.7,19.34,0.024,3.2,2.97,0.019,0.23,0.127,188.0,192.5,4.66,425.0,424.9,425.0,425.2
0,0.69,0,4.09,2.62,19.29,0.025,3.28,3.05,0.02,0.23,0.132,188.0,192.5,4.68,425.0,425.2,424.8,425.5
0,0.72,0,3.99,2.66,19.32,0.024,3.43,3.2,0.018,0.23,0.124,188.0,192.5,4.62,424.7,425.2,425.0,424.7
0,0.73,0,3.98,2.69,19.35,0.023,2.9,2.67,0.018,0.23,0.122,188.1,192.5,4.71,424.9,424.7,425.1,425.3
0,0.74,0,3.94,2.66,19.37,0.023,2.79,2.56,0.018,0.23,0.122,188.1,192.5,4.62,425.0,425.2,424.9,425.1
0,0.74,0,4.09,2.57,19.43,0.022,3.3,3.07,0.017,0.23,0.117,188.0,192.5,4.7,425.1,425.2,425.0,424.5
0,0.74,0,4.18,2.67,19.39,0.024,3.32,3.09,0.019,0.23,0.126,188.1,192.5,4.69,425.4,425.1,425.0,425.1
0,0.73,0,4.16,2.75,19.35,0.025,3.51,3.28,0.019,0.23,0.129,188.1,192.5,4.64,425.3,425.3,425.0,425.1
0,0.73,0,4.11,2.66,19.33,0.025,3.09,2.86,0.02,0.23,0.133,188.1,192.5,4.64,424.9,425.1,425.0,425.1
0,0.74,0,4.23,2.74,19.35,0.024,3.57,3.34,0.018,0.23,0.123,188.1,192.5,4.69,424.9,425.1,425.0,425.0
0,0.72,0,4.2,2.69,19.33,0.022,2.53,2.3,0.017,0.23,0.118,188.1,192.5,4.65,424.9,424.6,425.0,425.4
0,0.72,0,4.18,2.72,19.35,0.023,3.44,3.21,0.017,0.23,0.119,188.1,192.5,4.63,425.1,425.1,425.0,425.1
0,0.7,0,4.15,2.69,19.37,0.023,2.96,2.73,0.017,0.23,0.119,188.1,192.5,4.66,425.0,424.9,424.9,425.7
0,0.72,0,4.2,2.7,19.32,0.023,3.34,3.11,0.018,0.23,0.121,188.1,192.5,4.61,425.1,425.0,425.1,424.9
0,0.7,0,4.24,2.66,19.32,0.024,2.96,2.73,0.018,0.23,0.124,188.1,192.5,4.71,425.0,424.8,425.0,425.1
0,0.7,0,4.28,2.73,19.35,0.024,3.23,3.0,0.019,0.23,0.124,188.1,192.5,4.65,424.8,425.5,424.9,424.5
0,0.7,0,4.25,2.66,19.31,0.025,2.75,2.52,0.019,0.23,0.129,188.1,192.5,4.66,424.8,425.1,424.9,425.4
0,0.72,0,4.22,2.75,19.37,0.023,3.0,2.77,0.018,0.23,0.121,188.1,192.5,4.62,424.9,425.3,425.0,425.1
0,0.72,0,4.26,2.71,19.37,0.023,2.71,2.48,0.017,0.23,0.118,188.1,192.5,4.65,425.0,424.7,425.1,425.1
0,0.72,0,4.16,2.72,19.37,0.024,3.27,3.04,0.018,0.23,0.123,188.1,192.5,4.7,425.0,425.0,425.0,425.1
0,0.7,0,4.26,2.67,19.33,0.024,3.59,3.36,0.018,0.23,0.124,188.2,192.5,4.64,425.2,425.3,425.0,425.1
0,0.72,0,4.25,2.72,19.37,0.024,2.92,2.69,0.018,0.23,0.123,188.0,192.5,4.66,425.2,424.6,425.1,425.1
0,0.72,0,4.22,2.63,19.38,0.024,3.0,2.77,0.019,0.23,0.126,188.1,192.5,4.67,425.2,425.0,425.0,425.0
0,0.72,0,4.22,2.69,19.36,0.024,3.08,2.85,0.018,0.23,0.124,188.1,192.4,4.72,425.1,424.3,425.0,425.2
0,0.71,0,4.26,2.8,19.34,0.024,2.73,2.5,0.018,0.23,0.124,188.1,192.5,4.64,425.0,425.2,425.0,425.1
0,0.7,0,4.23,2.74,19.31,0.022,3.26,3.03,0.017,0.23,0.116,188.1,192.5,4.61,424.9,424.7,425.0,424.9
0,0.7,0,4.19,2.74,19.31,0.023,3.21,2.98,0.018,0.23,0.121,188.0,192.4,4.68,424.8,425.1,425.1,425.5
0,0.72,0,4.16,2.71,19.35,0.024,3.06,2.84,0.018,0.23,0.124,188.1,192.4,4.66,424.9,425.2,425.0,425.3
0,0.72,0,4.22,2.64,19.35,0.024,2.94,2.71,0.019,0.23,0.126,188.1,192.4,4.68,424.9,425.2,424.7,425.1
0,0.72,0,4.2,2.67,19.34,0.024,3.19,2.96,0.019,0.23,0.127,188.1,192.4,4.61,424.9,424.9,424.9,425.3
0,0.72,0,4.19,2.69,19.36,0.025,3.19,2.96,0.019,0.23,0.128,188.1,192.4,4.67,425.0,425.0,425.0,425.1
0,0.7,0,4.22,2.68,19.35,0.023,3.41,3.18,0.018,0.23,0.122,188.1,192.5,4.62,425.1,425.1,425.0,425.3
0,0.73,0,4.21,2.69,19.38,0.022,2.93,2.7,0.016,0.23,0.113,188.1,192.5,4.68,424.9,425.0,425.0,425.0
0,0.74,0,4.21,2.7,19.39,0.023,3.67,3.44,0.018,0.23,0.121,188.1,192.5,4.67,424.9,425.2,425.0,425.3
0,0.71,0,4.15,2.66,19.33,0.024,3.56,3.33,0.019,0.23,0.126,188.1,192.5,4.62,424.9,425.1,424.9,425.5
0,0.73,0,4.11,2.48,19.32,0.024,2.93,2.7,0.019,0.23,0.128,188.1,192.5,4.69,425.0,425.0,425.0,425.6
0,0.74,0,3.96,2.71,19.35,0.024,3.34,3.11,0.019,0.23,0.126,188.1,192.5,4.64,425.0,424.6,425.0,425.0
0,0.72,0,4.04,2.66,19.34,0.023,3.21,2.98,0.018,0.23,0.121,188.1,192.5,4.7,425.0,425.1,424.9,424.4
0,0.72,0,4.1,2.75,19.35,0.024,3.08,2.85,0.019,0.23,0.125,188.1,192.5,4.65,425.1,424.8,424.9,425.2
0,0.7,0,4.2,2.65,19.35,0.024,3.42,3.19,0.018,0.23,0.124,188.1,192.5,4.69,425.0,424.9,424.9,425.1
0,0.72,0,4.2,2.75,19.35,0.022,3.0,2.77,0.017,0.23,0.114,188.1,192.5,4.67,424.9,425.2,425.0,425.0
0,0.74,0,4.17,2.66,19.36,0.024,3.09,2.86,0.018,0.23,0.123,188.1,192.5,4.7,424.7,425.2,425.0,425.2
0,0.73,0,4.17,2.7,19.36,0.023,3.7,3.47,0.018,0.23,0.122,188.1,192.5,4.64,424.9,425.0,425.0,425.7
0,0.75,0,4.2,2.62,19.37,0.025,3.2,2.97,0.02,0.23,0.131,188.1,192.5,4.65,424.9,425.1,425.0,425.2
0,0.72,0,4.19,2.58,19.35,0.024,3.71,3.48,0.019,0.23,0.126,188.1,192.6,4.69,425.0,424.6,424.9,425.2
0,0.74,0,4.21,2.62,19.37,0.024,3.54,3.31,0.019,0.23,0.126,188.1,192.6,4.66,425.1,425.1,424.9,425.2
0,0.74,0,4.23,2.49,19.37,0.022,2.6,2.37,0.017,0.23,0.116,188.1,192.6,4.69,425.1,424.8,425.0,425.2
0,0.74,0,4.18,2.7,19.35,0.023,2.78,2.55,0.017,0.23,0.119,188.1,192.5,4.64,425.0,425.1,425.0,425.2
0,0.76,0,4.19,2.69,19.35,0.023,3.72,3.49,0.018,0.23,0.12,188.1,192.5,4.67,424.9,424.7,425.0,425.1
0,0.74,0,4.17,2.74,19.37,0.024,3.75,3.52,0.019,0.23,0.125,188.1,192.5,4.71,424.7,425.2,425.0,425.2
0,0.74,0,4.28,2.72,19.38,0.024,3.81,3.58,0.019,0.23,0.127,188.1,192.5,4.63,424.8,425.2,425.0,425.1
0,0.73,0,4.24,2.72,19.37,0.025,3.74,3.51,0.019,0.23,0.128,188.1,192.5,4.63,424.9,425.1,425.0,425.0
0,0.74,0,4.21,2.7,19.37,0.024,3.12,2.89,0.019,0.23,0.125,188.1,192.5,4.69,425.1,425.0,425.0,425.0
0,0.73,0,4.23,2.68,19.34,0.024,2.86,2.63,0.018,0.23,0.123,188.1,192.5,4.69,425.1,425.2,425.0,425.4
0,0.71,0,4.21,2.68,19.35,0.023,2.99,2.76,0.018,0.23,0.122,188.1,192.5,4.66,425.0,424.6,425.1,425.1
0,0.71,0,4.2,2.71,19.31,0.024,3.23,3.0,0.019,0.23,0.125,188.1,192.5,4.64,424.9,425.1,425.0,425.2
0,0.7,0,4.23,2.71,19.32,0.024,3.67,3.44,0.018,0.23,0.123,188.1,192.5,4.63,425.1,425.0,425.0,425.0
0,0.73,0,4.24,2.6,19.3,0.023,3.14,2.91,0.018,0.23,0.12,188.1,192.5,4.7,425.3,425.1,424.9,425.1
0,0.7,0,4.26,2.69,19.3,0.023,3.19,2.96,0.018,0.23,0.122,188.1,192.5,4.69,425.4,425.1,425.0,425.4
0,0.72,0,4.25,2.71,19.37,0.023,3.18,2.95,0.018,0.23,0.122,188.1,192.5,4.62,425.3,425.0,424.9,425.1
0,0.7,0,4.23,2.75,19.37,0.024,3.5,3.27,0.019,0.23,0.127,188.1,192.5,4.65,425.1,425.3,425.0,425.0
0,0.71,0,4.18,2.65,19.33,0.025,3.09,2.86,0.019,0.23,0.129,188.1,192.5,4.68,425.0,425.2,425.0,425.4
0,0.73,0,4.19,2.77,19.36,0.023,3.23,3.0,0.018,0.23,0.12,188.1,192.5,4.62,424.9,424.8,424.9,425.1
0,0.72,0,4.25,2.7,19.34,0.024,3.02,2.79,0.018,0.23,0.123,188.1,192.5,4.69,424.9,425.1,424.9,425.1
0,0.72,0,4.23,2.67,19.35,0.024,2.89,2.66,0.019,0.23,0.126,188.2,192.5,4.62,424.9,424.7,425.1,425.1
0,0.72,0,4.23,2.73,19.31,0.024,2.98,2.75,0.018,0.23,0.123,188.1,192.5,4.7,425.0,425.1,425.0,425.1
0,0.73,0,4.21,2.68,19.35,0.023,3.03,2.8,0.018,0.23,0.121,188.2,192.5,4.64,425.1,425.0,425.0,425.4
0,0.72,0,4.21,2.66,19.35,0.023,2.97,2.74,0.018,0.23,0.122,188.1,192.5,4.69,425.2,425.2,425.1,425.0
0,0.73,0,4.28,2.62,19.34,0.023,2.75,2.52,0.018,0.23,0.123,188.1,192.6,4.63,425.1,425.2,425.1,424.9
0,0.7,0,4.19,2.66,19.32,0.023,2.98,2.75,0.017,0.23,0.118,188.1,192.6,4.7,425.1,425.3,425.0,424.9
0,0.73,0,4.23,2.71,19.35,0.023,3.23,3.0,0.018,0.23,0.12,188.2,192.5,4.65,425.0,424.6,425.0,425.0
0,0.74,0,4.22,2.68,19.39,0.023,3.64,3.41,0.018,0.23,0.121,188.2,192.6,4.64,424.9,425.2,425.1,425.1
0,0.74,0,4.18,2.71,19.36,0.025,3.43,3.2,0.02,0.23,0.13,188.1,192.5,4.68,424.8,425.0,424.9,425.2
0,0.74,0,4.2,2.66,19.37,0.025,3.45,3.22,0.02,0.23,0.131,188.2,192.5,4.7,424.9,425.2,424.8,424.9
0,0.75,0,4.21,2.59,19.39,0.025,3.03,2.8,0.019,0.23,0.129,188.2,192.5,4.7,425.0,425.3,425.0,425.0
0,0.74,0,4.17,2.59,19.35,0.024,2.96,2.73,0.018,0.23,0.123,188.2,192.5,4.64,425.0,425.0,425.0,425.0
0,0.75,0,4.19,2.69,19.36,0.023,3.11,2.88,0.018,0.23,0.12,188.2,192.5,4.7,425.0,424.9,425.0,424.9
0,0.72,0,4.17,2.66,19.34,0.024,2.89,2.66,0.019,0.23,0.125,188.2,192.5,4.62,425.1,425.0,425.0,425.3
0,0.72,0,4.25,2.68,19.37,0.022,3.05,2.82,0.017,0.23,0.117,188.1,192.6,4.69,425.0,425.0,425.0,424.7
0,0.75,0,4.19,2.72,19.39,0.023,3.11,2.88,0.018,0.23,0.123,188.2,192.6,4.68,424.9,424.7,424.9,425.1
0,0.74,0,4.23,2.66,19.33,0.024,2.81,2.58,0.019,0.23,0.127,188.2,192.6,4.64,424.8,425.2,425.0,425.1
0,0.73,0,4.22,2.81,19.37,0.024,2.78,2.55,0.019,0.23,0.126,188.2,192.6,4.67,424.9,424.9,425.0,425.0
0,0.73,0,4.23,2.69,19.37,0.023,3.06,2.83,0.018,0.23,0.122,188.2,192.6,4.68,425.0,425.1,425.1,425.0
0,0.73,0,4.18,2.71,19.37,0.024,3.04,2.81,0.018,0.23,0.123,188.2,192.6,4.72,425.1,424.9,425.0,425.4
0,0.72,0,4.14,2.72,19.32,0.023,2.95,2.72,0.018,0.23,0.123,188.2,192.6,4.66,425.3,425.1,425.1,424.8
0,0.72,0,4.07,2.7,19.34,0.024,3.18,2.95,0.018,0.23,0.123,188.2,192.6,4.64,425.3,424.7,425.0,425.3
0,0.75,0,4.1,2.71,19.37,0.024,2.55,2.32,0.018,0.23,0.124,188.2,192.6,4.69,424.9,425.0,425.0,425.0
0,0.75,0,4.07,2.71,19.35,0.023,2.96,2.73,0.018,0.23,0.12,188.2,192.6,4.62,424.9,425.0,424.8,424.9
0,0.75,0,4.14,2.71,19.4,0.023,3.13,2.9,0.017,0.23,0.119,188.2,192.6,4.62,424.9,424.8,425.0,425.0
0,0.76,0,3.95,2.63,19.35,0.022,3.22,2.99,0.017,0.23,0.116,188.2,192.5,4.66,424.9,425.0,424.9,425.1
0,0.75,0,3.94,2.79,19.39,0.024,2.9,2.67,0.019,0.23,0.126,188.2,192.5,4.69,425.0,425.0,425.0,425.0
0,0.72,0,3.95,2.78,19.34,0.023,3.49,3.26,0.018,0.23,0.12,188.2,192.5,4.63,425.0,425.1,424.9,425.0
0,0.75,0,3.98,2.68,19.4,0.024,3.1,2.87,0.019,0.23,0.127,188.2,192.5,4.65,424.8,425.0,425.1,425.1
0,0.74,0,4.09,2.71,19.35,0.025,3.4,3.17,0.019,0.23,0.129,188.2,192.5,4.67,424.8,424.9,424.9,425.1
0,0.74,0,4.09,2.63,19.37,0.024,2.79,2.56,0.019,0.23,0.126,188.2,192.5,4.67,424.9,425.3,425.1,425.7
0,0.74,0,3.94,2.68,19.35,0.022,3.06,2.83,0.017,0.23,0.117,188.2,192.5,4.62,425.1,425.2,424.9,425.0
0,0.74,0,3.99,2.65,19.35,0.024,2.85,2.62,0.019,0.23,0.125,188.2,192.5,4.67,425.2,424.6,424.9,425.5
0,0.72,0,4.05,2.7,19.35,0.024,3.9,3.67,0.019,0.23,0.124,188.1,192.5,4.71,425.1,424.9,425.0,425.1
0,0.74,0,4.03,2.66,19.38,0.025,3.5,3.27,0.02,0.23,0.133,188.0,192.4,4.62,425.0,425.1,425.0,425.7
0,0.72,0,4.12,2.69,19.34,0.024,3.47,3.24,0.019,0.23,0.126,188.1,192.4,4.69,424.9,425.2,425.1,425.0
0,0.75,0,4.05,2.69,19.36,0.025,3.61,3.38,0.019,0.23,0.129,188.1,192.4,4.62,424.8,425.1,425.0,425.1
0,0.73,0,3.97,2.69,19.35,0.023,3.56,3.33,0.018,0.23,0.123,188.1,192.4,4.66,424.8,425.0,424.9,425.0
0,0.75,0,3.95,2.77,19.35,0.023,2.53,2.3,0.018,0.23,0.12,188.1,192.4,4.7,424.8,425.0,425.0,424.9
0,0.72,0,3.94,2.7,19.33,0.022,3.07,2.84,0.017,0.23,0.115,188.1,192.4,4.66,424.9,425.1,425.1,425.3
0,0.73,0,3.99,2.72,19.31,0.022,3.28,3.05,0.016,0.23,0.114,188.1,192.4,4.62,424.9,425.2,425.0,425.5
0,0.74,0,3.96,2.75,19.33,0.022,3.47,3.24,0.017,0.23,0.115,188.1,192.4,4.7,425.0,425.1,425.0,425.3
0,0.71,0,4.03,2.57,19.33,0.024,3.92,3.69,0.018,0.23,0.124,188.1,192.4,4.67,425.1,425.4,425.0,425.5
0,0.73,0,4.06,2.77,19.34,0.025,3.31,3.08,0.019,0.23,0.129,188.1,192.4,4.61,425.1,425.0,425.0,425.1
0,0.73,0,4.11,2.64,19.35,0.024,3.76,3.53,0.019,0.23,0.125,188.1,192.4,4.68,425.1,425.1,425.0,425.0
0,0.74,0,4.06,2.76,19.32,0.024,2.93,2.7,0.019,0.23,0.128,188.1,192.4,4.62,425.0,425.0,424.9,424.8
0,0.71,0,4.02,2.68,19.32,0.024,3.15,2.92,0.019,0.23,0.125,188.1,192.4,4.69,425.0,425.2,425.0,424.9
0,0.73,0,3.92,2.75,19.37,0.024,3.56,3.33,0.018,0.23,0.124,188.1,192.4,4.64,424.7,425.1,424.9,425.4
0,0.73,0,4.01,2.76,19.32,0.023,3.16,2.93,0.018,0.23,0.121,188.1,192.4,4.6,424.7,425.2,425.0,425.1
0,0.74,0,3.95,2.73,19.32,0.023,2.75,2.52,0.018,0.23,0.121,188.1,192.4,4.69,424.8,425.3,425.0,425.4
0,0.72,0,3.99,2.74,19.32,0.022,2.86,2.63,0.017,0.23,0.115,188.1,192.4,4.66,424.9,425.3,425.0,425.6
0,0.73,0,4.08,2.67,19.35,0.022,2.83,2.6,0.017,0.23,0.116,188.1,192.5,4.63,425.1,425.1,425.0,425.5
0,0.75,0,3.98,2.78,19.37,0.023,3.51,3.28,0.017,0.23,0.118,188.1,192.5,4.63,424.9,424.9,425.0,424.7
0,0.71,0,4.03,2.71,19.34,0.024,3.7,3.47,0.019,0.23,0.127,188.1,192.5,4.69,424.7,424.7,425.0,425.3
0,0.72,0,3.9,2.78,19.32,0.025,3.51,3.28,0.019,0.23,0.129,188.1,192.5,4.67,424.7,424.8,425.0,425.5
0,0.72,0,4.04,2.77,19.35,0.024,3.03,2.8,0.019,0.23,0.125,188.1,192.5,4.7,424.9,425.1,425.2,425.1
0,0.71,0,3.97,2.68,19.33,0.024,2.85,2.62,0.018,0.23,0.125,188.1,192.5,4.66,425.0,425.4,425.1,425.1
0,0.72,0,3.9,2.71,19.35,0.023,3.14,2.91,0.018,0.23,0.122,188.1,192.5,4.71,425.2,424.9,424.9,424.7
0,0.72,0,4.02,2.72,19.35,0.023,3.01,2.78,0.018,0.23,0.12,188.2,192.5,4.65,425.3,425.0,424.9,424.7
0,0.73,0,4.1,2.69,19.35,0.023,2.83,2.6,0.018,0.23,0.123,188.2,192.5,4.7,425.3,425.2,425.0,425.4
0,0.72,0,3.97,2.72,19.31,0.024,3.16,2.93,0.018,0.23,0.123,188.2,192.5,4.66,425.2,425.3,425.0,425.0
0,0.72,0,4.03,2.69,19.31,0.023,2.91,2.68,0.018,0.23,0.123,188.2,192.5,4.64,425.0,424.3,425.1,425.7
0,0.74,0,3.94,2.71,19.32,0.023,2.83,2.6,0.018,0.23,0.119,188.2,192.5,4.6,425.1,425.1,425.0,425.0
0,0.73,0,3.91,2.73,19.32,0.023,3.19,2.96,0.017,0.23,0.119,188.2,192.5,4.68,425.0,425.2,424.9,425.3
0,0.74,0,3.92,2.55,19.35,0.023,2.85,2.62,0.018,0.23,0.122,188.2,192.5,4.65,425.0,424.6,425.1,425.3
0,0.73,0,4.04,2.71,19.37,0.023,3.16,2.93,0.018,0.23,0.123,188.2,192.5,4.69,425.0,425.0,425.0,425.0
0,0.73,0,4.12,2.72,19.35,0.024,3.0,2.77,0.019,0.23,0.127,188.2,192.5,4.64,425.0,425.3,425.1,424.9
0,0.74,0,3.96,2.67,19.35,0.024,3.49,3.26,0.019,0.23,0.125,188.2,192.5,4.65,425.2,424.9,425.0,425.4
0,0.72,0,3.96,2.73,19.38,0.024,3.04,2.81,0.019,0.23,0.125,188.2,192.5,4.69,425.3,425.0,425.0,425.3
0,0.72,0,3.96,2.66,19.38,0.024,2.94,2.71,0.019,0.23,0.126,188.2,192.5,4.71,425.1,425.5,425.0,425.1
0,0.75,0,3.94,2.76,19.37,0.023,3.04,2.81,0.017,0.23,0.118,188.2,192.5,4.62,425.0,425.3,425.0,424.9
0,0.74,0,3.95,2.76,19.33,0.023,2.96,2.73,0.018,0.23,0.121,188.2,192.5,4.68,424.9,424.9,424.9,424.7
0,0.76,0,3.86,2.74,19.35,0.023,3.31,3.08,0.017,0.23,0.119,188.2,192.5,4.64,424.7,424.9,425.0,424.7
0,0.72,0,4.03,2.77,19.31,0.024,3.58,3.35,0.019,0.23,0.126,188.2,192.5,4.71,424.7,425.1,425.0,424.6
0,0.74,0,4.09,2.67,19.32,0.023,2.9,2.67,0.018,0.23,0.122,188.2,192.5,4.66,424.8,425.3,425.0,425.1
0,0.74,0,4.12,2.7,19.36,0.023,3.2,2.97,0.018,0.23,0.12,188.1,192.5,4.7,424.9,424.9,425.1,425.2
0,0.74,0,4.08,2.71,19.37,0.023,3.18,2.95,0.018,0.23,0.121,188.1,192.5,4.61,424.9,425.1,425.1,425.5
0,0.73,0,3.88,2.83,19.33,0.024,3.04,2.81,0.019,0.23,0.125,188.2,192.5,4.7,425.2,425.0,425.1,424.8
0,0.72,0,3.9,2.82,19.31,0.024,2.8,2.57,0.019,0.23,0.125,188.1,192.4,4.68,425.2,425.1,425.0,424.8
0,0.71,0,3.91,2.74,19.33,0.023,2.46,2.23,0.018,0.23,0.121,188.1,192.4,4.67,425.1,425.1,425.1,425.2
0,0.73,0,3.97,2.7,19.37,0.023,3.51,3.28,0.017,0.23,0.119,188.1,192.4,4.68,425.0,424.7,425.0,425.5
0,0.75,0,4.05,2.68,19.35,0.023,2.96,2.72,0.018,0.23,0.121,188.1,192.4,4.71,425.0,425.1,425.0,425.2
0,0.72,0,4.08,2.71,19.3,0.023,3.08,2.85,0.018,0.23,0.12,188.1,192.5,4.69,424.9,424.7,425.0,424.5
0,0.73,0,4.11,2.46,19.3,0.024,3.38,3.15,0.018,0.23,0.125,188.1,192.4,4.68,424.8,425.0,425.0,425.0
0,0.72,0,4.05,2.69,19.32,0.023,3.04,2.81,0.018,0.23,0.12,188.1,192.4,4.68,424.7,425.2,425.1,425.3
0,0.73,0,4.04,2.72,19.33,0.022,2.99,2.76,0.017,0.23,0.117,188.1,192.5,4.64,424.9,425.2,425.0,424.8
0,0.72,0,3.97,2.78,19.32,0.023,3.1,2.87,0.018,0.23,0.122,188.1,192.5,4.61,425.0,425.0,425.0,424.7
0,0.73,0,3.98,2.72,19.33,0.024,2.99,2.76,0.018,0.23,0.124,188.1,192.5,4.68,425.1,425.1,425.0,424.7
0,0.73,0,3.95,2.69,19.32,0.023,3.04,2.81,0.018,0.23,0.122,188.1,192.5,4.65,425.1,425.0,425.0,425.1
0,0.73,0,3.95,2.72,19.33,0.025,3.06,2.83,0.019,0.23,0.13,188.2,192.5,4.71,425.1,425.1,424.9,425.4
0,0.72,0,4.02,2.79,19.33,0.023,2.81,2.58,0.017,0.23,0.119,188.1,192.4,4.64,425.0,425.3,425.0,425.0
0,0.72,0,4.14,2.72,19.33,0.022,2.42,2.19,0.017,0.23,0.118,188.1,192.4,4.61,424.9,424.5,425.1,424.9
0,0.75,0,4.03,2.73,19.35,0.023,2.98,2.75,0.017,0.23,0.119,188.1,192.4,4.67,424.9,425.0,425.0,424.7
0,0.71,0,4.05,2.66,19.34,0.023,3.43,3.2,0.017,0.23,0.118,188.1,192.5,4.72,424.8,425.2,425.0,424.9
0,0.74,0,4.08,2.71,19.36,0.022,3.38,3.15,0.017,0.23,0.117,188.2,192.4,4.65,424.9,424.4,425.0,424.9
0,0.72,0,3.89,2.72,19.32,0.024,3.68,3.45,0.018,0.23,0.125,188.1,192.5,4.68,425.1,425.0,425.1,425.3
0,0.72,0,3.9,2.7,19.35,0.024,3.53,3.3,0.019,0.23,0.128,188.2,192.4,4.63,425.1,424.8,425.1,425.3
0,0.73,0,4.08,2.72,19.35,0.025,3.4,3.17,0.019,0.23,0.129,188.2,192.5,4.69,425.1,424.2,425.0,425.4
0,0.73,0,4.07,2.74,19.35,0.024,3.07,2.84,0.019,0.23,0.125,188.2,192.4,4.63,425.1,425.3,425.1,425.3
0,0.74,0,4.02,2.77,19.31,0.022,2.9,2.67,0.017,0.23,0.115,188.1,192.5,4.63,424.9,424.9,425.1,425.6
0,0.73,0,3.96,2.77,19.33,0.024,3.68,3.44,0.019,0.23,0.125,188.2,192.5,4.68,424.9,425.2,424.9,424.8
0,0.73,0,4.09,2.73,19.37,0.025,3.22,2.99,0.02,0.23,0.132,188.1,192.5,4.63,425.0,425.0,425.1,425.0
0,0.72,0,4.21,2.66,19.35,0.025,3.19,2.96,0.019,0.23,0.13,188.1,192.5,4.66,425.2,425.1,425.1,425.3
0,0.71,0,4.17,2.5,19.31,0.024,3.01,2.78,0.019,0.23,0.128,188.1,192.5,4.64,425.3,424.9,425.0,425.4
0,0.73,0,4.18,2.71,19.32,0.023,2.9,2.67,0.018,0.23,0.121,188.2,192.5,4.66,425.1,424.6,424.9,425.4
0,0.73,0,4.18,2.6,19.3,0.023,3.43,3.2,0.018,0.23,0.12,188.1,192.5,4.64,425.0,424.5,425.0,425.4
0,0.72,0,4.2,2.68,19.34,0.023,3.35,3.12,0.017,0.23,0.118,188.2,192.5,4.71,424.9,425.1,425.0,425.2
0,0.74,0,4.23,2.62,19.33,0.023,3.31,3.08,0.018,0.23,0.123,188.2,192.5,4.67,425.0,425.3,425.0,425.3
0,0.72,0,4.16,2.67,19.3,0.024,3.06,2.83,0.019,0.23,0.125,188.2,192.5,4.68,425.1,425.2,425.1,425.4
0,0.71,0,4.24,2.85,19.35,0.023,3.06,2.83,0.018,0.23,0.119,188.2,192.5,4.72,425.0,424.9,425.1,425.6
0,0.73,0,4.17,2.7,19.38,0.023,3.35,3.12,0.018,0.23,0.122,188.2,192.5,4.64,424.9,425.1,425.0,425.5
0,0.72,0,4.21,2.71,19.33,0.023,2.75,2.52,0.018,0.23,0.123,188.2,192.5,4.71,424.7,425.1,424.9,425.2
0,0.72,0,4.16,2.68,19.31,0.023,2.56,2.33,0.018,0.23,0.12,188.2,192.5,4.67,425.0,425.2,425.0,424.9
0,0.72,0,4.19,2.69,19.34,0.023,2.71,2.48,0.017,0.23,0.118,188.2,192.5,4.64,425.1,424.9,424.7,425.3
0,0.73,0,4.16,2.75,19.29,0.022,2.76,2.53,0.017,0.23,0.116,188.2,192.5,4.62,425.1,424.9,424.9,425.3
0,0.73,0,4.23,2.71,19.31,0.023,3.2,2.97,0.018,0.23,0.119,188.2,192.5,4.61,425.2,425.1,425.0,425.3
0,0.75,0,4.2,2.69,19.33,0.024,2.91,2.68,0.019,0.23,0.125,188.2,192.5,4.68,425.0,425.2,424.9,425.5
0,0.72,0,4.2,2.67,19.32,0.024,2.82,2.59,0.018,0.23,0.125,188.2,192.5,4.64,424.9,425.2,425.1,425.4
0,0.74,0,4.22,2.75,19.32,0.023,3.41,3.18,0.017,0.23,0.118,188.1,192.4,4.7,425.1,424.9,425.1,425.3
0,0.75,0,4.2,2.64,19.35,0.023,3.86,3.63,0.018,0.23,0.12,188.1,192.4,4.64,425.2,424.5,424.9,425.4
0,0.75,0,4.18,2.62,19.38,0.024,3.6,3.37,0.019,0.23,0.126,188.1,192.5,4.66,425.1,425.5,425.0,424.6
0,0.72,0,4.19,2.64,19.32,0.024,3.14,2.91,0.019,0.23,0.126,188.1,192.5,4.64,425.0,425.4,425.0,425.4
0,0.73,0,4.21,2.62,19.34,0.023,2.75,2.52,0.018,0.23,0.12,188.1,192.5,4.63,424.6,425.4,425.0,425.0
0,0.72,0,4.22,2.69,19.32,0.022,2.95,2.72,0.017,0.23,0.117,188.1,192.5,4.64,424.6,425.3,425.1,424.8
0,0.74,0,4.24,2.66,19.32,0.024,2.99,2.76,0.019,0.23,0.126,188.1,192.4,4.71,424.7,425.2,425.1,425.6
0,0.73,0,4.25,2.68,19.26,0.023,2.62,2.39,0.018,0.23,0.122,188.1,192.4,4.6,424.9,425.4,425.0,425.5
0,0.72,0,4.22,2.7,19.31,0.024,2.84,2.61,0.018,0.23,0.123,188.1,192.5,4.6,425.1,425.3,425.0,424.8
0,0.74,0,4.24,2.72,19.35,0.023,3.49,3.26,0.018,0.23,0.122,188.1,192.5,4.66,425.2,425.0,425.0,425.0
0,0.72,0,4.22,2.65,19.33,0.024,2.93,2.7,0.018,0.23,0.124,188.1,192.5,4.62,425.3,425.0,425.0,424.6
0,0.72,0,4.25,2.75,19.34,0.023,3.03,2.8,0.017,0.23,0.119,188.1,192.5,4.69,425.2,425.1,424.9,424.8
0,0.74,0,4.2,2.72,19.39,0.024,3.3,3.07,0.019,0.23,0.126,188.1,192.5,4.66,425.0,425.0,424.9,425.4
0,0.74,0,4.22,2.72,19.34,0.023,2.95,2.72,0.018,0.23,0.12,188.1,192.5,4.62,424.9,425.3,424.9,424.7
0,0.76,0,4.26,2.67,19.36,0.024,3.06,2.83,0.018,0.23,0.124,188.1,192.5,4.65,424.7,425.5,425.0,425.2
0,0.75,0,4.17,2.57,19.36,0.023,2.77,2.54,0.018,0.23,0.121,188.1,192.5,4.71,424.7,425.2,425.0,424.8
0,0.74,0,4.19,2.69,19.39,0.024,3.62,3.39,0.019,0.23,0.124,188.1,192.4,4.71,424.9,424.4,425.0,425.0
0,0.73,0,4.2,2.71,19.34,0.024,3.58,3.35,0.019,0.23,0.126,188.1,192.4,4.66,425.0,425.1,425.0,425.5
0,0.75,0,4.2,2.66,19.36,0.024,3.71,3.48,0.018,0.23,0.123,188.1,192.4,4.71,425.1,425.3,424.9,425.3
0,0.73,0,4.24,2.68,19.35,0.023,3.23,3.0,0.017,0.23,0.119,188.1,192.5,4.63,425.2,425.1,425.0,425.5
0,0.72,0,4.21,2.68,19.33,0.022,3.16,2.93,0.017,0.23,0.116,188.1,192.5,4.68,425.1,425.1,424.9,425.3
0,0.72,0,4.19,2.71,19.32,0.022,3.59,3.36,0.016,0.23,0.114,188.1,192.5,4.63,425.1,424.6,425.0,425.3
0,0.71,0,4.26,2.65,19.32,0.024,2.9,2.67,0.018,0.23,0.125,188.1,192.5,4.64,425.0,424.9,424.9,425.3
0,0.72,0,4.2,2.65,19.31,0.024,3.52,3.29,0.018,0.23,0.124,188.1,192.4,4.7,424.9,425.1,425.1,425.1
0,0.73,0,4.19,2.68,19.32,0.024,3.32,3.09,0.018,0.23,0.125,188.1,192.5,4.67,424.8,424.3,425.1,425.0
0,0.72,0,4.26,2.56,19.33,0.024,3.53,3.3,0.018,0.23,0.125,188.1,192.5,4.66,424.7,425.0,425.1,425.0
0,0.73,0,4.23,2.77,19.33,0.024,3.13,2.9,0.019,0.23,0.126,188.1,192.5,4.7,424.9,424.6,425.1,425.2
0,0.73,0,4.21,2.75,19.35,0.024,3.29,3.06,0.019,0.23,0.128,188.1,192.5,4.66,425.0,425.0,425.0,425.3
0,0.76,0,4.17,2.73,19.37,0.023,2.83,2.6,0.018,0.23,0.12,188.1,192.5,4.65,425.0,424.4,424.9,425.4
0,0.74,0,4.21,2.85,19.37,0.022,2.75,2.52,0.017,0.23,0.115,188.1,192.5,4.67,425.0,425.1,425.0,425.1
0,0.75,0,4.24,2.68,19.35,0.023,3.08,2.85,0.018,0.23,0.12,188.1,192.5,4.72,424.9,425.0,425.0,425.4
0,0.71,0,4.18,2.71,19.27,0.024,2.88,2.65,0.018,0.23,0.124,188.1,192.5,4.62,424.8,425.5,424.9,425.1
0,0.72,0,4.24,2.75,19.3,0.023,2.85,2.62,0.017,0.23,0.119,188.1,192.4,4.64,424.8,425.1,424.9,425.3
0,0.74,0,4.23,2.74,19.3,0.024,3.45,3.22,0.018,0.23,0.124,188.1,192.4,4.71,425.0,424.6,425.0,425.2
0,0.74,0,4.25,2.69,19.4,0.024,3.56,3.33,0.019,0.23,0.127,188.1,192.4,4.72,425.1,425.1,425.0,425.3
0,0.74,0,4.23,2.75,19.39,0.024,3.12,2.89,0.019,0.23,0.127,188.1,192.4,4.71,425.1,425.2,425.0,425.3
0,0.74,0,4.19,2.71,19.37,0.023,3.88,3.65,0.017,0.23,0.119,188.1,192.5,4.63,425.2,424.9,425.0,425.0
0,0.71,0,4.22,2.35,19.29,0.024,3.23,3.0,0.019,0.23,0.125,188.1,192.5,4.63,425.2,424.8,424.9,425.8
0,0.74,0,4.19,2.45,19.31,0.024,3.12,2.89,0.019,0.23,0.128,188.1,192.5,4.7,425.1,424.7,425.1,425.3
0,0.74,0,4.16,2.69,19.37,0.023,2.99,2.76,0.018,0.23,0.121,188.1,192.5,4.64,425.0,425.0,424.9,425.2
0,0.74,0,4.23,2.69,19.36,0.023,3.13,2.9,0.018,0.23,0.121,188.1,192.5,4.68,425.0,424.5,424.9,425.7
0,0.71,0,4.23,2.71,19.32,0.024,2.86,2.63,0.018,0.23,0.124,188.1,192.5,4.64,424.9,425.1,424.9,425.1
0,0.73,0,4.24,2.74,19.34,0.023,2.74,2.51,0.018,0.23,0.121,188.1,192.5,4.68,424.9,425.1,425.0,425.5
0,0.74,0,4.23,2.67,19.31,0.022,2.98,2.75,0.017,0.23,0.117,188.2,192.5,4.66,424.8,424.8,425.0,425.5
0,0.71,0,4.25,2.62,19.3,0.024,2.93,2.7,0.019,0.23,0.125,188.1,192.5,4.67,424.9,425.2,425.0,425.3
0,0.71,0,4.16,2.75,19.28,0.024,3.17,2.94,0.019,0.23,0.127,188.2,192.5,4.69,424.9,425.0,424.9,425.3
0,0.73,0,4.18,2.69,19.29,0.024,3.07,2.84,0.019,0.23,0.125,188.2,192.5,4.68,425.0,425.1,425.1,425.3
0,0.72,0,4.21,2.48,19.32,0.024,3.11,2.88,0.019,0.23,0.126,188.2,192.5,4.64,425.1,425.1,425.0,425.4
0,0.72,0,4.2,2.73,19.34,0.024,3.11,2.88,0.019,0.23,0.127,188.2,192.5,4.7,425.2,424.6,425.0,425.4
0,0.71,0,4.2,2.68,19.33,0.024,2.86,2.63,0.019,0.23,0.125,188.2,192.5,4.65,425.2,425.2,424.8,424.8
0,0.72,0,4.13,2.68,19.31,0.022,3.07,2.84,0.017,0.23,0.116,188.1,192.5,4.65,425.1,425.1,424.9,425.0
0,0.72,0,4.2,2.69,19.29,0.022,3.32,3.08,0.017,0.23,0.114,188.1,192.5,4.65,425.0,425.3,425.0,424.7
0,0.69,0,4.22,2.68,19.29,0.022,3.52,3.29,0.017,0.23,0.117,188.2,192.5,4.66,425.0,425.2,425.0,425.1
0,0.7,0,4.26,2.55,19.29,0.024,3.52,3.29,0.018,0.23,0.123,188.2,192.5,4.66,424.9,425.5,425.0,425.3
0,0.72,0,4.23,2.51,19.33,0.024,3.23,3.0,0.019,0.23,0.127,188.1,192.5,4.64,424.9,425.1,425.1,424.7
0,0.72,0,4.21,2.7,19.31,0.025,3.39,3.16,0.019,0.23,0.13,188.2,192.5,4.69,425.0,424.8,424.8,425.3
0,0.72,0,4.25,2.68,19.31,0.025,3.17,2.94,0.019,0.23,0.13,188.2,192.5,4.66,425.1,425.1,424.9,425.5
0,0.72,0,4.14,2.66,19.37,0.024,2.85,2.62,0.019,0.23,0.125,188.2,192.5,4.62,425.1,425.2,425.0,425.2
0,0.72,0,4.17,2.73,19.34,0.022,2.8,2.57,0.017,0.23,0.117,188.2,192.5,4.66,425.0,425.3,424.9,425.2
0,0.73,0,4.23,2.74,19.31,0.023,3.64,3.41,0.018,0.23,0.122,188.2,192.5,4.64,424.9,425.0,425.0,425.3
0,0.72,0,4.23,2.66,19.34,0.024,3.55,3.32,0.019,0.23,0.124,188.2,192.5,4.71,424.9,425.6,425.0,425.2
0,0.71,0,4.18,2.71,19.34,0.024,3.45,3.22,0.019,0.23,0.127,188.1,192.4,4.64,424.9,425.4,425.0,425.4
0,0.74,0,4.21,2.75,19.33,0.023,3.62,3.39,0.018,0.23,0.121,188.2,192.5,4.68,424.9,425.1,425.1,424.9
0,0.74,0,4.2,2.68,19.33,0.023,2.95,2.72,0.018,0.23,0.122,188.2,192.5,4.64,425.0,425.1,424.9,425.1
0,0.73,0,4.25,2.69,19.32,0.023,3.64,3.41,0.018,0.23,0.123,188.2,192.5,4.62,425.1,425.1,425.0,424.9
0,0.73,0,4.18,2.75,19.32,0.024,3.06,2.83,0.019,0.23,0.127,188.2,192.5,4.7,425.0,425.3,425.0,425.3
0,0.75,0,4.2,2.72,19.31,0.023,3.06,2.83,0.017,0.23,0.118,188.2,192.5,4.69,424.8,425.1,425.0,425.3
0,0.75,0,4.24,2.72,19.33,0.023,3.15,2.92,0.018,0.23,0.122,188.2,192.5,4.66,424.7,425.2,425.0,425.2
0,0.75,0,4.22,2.74,19.32,0.024,2.97,2.74,0.018,0.23,0.123,188.2,192.5,4.62,424.7,425.0,425.1,424.4
0,0.74,0,4.23,2.66,19.32,0.025,3.85,3.62,0.02,0.23,0.13,188.2,192.5,4.7,424.9,424.7,425.0,424.7
0,0.75,0,4.19,2.59,19.37,0.024,3.48,3.25,0.018,0.23,0.125,188.1,192.5,4.68,425.1,424.9,424.9,425.6
0,0.76,0,4.21,2.65,19.39,0.023,3.4,3.17,0.017,0.23,0.119,188.2,192.5,4.67,425.2,425.1,425.0,425.5
0,0.77,0,4.16,2.74,19.37,0.023,3.67,3.44,0.018,0.23,0.12,188.2,192.5,4.6,425.1,424.9,424.9,424.6
0,0.76,0,4.25,2.78,19.36,0.023,3.35,3.12,0.018,0.23,0.123,188.2,192.6,4.63,425.0,424.9,424.9,424.9
0,0.77,0,4.24,2.68,19.34,0.024,2.78,2.55,0.019,0.23,0.128,188.2,192.5,4.69,425.0,425.2,424.9,425.0
0,0.76,0,4.18,2.71,19.36,0.024,2.7,2.47,0.019,0.23,0.126,188.2,192.6,4.64,424.9,425.2,424.9,425.3
0,0.77,0,4.15,2.71,19.37,0.025,2.93,2.7,0.019,0.23,0.129,188.2,192.5,4.66,424.7,425.1,425.0,425.4
0,0.74,0,4.25,2.64,19.33,0.024,3.17,2.94,0.018,0.23,0.124,188.2,192.5,4.62,424.7,425.3,425.0,425.0
0,0.74,0,4.25,2.63,19.34,0.024,3.49,3.26,0.019,0.23,0.126,188.2,192.5,4.7,424.8,425.1,424.7,425.6
0,0.75,0,4.22,2.74,19.39,0.023,3.33,3.1,0.017,0.23,0.119,188.2,192.5,4.69,425.0,425.2,424.9,425.2
0,0.75,0,4.25,2.67,19.33,0.023,3.1,2.87,0.017,0.23,0.118,188.2,192.5,4.64,425.0,425.2,425.0,425.5
0,0.75,0,4.22,2.72,19.36,0.023,2.32,2.09,0.018,0.23,0.123,188.1,192.5,4.69,425.1,425.1,425.0,425.3
0,0.75,0,4.21,2.77,19.37,0.023,2.77,2.54,0.018,0.23,0.12,188.1,192.5,4.71,425.2,425.1,425.1,425.7
0,0.74,0,4.22,2.57,19.35,0.024,3.69,3.46,0.019,0.23,0.127,188.2,192.5,4.65,425.2,425.2,425.1,425.4
0,0.74,0,4.21,2.69,19.37,0.024,3.65,3.42,0.019,0.23,0.126,188.1,192.5,4.64,425.1,425.1,425.0,424.8
0,0.73,0,4.18,2.67,19.33,0.026,3.03,2.8,0.02,0.23,0.134,188.0,192.4,4.7,425.0,425.1,424.9,424.9
0,0.72,0,4.16,2.69,19.3,0.025,3.49,3.26,0.019,0.23,0.129,188.1,192.4,4.63,425.1,425.1,424.8,425.2
0,0.73,0,4.21,2.69,19.37,0.024,2.78,2.55,0.019,0.23,0.126,188.1,192.3,4.67,425.0,424.9,424.9,425.4
0,0.75,0,4.13,2.69,19.39,0.023,2.3,2.07,0.018,0.23,0.121,188.1,192.4,4.68,425.0,425.2,425.0,425.1
0,0.73,0,4.21,2.71,19.31,0.022,2.75,2.52,0.016,0.23,0.113,188.1,192.3,4.64,424.8,425.2,425.0,425.0
0,0.72,0,4.24,2.72,19.33,0.023,2.6,2.37,0.018,0.23,0.119,188.1,192.4,4.7,424.8,425.3,425.0,425.2
0,0.72,0,4.25,2.65,19.36,0.022,3.07,2.84,0.017,0.23,0.116,188.1,192.3,4.65,424.9,425.2,425.0,425.1
0,0.74,0,4.17,2.65,19.31,0.023,3.49,3.26,0.018,0.23,0.121,188.1,192.3,4.68,425.1,425.0,425.0,424.6
0,0.74,0,4.17,2.64,19.34,0.024,3.58,3.35,0.019,0.23,0.127,188.1,192.3,4.65,425.2,425.0,425.0,425.2
0,0.75,0,4.22,2.69,19.34,0.025,3.76,3.53,0.02,0.23,0.13,188.1,192.3,4.68,425.1,425.2,424.9,425.4
0,0.73,0,4.18,2.71,19.3,0.025,3.57,3.34,0.02,0.23,0.131,188.1,192.3,4.68,425.1,425.2,424.9,425.2
0,0.72,0,4.24,2.66,19.32,0.025,3.17,2.94,0.019,0.23,0.13,188.0,192.3,4.68,425.1,425.2,424.9,425.5
0,0.73,0,4.24,2.69,19.35,0.022,2.9,2.67,0.017,0.23,0.118,188.1,192.3,4.68,425.0,425.3,425.0,424.9
0,0.73,0,4.23,2.68,19.35,0.022,2.71,2.48,0.017,0.23,0.116,188.1,192.4,4.62,425.0,425.2,425.0,424.8
0,0.73,0,4.11,2.63,19.33,0.023,3.77,3.54,0.017,0.23,0.119,188.1,192.4,4.67,424.9,425.2,425.0,424.9
0,0.71,0,4.05,2.75,19.35,0.024,3.73,3.5,0.019,0.23,0.126,188.0,192.3,4.71,425.0,425.0,424.9,425.4
0,0.73,0,4.04,2.7,19.36,0.026,3.49,3.26,0.02,0.23,0.135,188.1,192.4,4.67,425.1,424.6,425.0,425.3
0,0.71,0,4.16,2.77,19.31,0.025,3.41,3.18,0.02,0.23,0.13,188.0,192.4,4.63,425.1,425.0,424.9,425.2
0,0.72,0,4.14,2.71,19.34,0.024,3.13,2.9,0.019,0.23,0.128,188.1,192.4,4.7,425.1,425.3,424.9,425.2
0,0.72,0,4.1,2.67,19.34,0.024,3.08,2.85,0.019,0.23,0.126,188.1,192.4,4.65,425.1,425.1,425.0,425.0
0,0.72,0,4.03,2.74,19.33,0.023,2.86,2.63,0.018,0.23,0.121,188.1,192.4,4.72,425.0,425.3,425.0,425.4
0,0.73,0,4.0,2.61,19.33,0.023,3.13,2.9,0.018,0.23,0.121,188.1,192.4,4.66,425.0,425.0,425.0,425.3
0,0.73,0,3.96,2.71,19.29,0.023,2.99,2.76,0.017,0.23,0.118,188.0,192.4,4.64,425.1,425.2,425.0,425.2
0,0.76,0,4.01,2.74,19.34,0.023,2.92,2.69,0.018,0.23,0.12,188.0,192.4,4.7,425.1,424.7,425.0,425.0
0,0.74,0,4.07,2.63,19.35,0.024,3.32,3.09,0.018,0.23,0.123,188.0,192.4,4.65,424.9,425.5,425.0,425.2
0,0.72,0,4.08,2.69,19.31,0.024,3.61,3.38,0.019,0.23,0.128,188.1,192.3,4.6,424.8,425.1,425.0,424.7
0,0.75,0,4.19,2.48,19.37,0.025,2.96,2.73,0.02,0.23,0.13,188.0,192.3,4.71,424.8,425.5,425.0,425.1
0,0.74,0,4.2,2.63,19.36,0.024,3.25,3.02,0.019,0.23,0.127,188.0,192.3,4.63,425.0,425.0,425.0,425.0
0,0.71,0,4.15,2.68,19.33,0.023,3.36,3.12,0.017,0.23,0.118,188.0,192.3,4.71,425.0,424.7,424.9,425.1
0,0.74,0,4.2,2.7,19.35,0.023,3.59,3.36,0.018,0.23,0.121,188.0,192.3,4.65,425.1,424.5,425.0,425.0
0,0.73,0,4.22,2.71,19.32,0.022,2.83,2.6,0.017,0.23,0.117,188.0,192.3,4.61,425.1,424.7,425.1,425.0
0,0.74,0,4.21,2.66,19.37,0.022,2.85,2.62,0.017,0.23,0.117,188.0,192.3,4.64,425.0,425.1,425.0,425.5
0,0.74,0,4.15,2.69,19.34,0.023,3.19,2.96,0.018,0.23,0.12,188.0,192.4,4.68,424.8,425.0,424.9,425.1
0,0.72,0,4.23,2.58,19.34,0.024,3.73,3.5,0.019,0.23,0.127,188.0,192.4,4.65,424.8,425.1,425.0,424.6
0,0.73,0,4.17,2.71,19.37,0.024,3.95,3.72,0.019,0.23,0.126,188.0,192.3,4.66,424.8,425.4,425.0,424.7
0,0.74,0,4.22,2.68,19.3,0.025,3.85,3.62,0.019,0.23,0.128,188.0,192.3,4.65,424.9,424.9,425.0,425.7
0,0.72,0,4.18,2.71,19.29,0.024,3.47,3.24,0.018,0.23,0.123,188.1,192.3,4.63,425.0,424.9,425.0,425.1
0,0.72,0,4.23,2.69,19.31,0.024,3.16,2.93,0.019,0.23,0.127,188.1,192.4,4.65,425.1,424.8,424.8,425.3
0,0.74,0,4.19,2.78,19.32,0.024,3.62,3.39,0.018,0.23,0.124,188.0,192.3,4.63,425.1,425.0,424.9,425.4
0,0.75,0,4.17,2.76,19.32,0.023,3.03,2.8,0.018,0.23,0.123,188.0,192.3,4.73,425.2,425.4,424.9,425.4
0,0.74,0,4.23,2.66,19.35,0.023,2.79,2.56,0.018,0.23,0.119,188.0,192.3,4.65,425.1,425.0,425.1,425.4
0,0.75,0,4.21,2.68,19.37,0.023,3.16,2.93,0.018,0.23,0.123,188.0,192.4,4.67,425.0,425.0,425.1,425.0
0,0.74,0,4.24,2.65,19.39,0.024,3.11,2.88,0.018,0.23,0.124,188.0,192.4,4.68,425.0,425.3,425.0,425.5
0,0.74,0,4.25,2.48,19.37,0.024,3.67,3.44,0.018,0.23,0.123,188.1,192.4,4.68,424.8,425.2,425.0,425.1
0,0.73,0,4.16,2.75,19.38,0.024,3.34,3.11,0.019,0.23,0.126,188.1,192.4,4.72,424.7,425.2,425.0,425.5
0,0.74,0,4.21,2.7,19.39,0.024,2.8,2.57,0.019,0.23,0.127,188.1,192.4,4.66,425.0,425.3,425.0,425.0
0,0.71,0,4.23,2.7,19.3,0.024,3.25,3.02,0.019,0.23,0.126,188.1,192.4,4.69,425.2,424.8,425.0,425.1
0,0.74,0,4.21,2.65,19.32,0.024,2.95,2.72,0.018,0.23,0.124,188.1,192.4,4.66,425.0,424.9,425.0,424.9
0,0.74,0,4.2,2.63,19.31,0.024,3.51,3.28,0.019,0.23,0.126,188.1,192.3,4.64,425.0,425.0,425.0,425.0
0,0.74,0,4.21,2.75,19.36,0.024,3.4,3.17,0.018,0.23,0.124,188.1,192.3,4.67,425.0,425.3,425.0,425.1
0,0.73,0,4.2,2.72,19.36,0.023,3.44,3.21,0.017,0.23,0.119,188.1,192.3,4.62,425.0,425.2,425.0,425.1
0,0.73,0,4.22,2.69,19.34,0.023,3.71,3.48,0.018,0.23,0.122,188.1,192.3,4.66,425.1,424.7,425.0,425.4
0,0.74,0,4.19,2.73,19.36,0.024,3.05,2.82,0.019,0.23,0.127,188.1,192.4,4.7,425.3,425.1,424.8,425.5
0,0.74,0,4.14,2.76,19.34,0.024,2.95,2.72,0.019,0.23,0.126,188.1,192.4,4.65,425.3,425.3,425.0,424.8
0,0.74,0,4.25,2.71,19.35,0.024,2.92,2.69,0.019,0.23,0.126,188.1,192.4,4.63,425.0,425.3,425.0,425.6
0,0.72,0,4.17,2.75,19.33,0.024,3.03,2.8,0.018,0.23,0.123,188.1,192.3,4.71,425.0,425.1,425.0,425.3
0,0.72,0,4.19,2.71,19.37,0.023,2.93,2.7,0.018,0.23,0.119,188.1,192.3,4.68,424.8,425.1,425.0,425.1
0,0.73,0,4.09,2.74,19.35,0.023,2.83,2.6,0.018,0.23,0.122,188.1,192.4,4.68,425.0,424.9,425.0,425.3
0,0.73,0,4.16,2.66,19.35,0.023,3.29,3.06,0.018,0.23,0.122,188.1,192.4,4.62,425.1,425.1,425.0,424.8
0,0.73,0,4.22,2.63,19.32,0.025,3.1,2.87,0.02,0.23,0.131,188.1,192.4,4.7,425.1,425.2,424.9,424.6
0,0.73,0,4.23,2.76,19.32,0.024,2.79,2.56,0.019,0.23,0.125,188.1,192.4,4.64,424.9,425.3,424.9,425.2
0,0.72,0,4.22,2.69,19.34,0.023,2.86,2.63,0.017,0.23,0.118,188.1,192.3,4.71,424.8,425.3,425.0,425.5
0,0.72,0,4.21,2.71,19.34,0.022,3.02,2.79,0.017,0.23,0.117,188.0,192.4,4.66,424.8,424.5,425.0,425.1
0,0.74,0,4.21,2.7,19.38,0.022,3.15,2.92,0.017,0.23,0.117,188.1,192.4,4.69,424.9,425.1,425.0,425.5
0,0.72,0,4.21,2.63,19.35,0.023,2.82,2.58,0.018,0.23,0.12,188.1,192.4,4.63,425.0,425.0,424.9,425.4
0,0.74,0,4.15,2.6,19.37,0.023,3.8,3.57,0.018,0.23,0.121,188.1,192.4,4.65,425.1,424.6,425.0,424.9
0,0.72,0,4.24,2.76,19.33,0.025,3.3,3.07,0.02,0.23,0.131,188.1,192.4,4.71,425.1,424.9,424.9,425.4
0,0.75,0,4.24,2.68,19.34,0.023,3.97,3.74,0.018,0.23,0.123,188.1,192.3,4.66,425.2,424.9,425.0,425.5
0,0.75,0,4.25,2.71,19.35,0.024,3.07,2.84,0.018,0.23,0.124,188.1,192.4,4.67,425.1,424.5,424.9,425.4
0,0.73,0,4.2,2.77,19.33,0.024,3.09,2.86,0.019,0.23,0.126,188.1,192.4,4.64,425.0,424.9,425.0,425.0
0,0.74,0,4.15,2.74,19.35,0.024,2.46,2.23,0.019,0.23,0.127,188.1,192.4,4.67,425.0,425.2,424.9,425.1
0,0.72,0,4.18,2.67,19.32,0.022,3.05,2.82,0.017,0.23,0.116,188.1,192.4,4.64,424.8,425.2,424.9,425.7
0,0.72,0,4.25,2.64,19.32,0.021,2.99,2.76,0.016,0.23,0.112,188.1,192.4,4.62,424.7,425.0,425.0,425.5
0,0.74,0,4.23,2.71,19.34,0.022,3.41,3.18,0.016,0.23,0.114,188.1,192.4,4.68,424.8,425.2,425.0,424.9
0,0.73,0,4.2,2.65,19.3,0.023,3.38,3.15,0.018,0.23,0.12,188.1,192.4,4.67,424.9,425.0,425.0,425.1
0,0.74,0,4.14,2.67,19.31,0.025,4.0,3.77,0.019,0.23,0.129,188.1,192.4,4.67,425.0,425.0,425.1,424.8
0,0.73,0,4.21,2.7,19.35,0.024,2.84,2.61,0.019,0.23,0.126,188.1,192.4,4.65,425.3,425.0,425.0,424.9
0,0.71,0,4.2,2.69,19.33,0.023,3.17,2.94,0.017,0.23,0.119,188.1,192.3,4.64,425.1,424.5,425.0,424.6
0,0.73,0,4.19,2.76,19.34,0.023,3.12,2.89,0.018,0.23,0.121,188.1,192.3,4.65,425.0,425.1,425.0,425.5
0,0.73,0,4.22,2.69,19.34,0.024,2.9,2.67,0.019,0.23,0.128,188.1,192.3,4.7,424.9,424.3,425.0,425.4
0,0.73,0,4.22,2.71,19.37,0.024,3.4,3.17,0.019,0.23,0.125,188.1,192.3,4.67,425.0,425.0,425.0,425.1
0,0.71,0,4.21,2.65,19.37,0.023,3.45,3.22,0.018,0.23,0.121,188.0,192.3,4.72,425.0,425.1,425.0,425.0
0,0.72,0,4.19,2.71,19.38,0.024,3.39,3.16,0.018,0.23,0.124,188.1,192.3,4.73,425.1,425.1,425.1,424.6
0,0.72,0,4.17,2.66,19.33,0.024,3.21,2.98,0.018,0.23,0.124,188.1,192.3,4.7,425.3,424.2,425.1,425.1
0,0.74,0,4.22,2.6,19.32,0.024,2.75,2.52,0.018,0.23,0.123,188.1,192.4,4.7,425.2,424.9,425.1,425.3
0,0.71,0,4.15,2.8,19.35,0.023,2.78,2.55,0.018,0.23,0.122,188.1,192.4,4.66,425.1,425.1,425.0,425.5
0,0.73,0,4.22,2.6,19.37,0.023,2.68,2.45,0.018,0.23,0.12,188.1,192.4,4.68,424.9,425.3,425.0,425.4
0,0.72,0,4.22,2.63,19.34,0.023,3.12,2.88,0.018,0.23,0.119,188.1,192.5,4.62,424.7,425.4,425.0,425.0
0,0.74,0,4.22,2.69,19.36,0.023,3.64,3.41,0.018,0.23,0.121,188.1,192.5,4.71,424.9,425.3,425.0,424.9
0,0.75,0,4.15,2.72,19.4,0.025,3.72,3.49,0.02,0.23,0.132,188.1,192.5,4.72,425.0,425.2,424.9,424.9
0,0.74,0,4.19,2.65,19.38,0.024,3.53,3.3,0.018,0.23,0.123,188.1,192.5,4.65,425.1,424.8,424.9,425.3
0,0.75,0,4.17,2.62,19.38,0.024,3.16,2.93,0.018,0.23,0.123,188.1,192.5,4.67,425.3,424.8,424.9,425.2
0,0.72,0,4.24,2.73,19.36,0.023,3.2,2.97,0.018,0.23,0.122,188.1,192.5,4.7,425.3,425.1,425.0,425.1
0,0.74,0,4.14,2.67,19.38,0.023,3.28,3.05,0.018,0.23,0.12,188.0,192.4,4.71,425.0,424.7,424.9,425.1
0,0.71,0,4.14,2.69,19.31,0.023,2.7,2.47,0.018,0.23,0.121,188.1,192.4,4.68,424.9,425.0,425.0,425.2
0,0.74,0,4.22,2.62,19.37,0.024,3.2,2.97,0.018,0.23,0.124,188.1,192.5,4.71,424.9,425.3,425.0,425.0
0,0.72,0,4.2,2.62,19.38,0.023,3.15,2.92,0.018,0.23,0.122,188.1,192.3,4.73,424.9,424.9,425.0,425.3
0,0.72,0,4.23,2.48,19.36,0.023,2.94,2.71,0.018,0.23,0.123,188.1,192.4,4.65,424.9,425.1,425.0,425.2
0,0.74,0,4.21,2.66,19.32,0.024,3.64,3.41,0.019,0.23,0.126,188.1,192.4,4.63,424.9,425.3,425.0,424.7
0,0.71,0,4.24,2.78,19.32,0.025,2.94,2.71,0.02,0.23,0.133,188.1,192.4,4.71,424.9,425.1,425.0,424.6
0,0.75,0,4.21,2.72,19.4,0.024,2.86,2.63,0.019,0.23,0.125,188.1,192.4,4.72,425.0,425.5,425.1,424.9
0,0.75,0,4.21,2.72,19.43,0.023,2.78,2.55,0.018,0.23,0.121,188.1,192.4,4.69,425.0,425.2,425.1,424.7
0,0.74,0,4.25,2.68,19.35,0.023,3.78,3.55,0.018,0.23,0.12,188.1,192.4,4.64,425.1,425.1,425.0,425.1
0,0.74,0,4.18,2.69,19.35,0.024,3.7,3.47,0.019,0.23,0.126,188.1,192.4,4.67,425.1,425.3,425.0,425.0
0,0.74,0,4.25,2.66,19.37,0.024,3.46,3.23,0.018,0.23,0.124,188.1,192.4,4.7,425.0,425.3,424.8,425.7
0,0.73,0,4.21,2.63,19.35,0.024,3.57,3.34,0.018,0.23,0.124,188.1,192.4,4.71,425.1,425.3,425.0,425.4
0,0.73,0,4.19,2.73,19.33,0.024,3.1,2.87,0.019,0.23,0.127,188.1,192.4,4.66,425.2,425.1,425.0,425.5
0,0.74,0,4.24,2.63,19.37,0.024,3.54,3.31,0.019,0.23,0.126,188.1,192.4,4.68,425.0,425.1,425.1,425.2
0,0.72,0,4.22,2.67,19.35,0.025,3.12,2.89,0.019,0.23,0.13,188.1,192.4,4.63,424.9,424.9,425.0,425.1
0,0.74,0,4.23,2.68,19.35,0.022,2.9,2.67,0.017,0.23,0.115,188.1,192.4,4.67,424.9,425.0,425.0,425.4
0,0.72,0,4.18,2.58,19.34,0.022,3.29,3.06,0.017,0.23,0.116,188.1,192.4,4.67,425.0,425.0,424.9,425.5
0,0.72,0,4.16,2.64,19.28,0.024,2.77,2.54,0.019,0.23,0.126,188.1,192.4,4.67,424.8,425.1,424.8,425.0
0,0.71,0,4.14,2.7,19.33,0.022,2.91,2.68,0.017,0.23,0.117,188.1,192.4,4.66,424.6,425.2,424.9,425.1
0,0.72,0,4.23,2.65,19.29,0.022,3.03,2.8,0.017,0.23,0.116,188.1,192.4,4.61,424.6,424.9,424.9,425.4
0,0.73,0,4.2,2.71,19.36,0.024,3.47,3.24,0.018,0.23,0.124,188.1,192.4,4.68,424.8,425.1,425.0,425.2
0,0.71,0,4.21,2.72,19.35,0.025,3.2,2.97,0.019,0.23,0.128,188.0,192.4,4.63,425.0,425.3,425.0,425.4
0,0.73,0,4.16,2.66,19.29,0.025,3.82,3.59,0.02,0.23,0.13,188.0,192.4,4.62,425.1,425.3,425.0,424.9
0,0.72,0,4.17,2.69,19.31,0.025,3.69,3.46,0.02,0.23,0.13,188.1,192.3,4.61,425.2,424.7,425.0,425.3
0,0.74,0,4.2,2.53,19.35,0.024,3.73,3.5,0.019,0.23,0.125,188.1,192.4,4.66,425.2,424.9,424.9,424.9
0,0.74,0,4.21,2.67,19.34,0.023,3.58,3.35,0.018,0.23,0.121,188.0,192.3,4.61,425.1,424.9,425.0,425.1
0,0.72,0,4.19,2.69,19.32,0.023,2.88,2.65,0.018,0.23,0.122,188.0,192.3,4.68,425.2,425.7,425.0,425.4
0,0.74,0,4.21,2.69,19.35,0.022,2.89,2.66,0.017,0.23,0.115,188.1,192.3,4.71,425.1,424.3,425.0,424.8
0,0.74,0,4.2,2.84,19.33,0.022,2.98,2.75,0.017,0.23,0.114,188.1,192.3,4.66,425.1,425.2,425.0,425.0
0,0.74,0,4.22,2.75,19.34,0.023,2.85,2.62,0.018,0.23,0.119,188.0,192.3,4.64,425.0,425.1,425.0,425.1
0,0.74,0,4.18,2.67,19.38,0.024,3.52,3.29,0.018,0.23,0.123,188.0,192.3,4.66,424.9,425.1,424.9,425.5
0,0.74,0,4.22,2.78,19.37,0.024,2.89,2.66,0.018,0.23,0.125,188.0,192.3,4.71,424.9,424.8,425.0,425.1
0,0.74,0,4.22,2.68,19.32,0.024,3.02,2.78,0.018,0.23,0.123,188.0,192.3,4.66,425.0,425.1,425.0,424.9
0,0.73,0,4.19,2.68,19.32,0.023,3.2,2.97,0.018,0.23,0.121,188.0,192.3,4.66,425.1,425.1,425.0,425.5
0,0.73,0,4.23,2.69,19.3,0.022,3.45,3.22,0.017,0.23,0.117,188.0,192.3,4.62,425.2,425.0,424.9,425.6
0,0.72,0,4.23,2.58,19.3,0.023,3.77,3.54,0.018,0.23,0.121,188.0,192.4,4.63,425.1,425.2,425.0,425.2
0,0.72,0,4.14,2.7,19.33,0.024,3.0,2.77,0.019,0.23,0.127,188.1,192.4,4.68,425.0,425.1,425.0,424.7
0,0.73,0,4.18,2.64,19.36,0.023,3.41,3.18,0.018,0.23,0.122,188.1,192.4,4.63,425.1,425.1,424.9,425.1
0,0.74,0,4.22,2.63,19.35,0.022,3.46,3.23,0.017,0.23,0.117,188.1,192.4,4.63,424.8,425.2,425.0,425.0
0,0.74,0,4.2,2.68,19.36,0.024,2.82,2.59,0.018,0.23,0.123,188.0,192.3,4.67,424.8,425.1,425.0,425.6
0,0.71,0,4.24,2.69,19.29,0.024,2.9,2.67,0.019,0.23,0.125,188.0,192.3,4.68,425.1,425.1,425.0,425.0
0,0.74,0,4.24,2.63,19.36,0.023,3.19,2.96,0.018,0.23,0.123,188.0,192.3,4.63,425.1,425.3,424.9,425.4
0,0.71,0,4.2,2.71,19.31,0.023,3.18,2.95,0.018,0.23,0.122,188.0,192.3,4.7,425.1,425.1,424.9,425.3
0,0.74,0,4.18,2.73,19.38,0.023,3.06,2.83,0.018,0.23,0.122,188.1,192.3,4.64,425.0,425.0,424.9,425.5
0,0.74,0,4.25,2.72,19.33,0.023,3.27,3.04,0.018,0.23,0.123,188.0,192.3,4.67,424.9,424.8,425.0,424.7
0,0.73,0,4.23,2.75,19.33,0.024,3.11,2.88,0.019,0.23,0.126,188.0,192.3,4.65,424.9,425.0,425.1,425.1
0,0.76,0,4.19,2.68,19.36,0.024,3.09,2.86,0.018,0.23,0.123,188.0,192.3,4.68,425.1,425.1,424.9,425.1
0,0.75,0,4.21,2.73,19.35,0.023,2.44,2.21,0.018,0.23,0.122,188.0,192.3,4.62,425.3,424.9,424.9,425.1
0,0.74,0,4.19,2.63,19.34,0.022,2.98,2.75,0.017,0.23,0.114,188.0,192.3,4.67,425.4,424.9,424.9,425.4
0,0.74,0,4.2,2.52,19.37,0.022,3.18,2.95,0.017,0.23,0.117,188.1,192.4,4.7,425.2,424.7,425.0,424.6
0,0.72,0,4.21,2.75,19.32,0.023,2.93,2.7,0.018,0.23,0.122,188.0,192.3,4.68,425.1,425.3,425.0,425.1
0,0.75,0,4.24,2.72,19.35,0.024,3.32,3.09,0.019,0.23,0.128,188.0,192.4,4.62,425.0,424.5,425.0,425.1
0,0.75,0,4.22,2.68,19.36,0.024,2.85,2.62,0.018,0.23,0.124,188.0,192.4,4.68,424.9,425.0,425.0,424.5
0,0.72,0,4.19,2.75,19.32,0.024,3.58,3.35,0.019,0.23,0.125,188.0,192.4,4.65,425.0,425.1,424.9,425.4
0,0.74,0,4.14,2.69,19.33,0.024,3.07,2.84,0.019,0.23,0.126,188.0,192.4,4.6,425.0,425.1,425.0,425.4
0,0.73,0,4.17,2.67,19.33,0.023,3.73,3.5,0.018,0.23,0.12,188.0,192.4,4.68,425.1,424.7,425.0,425.4
0,0.72,0,4.21,2.69,19.32,0.024,3.22,2.99,0.019,0.23,0.125,188.0,192.3,4.66,425.0,425.1,425.0,424.8
0,0.72,0,4.16,2.75,19.29,0.023,3.29,3.06,0.018,0.23,0.121,188.0,192.4,4.6,425.0,425.0,425.1,425.3
0,0.71,0,4.22,2.72,19.31,0.024,3.53,3.3,0.018,0.23,0.124,188.0,192.4,4.7,425.0,425.1,425.0,425.1
0,0.7,0,4.26,2.7,19.32,0.023,3.26,3.03,0.018,0.23,0.12,188.0,192.4,4.64,425.1,425.3,424.9,425.1
0,0.71,0,4.26,2.59,19.31,0.024,3.19,2.96,0.019,0.23,0.127,188.0,192.4,4.6,425.0,424.6,425.0,425.2
0,0.7,0,4.19,2.65,19.32,0.024,3.66,3.43,0.019,0.23,0.126,188.0,192.3,4.7,425.0,425.1,425.0,425.6
0,0.72,0,4.25,2.7,19.34,0.024,3.34,3.11,0.019,0.23,0.127,188.0,192.3,4.65,424.9,425.2,425.0,425.3
0,0.73,0,4.22,2.71,19.32,0.023,3.39,3.16,0.017,0.23,0.118,188.0,192.3,4.66,424.9,425.2,425.0,425.0
0,0.72,0,4.19,2.74,19.29,0.023,2.81,2.58,0.017,0.23,0.119,188.1,192.4,4.62,425.1,424.9,425.1,425.1
0,0.72,0,4.23,2.71,19.34,0.022,2.92,2.69,0.017,0.23,0.118,188.0,192.4,4.7,425.2,425.3,425.1,424.9
0,0.72,0,4.24,2.61,19.33,0.024,2.98,2.75,0.018,0.23,0.124,188.1,192.4,4.65,425.2,425.3,425.0,425.5
0,0.72,0,4.19,2.63,19.34,0.025,2.97,2.74,0.019,0.23,0.129,188.1,192.4,4.71,425.1,424.8,425.0,425.5
0,0.71,0,4.18,2.62,19.34,0.023,3.08,2.85,0.018,0.23,0.121,188.1,192.4,4.62,425.1,425.0,425.0,425.1
0,0.7,0,4.2,2.72,19.32,0.023,3.26,3.03,0.018,0.23,0.121,188.1,192.3,4.68,425.0,425.3,425.0,425.1
0,0.71,0,4.25,2.65,19.33,0.023,3.0,2.77,0.018,0.23,0.123,188.1,192.4,4.66,425.2,424.8,425.0,425.4
0,0.72,0,4.24,2.66,19.33,0.023,2.83,2.6,0.018,0.23,0.123,188.1,192.4,4.6,425.3,424.7,425.0,425.4
0,0.7,0,4.28,2.68,19.35,0.022,3.38,3.15,0.017,0.23,0.117,188.1,192.4,4.73,425.1,425.2,424.9,424.3
0,0.72,0,4.27,2.66,19.34,0.023,3.69,3.46,0.018,0.23,0.121,188.1,192.4,4.68,425.0,425.4,425.1,424.9
0,0.73,0,4.25,2.71,19.3,0.024,3.13,2.9,0.019,0.23,0.126,188.0,192.4,4.67,424.9,425.0,425.1,425.0
0,0.71,0,4.25,2.7,19.31,0.024,3.38,3.15,0.019,0.23,0.125,188.0,192.4,4.66,424.8,425.2,425.0,424.9
0,0.73,0,4.25,2.69,19.33,0.025,3.76,3.53,0.02,0.23,0.13,188.0,192.4,4.7,424.9,425.1,425.0,425.3
0,0.73,0,4.21,2.68,19.35,0.025,3.29,3.06,0.02,0.23,0.13,188.1,192.3,4.64,424.9,424.9,425.0,425.3
0,0.72,0,4.16,2.75,19.39,0.024,2.42,2.19,0.018,0.23,0.124,188.0,192.4,4.68,424.9,425.2,424.6,425.1
0,0.73,0,4.27,2.68,19.38,0.023,2.88,2.65,0.017,0.23,0.118,188.1,192.4,4.65,425.0,424.9,425.0,425.3
0,0.74,0,4.27,2.68,19.43,0.023,3.81,3.58,0.017,0.23,0.119,188.1,192.4,4.74,424.9,425.1,425.0,425.1
1,0.51,0,4.21,2.75,21.37,0.023,4.38,3.75,0.018,0.62,0.12,187.5,192.5,4.68,425.0,425.1,425.0,424.8
1,0.52,0,4.27,2.61,20.63,0.027,4.47,3.97,0.022,0.5,0.144,187.6,192.5,4.66,425.2,425.0,424.9,424.9
1,0.72,0,4.19,2.63,20.34,0.027,4.22,3.56,0.022,0.66,0.143,187.6,192.4,4.73,425.1,425.1,425.1,424.5
1,0.73,0,4.22,2.66,20.36,0.027,4.2,3.57,0.021,0.63,0.14,187.6,192.4,4.67,425.0,425.1,425.1,425.3
1,0.73,0,4.23,2.57,20.41,0.027,4.24,3.57,0.021,0.67,0.139,187.7,192.3,4.68,425.0,425.0,424.9,425.0
1,0.69,0,4.2,2.72,20.38,0.027,4.2,3.54,0.021,0.66,0.141,187.8,192.3,4.68,424.9,425.1,425.0,425.2
1,0.7,0,4.21,2.69,20.36,0.024,4.34,3.56,0.019,0.78,0.127,187.8,192.3,4.67,425.0,424.9,425.0,425.1
1,0.71,0,4.23,2.72,20.36,0.024,3.29,2.55,0.019,0.74,0.125,187.8,192.3,4.71,424.9,425.1,425.0,424.5
0,0.72,0,4.2,2.67,20.34,0.023,3.19,2.96,0.018,0.23,0.122,187.8,192.3,4.76,425.0,425.2,425.1,425.0
0,0.72,0,4.25,2.61,19.38,0.023,3.94,3.71,0.018,0.23,0.119,187.8,192.3,4.65,425.0,425.1,425.0,425.5
0,0.7,0,4.23,2.62,19.33,0.025,3.6,3.37,0.019,0.23,0.129,187.9,192.3,4.74,424.7,425.0,425.1,425.3
0,0.71,0,4.15,2.72,19.29,0.024,3.96,3.73,0.019,0.23,0.127,187.8,192.2,4.67,424.8,425.1,425.1,425.1
0,0.72,0,4.22,2.7,19.36,0.024,2.94,2.71,0.019,0.23,0.126,187.8,192.2,4.72,424.9,424.9,425.1,425.0
1,0.51,0,4.27,2.56,20.64,0.028,3.87,3.49,0.022,0.37,0.144,187.4,192.3,4.63,425.1,424.9,424.9,425.1
1,0.72,0,4.2,2.61,20.39,0.026,4.09,3.44,0.021,0.65,0.138,187.4,192.2,4.66,425.1,424.9,425.0,424.6
1,0.71,0,4.21,2.6,20.33,0.026,4.17,3.57,0.021,0.6,0.139,187.5,192.3,4.72,424.8,424.5,425.2,424.9
1,0.72,0,4.12,2.36,20.27,0.027,4.04,3.81,0.022,0.23,0.142,187.6,192.2,4.58,424.7,424.9,424.9,425.3
1,0.71,0,4.25,2.65,20.39,0.026,4.35,3.7,0.02,0.66,0.135,187.6,192.2,4.66,424.7,425.1,424.9,425.0
1,0.72,0,4.22,2.69,20.38,0.026,4.83,4.05,0.021,0.78,0.138,187.6,192.2,4.64,424.9,425.2,425.0,424.8
1,0.76,0,4.24,2.65,20.37,0.026,4.0,3.38,0.021,0.62,0.136,187.6,192.2,4.65,425.0,424.9,424.9,425.0
1,0.71,0,4.24,2.62,20.34,0.023,3.39,2.88,0.018,0.51,0.121,187.6,192.2,4.62,425.1,425.2,425.0,425.0
1,0.76,0,4.19,2.55,20.35,0.024,3.67,3.05,0.019,0.62,0.126,187.6,192.2,4.67,425.2,425.4,425.0,424.9
0,0.74,0,4.25,2.62,19.38,0.025,2.58,2.35,0.019,0.23,0.129,187.7,192.2,4.71,425.0,425.6,425.0,425.3
0,0.76,0,4.12,2.71,19.37,0.023,2.46,2.23,0.018,0.23,0.121,187.7,192.2,4.63,425.0,424.9,425.0,425.0
0,0.74,0,4.11,2.74,19.35,0.022,2.72,2.49,0.017,0.23,0.118,187.7,192.2,4.67,424.9,425.0,425.1,425.3
0,0.76,0,4.02,2.74,19.34,0.022,3.53,3.3,0.017,0.23,0.117,187.7,192.2,4.7,425.1,424.9,425.0,425.1
0,0.75,0,4.06,2.69,19.35,0.023,3.24,3.01,0.018,0.23,0.12,187.8,192.2,4.65,425.4,425.2,425.0,425.3
0,0.73,0,4.02,2.67,19.34,0.023,3.48,3.25,0.018,0.23,0.122,187.8,192.2,4.71,425.4,425.4,425.0,424.9
0,0.72,0,4.22,2.6,19.3,0.023,3.52,3.29,0.018,0.23,0.123,187.8,192.2,4.67,425.3,424.9,425.0,424.8
0,0.74,0,4.21,2.57,19.35,0.023,2.67,2.44,0.018,0.23,0.123,187.8,192.2,4.63,425.1,425.2,424.9,424.8
0,0.73,0,4.16,2.74,19.35,0.023,2.83,2.6,0.018,0.23,0.122,187.8,192.2,4.67,424.9,425.0,425.0,425.1
0,0.75,0,4.2,2.73,19.35,0.023,3.04,2.81,0.018,0.23,0.121,187.8,192.2,4.62,424.8,424.8,425.0,424.9
0,0.75,0,4.18,2.72,19.37,0.023,3.15,2.92,0.017,0.23,0.119,187.8,192.2,4.64,424.7,425.1,425.0,425.0
0,0.74,0,4.17,2.77,19.36,0.025,3.32,3.09,0.019,0.23,0.129,187.8,192.2,4.61,424.9,424.8,425.1,425.0
0,0.73,0,4.21,2.7,19.35,0.024,2.87,2.64,0.019,0.23,0.127,187.8,192.2,4.68,424.9,425.0,425.0,424.7
0,0.74,0,4.17,2.8,19.33,0.022,3.05,2.82,0.017,0.23,0.117,187.8,192.2,4.64,424.9,424.9,425.0,425.0
0,0.74,0,4.17,2.73,19.34,0.023,2.91,2.68,0.017,0.23,0.119,187.9,192.3,4.7,425.0,425.2,425.0,425.1
0,0.74,0,4.19,2.73,19.35,0.023,3.69,3.46,0.018,0.23,0.121,187.9,192.3,4.66,425.1,425.0,425.0,424.9
0,0.72,0,4.14,2.71,19.33,0.025,3.34,3.11,0.019,0.23,0.129,187.8,192.3,4.6,425.1,424.9,425.0,424.9
0,0.73,0,4.21,2.62,19.34,0.023,3.32,3.09,0.017,0.23,0.119,187.9,192.3,4.68,425.1,424.8,425.1,424.7
0,0.71,0,4.24,2.53,19.32,0.022,3.38,3.15,0.017,0.23,0.114,187.9,192.2,4.66,425.1,424.9,425.0,425.3
0,0.74,0,4.14,2.68,19.32,0.023,4.0,3.77,0.018,0.23,0.122,187.8,192.3,4.62,425.0,424.9,425.0,424.9
0,0.73,0,4.25,2.71,19.32,0.024,2.89,2.66,0.018,0.23,0.124,187.9,192.3,4.66,424.9,425.1,425.0,425.7
0,0.72,0,4.24,2.72,19.33,0.022,3.63,3.4,0.017,0.23,0.116,187.9,192.2,4.7,424.9,425.7,425.0,425.1
1,0.72,0,4.19,2.72,19.33,0.022,3.73,3.5,0.017,0.23,0.116,187.9,192.3,4.67,425.0,424.7,425.0,424.6
1,0.51,0,4.01,2.69,21.38,0.028,4.65,4.15,0.022,0.5,0.146,187.0,192.5,4.67,424.9,425.0,425.0,424.9
1,0.51,0,4.08,2.6,20.61,0.028,4.17,3.53,0.023,0.63,0.147,187.1,192.4,4.63,424.9,425.1,425.1,425.0
1,0.73,0,3.93,2.59,20.36,0.026,4.11,3.6,0.02,0.51,0.135,187.3,192.3,4.63,424.9,425.0,424.9,425.0
1,0.73,0,4.1,2.66,20.34,0.026,4.02,3.41,0.021,0.62,0.138,187.4,192.3,4.68,424.9,424.9,424.9,424.7
1,0.73,0,4.19,2.46,20.33,0.027,3.99,3.37,0.022,0.63,0.141,187.5,192.2,4.67,425.0,425.0,425.0,425.3
1,0.73,0,4.15,2.68,20.33,0.025,3.34,2.83,0.02,0.51,0.13,187.6,192.2,4.63,425.2,424.9,424.9,424.7
1,0.73,0,4.17,2.68,20.33,0.024,3.5,2.88,0.018,0.61,0.123,187.6,192.2,4.68,425.3,425.0,425.0,425.1
1,0.71,0,4.12,2.69,20.34,0.023,3.88,3.24,0.018,0.64,0.122,187.6,192.2,4.66,425.2,425.1,425.1,425.5
0,0.72,0,4.16,2.69,20.3,0.024,3.51,3.28,0.018,0.23,0.123,187.6,192.2,4.64,425.0,425.5,425.1,425.1
0,0.7,0,4.12,2.77,19.31,0.023,3.68,3.45,0.017,0.23,0.118,187.6,192.2,4.62,424.9,425.1,425.1,424.9
0,0.72,0,4.08,2.74,19.33,0.024,3.56,3.33,0.019,0.23,0.126,187.7,192.2,4.6,424.9,425.2,425.0,424.9
0,0.72,0,4.13,2.63,19.33,0.024,3.38,3.15,0.018,0.23,0.123,187.7,192.2,4.67,425.0,425.0,425.0,424.8
0,0.72,0,4.15,2.69,19.29,0.023,3.51,3.28,0.018,0.23,0.122,187.7,192.2,4.68,425.0,424.9,425.0,424.9
0,0.7,0,4.13,2.74,19.3,0.023,3.16,2.93,0.018,0.23,0.121,187.7,192.2,4.67,425.1,425.0,425.0,424.7
0,0.73,0,4.02,2.78,19.34,0.023,2.97,2.74,0.017,0.23,0.118,187.7,192.2,4.64,425.0,424.6,425.0,424.9
0,0.72,0,3.97,2.83,19.31,0.023,2.88,2.65,0.018,0.23,0.122,187.7,192.2,4.61,424.7,425.0,425.0,425.3
0,0.74,0,3.93,2.78,19.33,0.024,3.3,3.07,0.019,0.23,0.125,187.8,192.2,4.67,424.6,425.1,425.0,425.0
0,0.72,0,3.99,2.72,19.34,0.024,3.02,2.79,0.019,0.23,0.128,187.8,192.2,4.63,424.7,425.5,425.0,425.0
0,0.72,0,4.0,2.73,19.32,0.023,2.84,2.61,0.018,0.23,0.122,187.8,192.2,4.69,424.9,425.2,425.0,425.0
0,0.71,0,4.0,2.77,19.31,0.022,3.37,3.14,0.017,0.23,0.117,187.8,192.2,4.67,425.0,425.1,424.9,424.8
0,0.71,0,4.03,2.67,19.31,0.022,3.49,3.26,0.017,0.23,0.115,187.8,192.2,4.66,425.0,425.2,425.0,425.0
0,0.73,0,4.06,2.62,19.32,0.022,3.03,2.8,0.017,0.23,0.117,187.8,192.2,4.62,425.2,425.2,425.0,425.4
0,0.74,0,4.07,2.63,19.31,0.024,3.69,3.46,0.019,0.23,0.128,187.8,192.2,4.61,425.2,425.1,425.1,425.4
0,0.71,0,4.22,2.69,19.34,0.024,3.21,2.98,0.018,0.23,0.123,187.8,192.2,4.67,425.1,425.1,425.0,425.4
0,0.75,0,4.18,2.72,19.36,0.025,3.29,3.06,0.02,0.23,0.131,187.8,192.2,4.72,425.0,425.1,424.9,425.7
0,0.74,0,4.21,2.73,19.34,0.025,2.7,2.47,0.02,0.23,0.131,187.8,192.2,4.66,425.0,424.8,425.1,425.4
0,0.71,0,4.23,2.7,19.31,0.024,2.89,2.66,0.018,0.23,0.124,187.8,192.2,4.63,425.1,425.4,425.0,425.2
0,0.74,0,4.21,2.66,19.36,0.023,2.84,2.61,0.018,0.23,0.122,187.8,192.2,4.67,425.2,425.3,424.9,425.0
0,0.74,0,4.11,2.74,19.36,0.023,2.58,2.35,0.017,0.23,0.12,187.8,192.2,4.72,425.1,425.0,425.0,425.0
0,0.74,0,4.11,2.6,19.33,0.022,2.53,2.3,0.017,0.23,0.117,187.8,192.2,4.65,425.0,424.8,425.0,425.0
0,0.71,0,4.12,2.75,19.31,0.021,3.1,2.87,0.016,0.23,0.112,187.8,192.2,4.63,424.9,425.2,425.0,425.0
0,0.72,0,4.12,2.74,19.31,0.023,3.46,3.23,0.018,0.23,0.123,187.8,192.3,4.61,424.9,425.0,425.0,425.0
0,0.72,0,4.14,2.81,19.3,0.024,3.64,3.41,0.019,0.23,0.126,187.8,192.2,4.71,424.8,425.1,425.1,425.5
0,0.74,0,4.03,2.74,19.34,0.025,3.08,2.85,0.02,0.23,0.131,187.8,192.3,4.65,425.0,425.3,425.0,425.1
0,0.72,0,4.18,2.71,19.33,0.024,3.36,3.13,0.019,0.23,0.126,187.9,192.3,4.62,425.0,424.7,424.8,425.2
0,0.72,0,4.23,2.72,19.31,0.023,2.44,2.21,0.017,0.23,0.118,187.9,192.3,4.65,425.3,424.6,425.0,424.8
0,0.74,0,4.16,2.76,19.36,0.023,2.7,2.47,0.017,0.23,0.119,187.9,192.3,4.61,425.2,425.0,425.2,424.9
0,0.74,0,4.2,2.8,19.36,0.022,2.66,2.43,0.016,0.23,0.113,187.9,192.2,4.66,425.1,424.8,425.0,424.7
0,0.76,0,4.17,2.78,19.35,0.022,3.47,3.24,0.017,0.23,0.115,187.9,192.3,4.69,424.9,424.9,424.7,424.6
0,0.74,0,4.21,2.63,19.35,0.023,3.26,3.03,0.018,0.23,0.121,187.9,192.3,4.64,424.9,425.0,425.0,424.7
0,0.75,0,4.21,2.77,19.32,0.024,2.81,2.58,0.019,0.23,0.128,187.9,192.2,4.6,424.9,425.1,424.9,425.0
0,0.72,0,4.24,2.72,19.34,0.024,3.43,3.2,0.019,0.23,0.126,187.9,192.3,4.67,425.0,424.8,425.0,425.6
0,0.73,0,4.23,2.75,19.36,0.024,3.38,3.15,0.019,0.23,0.126,187.9,192.3,4.62,425.0,425.1,425.1,425.1
0,0.74,0,4.17,2.7,19.34,0.025,3.19,2.96,0.019,0.23,0.129,187.9,192.3,4.67,425.1,425.1,425.0,425.1
0,0.75,0,4.23,2.68,19.32,0.023,2.83,2.6,0.018,0.23,0.122,187.9,192.3,4.64,425.2,425.1,424.9,425.1
0,0.74,0,4.19,2.74,19.33,0.022,3.47,3.24,0.017,0.23,0.116,188.0,192.3,4.72,424.9,425.2,424.9,425.1
0,0.73,0,4.2,2.72,19.33,0.023,3.2,2.97,0.017,0.23,0.119,187.9,192.3,4.68,424.9,424.9,425.0,424.7
0,0.71,0,4.25,2.71,19.31,0.023,2.94,2.71,0.018,0.23,0.122,187.9,192.3,4.65,424.9,425.2,425.0,424.8
0,0.73,0,4.25,2.78,19.32,0.023,2.93,2.7,0.018,0.23,0.123,187.9,192.3,4.63,424.9,425.1,425.1,425.5
0,0.73,0,4.21,2.66,19.31,0.023,3.34,3.11,0.017,0.23,0.119,187.9,192.3,4.62,424.9,425.3,425.0,425.0
0,0.73,0,4.23,2.66,19.35,0.025,3.3,3.07,0.02,0.23,0.132,188.0,192.3,4.64,425.1,425.1,425.0,424.9
0,0.73,0,4.17,2.57,19.36,0.025,3.13,2.9,0.019,0.23,0.129,188.0,192.3,4.67,425.1,424.9,425.0,425.0
0,0.72,0,4.23,2.7,19.32,0.023,3.41,3.18,0.018,0.23,0.12,188.0,192.3,4.62,424.9,424.9,425.0,425.3
0,0.72,0,4.26,2.55,19.37,0.023,2.74,2.51,0.018,0.23,0.122,188.0,192.4,4.69,424.9,424.8,425.0,424.7
0,0.71,0,4.23,2.65,19.31,0.023,3.44,3.21,0.018,0.23,0.121,188.0,192.4,4.64,425.1,424.8,424.9,425.0
0,0.72,0,4.17,2.67,19.32,0.024,3.01,2.78,0.019,0.23,0.125,188.0,192.4,4.6,425.0,425.8,425.1,425.4
0,0.71,0,4.31,2.65,19.27,0.024,3.29,3.06,0.019,0.23,0.125,188.0,192.4,4.62,425.2,425.1,425.0,425.4
0,0.73,0,4.26,2.69,19.31,0.024,3.24,3.01,0.018,0.23,0.123,188.0,192.3,4.63,425.3,425.3,425.0,425.1
0,0.72,0,4.27,2.71,19.29,0.024,3.18,2.95,0.019,0.23,0.126,188.0,192.3,4.64,425.2,425.1,425.0,424.9
0,0.73,0,4.21,2.62,19.31,0.024,2.42,2.19,0.018,0.23,0.124,188.0,192.4,4.61,425.1,424.9,424.9,425.5
0,0.74,0,4.25,2.71,19.36,0.022,3.14,2.91,0.017,0.23,0.117,188.0,192.4,4.65,424.9,424.9,425.0,425.4
0,0.72,0,4.24,2.76,19.36,0.023,3.64,3.41,0.018,0.23,0.12,188.0,192.4,4.7,424.8,425.1,425.0,425.2
0,0.72,0,4.26,2.72,19.33,0.023,3.81,3.58,0.018,0.23,0.122,188.0,192.4,4.65,424.7,425.3,425.0,425.3
0,0.73,0,4.27,2.67,19.34,0.024,3.66,3.43,0.019,0.23,0.128,188.0,192.4,4.7,424.8,424.7,424.9,425.2
0,0.75,0,4.19,2.73,19.36,0.025,3.69,3.46,0.019,0.23,0.129,188.0,192.3,4.68,424.9,425.1,425.0,425.0
0,0.74,0,4.27,2.66,19.34,0.024,3.31,3.08,0.019,0.23,0.125,188.0,192.3,4.62,424.9,425.0,424.9,424.8
0,0.73,0,4.2,2.77,19.36,0.022,2.91,2.68,0.017,0.23,0.116,188.0,192.4,4.63,425.1,425.2,425.0,425.1
0,0.73,0,4.2,2.7,19.34,0.022,3.49,3.26,0.017,0.23,0.118,188.0,192.4,4.66,425.1,425.2,424.8,424.7
0,0.73,0,4.27,2.66,19.34,0.023,3.05,2.82,0.018,0.23,0.12,188.0,192.4,4.63,425.3,424.7,425.0,425.0
0,0.72,0,4.28,2.57,19.34,0.023,3.17,2.94,0.018,0.23,0.122,188.0,192.4,4.68,425.2,425.2,425.0,425.0
0,0.72,0,4.26,2.63,19.34,0.023,3.23,3.0,0.018,0.23,0.12,188.1,192.4,4.66,425.0,425.0,424.9,425.2
0,0.73,0,4.26,2.7,19.3,0.024,3.15,2.92,0.018,0.23,0.124,188.1,192.4,4.62,425.0,425.1,424.9,424.9
0,0.72,0,4.26,2.68,19.31,0.023,3.46,3.23,0.018,0.23,0.122,188.1,192.4,4.6,424.9,425.3,424.7,425.1
0,0.73,0,4.16,2.67,19.34,0.024,3.43,3.2,0.019,0.23,0.127,188.0,192.3,4.69,424.7,424.8,424.9,425.2
0,0.72,0,4.26,2.68,19.3,0.024,3.72,3.49,0.019,0.23,0.128,188.0,192.4,4.66,424.7,424.8,425.0,425.1
0,0.73,0,4.21,2.68,19.34,0.025,3.01,2.78,0.02,0.23,0.13,188.0,192.3,4.6,424.8,425.0,425.0,425.2
0,0.72,0,4.29,2.77,19.33,0.024,2.95,2.72,0.018,0.23,0.123,188.0,192.3,4.67,425.0,425.2,425.0,425.1
0,0.72,0,4.23,2.73,19.34,0.022,3.37,3.14,0.017,0.23,0.117,188.0,192.4,4.64,425.0,425.0,424.9,424.9
0,0.72,0,4.26,2.67,19.33,0.022,2.97,2.74,0.016,0.23,0.113,188.0,192.4,4.7,425.1,425.1,425.0,425.2
0,0.72,0,4.22,2.71,19.32,0.022,3.07,2.84,0.017,0.23,0.116,188.0,192.4,4.67,425.3,425.1,425.0,425.3
0,0.72,0,4.26,2.66,19.31,0.024,2.79,2.56,0.019,0.23,0.125,188.0,192.4,4.65,425.2,425.3,424.9,424.9
0,0.75,0,4.08,2.72,19.36,0.023,3.32,3.09,0.018,0.23,0.12,188.0,192.4,4.7,425.1,424.7,425.0,424.9
0,0.72,0,4.19,2.66,19.32,0.024,3.02,2.79,0.018,0.23,0.124,188.0,192.4,4.66,425.0,425.1,424.9,425.0
0,0.74,0,4.07,2.76,19.33,0.023,2.82,2.59,0.018,0.23,0.121,188.0,192.4,4.6,424.9,425.1,425.1,425.0
0,0.74,0,4.06,2.7,19.36,0.023,3.22,2.99,0.018,0.23,0.121,188.0,192.4,4.67,424.9,424.9,425.0,425.1
0,0.72,0,4.15,2.71,19.32,0.024,3.69,3.46,0.019,0.23,0.127,188.0,192.4,4.6,424.9,425.0,425.0,425.1
0,0.73,0,4.18,2.68,19.34,0.024,3.32,3.09,0.019,0.23,0.127,188.0,192.4,4.66,424.9,425.1,424.9,424.3
0,0.7,0,4.13,2.6,19.3,0.023,3.53,3.3,0.018,0.23,0.123,188.1,192.4,4.67,425.0,425.4,425.1,424.7
0,0.71,0,4.03,2.7,19.32,0.022,3.07,2.84,0.017,0.23,0.118,188.1,192.4,4.63,425.1,424.9,424.9,425.1
0,0.72,0,3.93,2.76,19.34,0.022,2.91,2.68,0.016,0.23,0.114,188.1,192.4,4.69,425.3,425.2,425.0,425.4
0,0.72,0,3.98,2.83,19.28,0.022,2.93,2.7,0.017,0.23,0.115,188.0,192.4,4.68,425.2,425.3,425.0,425.6
0,0.73,0,3.93,2.75,19.36,0.023,3.39,3.16,0.018,0.23,0.122,188.1,192.4,4.64,425.0,425.3,425.1,425.3
0,0.73,0,4.01,2.73,19.34,0.024,2.86,2.63,0.019,0.23,0.126,188.0,192.4,4.68,425.0,424.9,425.0,425.5
0,0.72,0,3.99,2.49,19.32,0.023,2.99,2.76,0.018,0.23,0.122,188.0,192.4,4.68,425.0,424.7,425.0,425.0
0,0.73,0,4.02,2.74,19.34,0.022,3.16,2.93,0.017,0.23,0.116,188.1,192.4,4.61,424.6,424.9,424.9,425.1
0,0.73,0,4.05,2.7,19.33,0.023,4.05,3.82,0.018,0.23,0.12,188.1,192.4,4.69,424.7,424.7,424.9,425.0
0,0.73,0,4.1,2.69,19.31,0.025,3.65,3.42,0.02,0.23,0.132,188.1,192.4,4.67,425.0,425.0,424.9,425.0
0,0.7,0,4.09,2.68,19.28,0.024,3.12,2.89,0.019,0.23,0.128,188.0,192.4,4.68,425.0,425.0,425.1,425.6
0,0.71,0,4.11,2.6,19.31,0.024,3.05,2.82,0.019,0.23,0.126,188.0,192.4,4.67,425.0,424.9,424.9,425.3
0,0.71,0,3.98,2.7,19.32,0.022,2.75,2.52,0.017,0.23,0.117,188.1,192.4,4.64,425.1,424.9,425.0,425.3
0,0.71,0,4.04,2.46,19.32,0.023,2.63,2.4,0.017,0.23,0.119,188.1,192.4,4.62,425.0,425.0,425.0,425.0
0,0.72,0,4.12,2.7,19.37,0.024,2.94,2.71,0.018,0.23,0.124,188.1,192.4,4.65,424.7,425.1,425.0,424.9
0,0.72,0,4.11,2.72,19.3,0.024,3.25,3.02,0.019,0.23,0.125,188.1,192.4,4.65,424.7,425.7,424.8,424.6
0,0.72,0,4.12,2.72,19.28,0.024,3.44,3.21,0.019,0.23,0.128,188.1,192.4,4.66,424.8,425.3,425.0,425.1
0,0.7,0,4.17,2.66,19.33,0.025,3.08,2.85,0.02,0.23,0.131,188.1,192.4,4.62,425.1,424.9,425.0,425.3
0,0.72,0,4.08,2.66,19.33,0.024,3.41,3.18,0.019,0.23,0.127,188.1,192.4,4.66,425.1,424.9,425.0,425.4
0,0.72,0,3.97,2.69,19.33,0.024,2.86,2.63,0.019,0.23,0.126,188.1,192.4,4.62,425.1,424.9,425.1,425.4
0,0.71,0,3.93,2.77,19.32,0.023,3.12,2.89,0.018,0.23,0.123,188.1,192.4,4.61,425.1,424.7,425.0,425.1
0,0.7,0,3.98,2.66,19.28,0.022,2.53,2.3,0.017,0.23,0.114,188.0,192.4,4.63,425.0,425.3,425.0,424.6
0,0.72,0,3.93,2.8,19.29,0.021,3.32,3.09,0.016,0.23,0.111,188.1,192.4,4.62,425.1,425.1,425.1,425.5
0,0.72,0,3.93,2.73,19.31,0.022,2.83,2.6,0.017,0.23,0.116,188.1,192.4,4.6,425.1,425.6,425.0,425.0
0,0.72,0,4.08,2.74,19.28,0.025,3.28,3.05,0.019,0.23,0.129,188.1,192.4,4.63,424.8,425.0,425.1,425.1
0,0.72,0,4.04,2.76,19.34,0.025,3.11,2.88,0.019,0.23,0.129,188.1,192.4,4.71,424.7,424.9,425.0,425.0
0,0.71,0,3.97,2.72,19.31,0.024,2.97,2.74,0.018,0.23,0.124,188.1,192.4,4.66,424.8,424.7,425.0,425.0
0,0.72,0,4.02,2.69,19.36,0.023,2.88,2.65,0.018,0.23,0.12,188.1,192.4,4.71,425.0,425.2,425.0,424.7
0,0.72,0,4.06,2.72,19.33,0.022,3.18,2.95,0.017,0.23,0.118,188.1,192.4,4.61,425.2,425.1,425.2,425.0
0,0.72,0,3.99,2.63,19.33,0.023,2.89,2.66,0.018,0.23,0.122,188.0,192.4,4.67,425.2,425.2,425.1,425.3
0,0.73,0,4.09,2.64,19.33,0.024,2.86,2.63,0.019,0.23,0.125,188.0,192.3,4.63,425.1,424.9,425.0,425.3
0,0.73,0,4.09,2.72,19.37,0.023,3.06,2.83,0.018,0.23,0.122,188.1,192.4,4.62,425.1,425.1,424.9,425.1
0,0.72,0,4.08,2.77,19.37,0.024,2.89,2.66,0.019,0.23,0.126,188.0,192.3,4.66,425.0,425.1,425.0,424.9
0,0.73,0,3.97,2.76,19.34,0.023,2.89,2.66,0.018,0.23,0.123,188.0,192.3,4.71,425.0,424.9,425.0,424.7
0,0.72,0,3.96,2.69,19.31,0.023,2.99,2.76,0.017,0.23,0.119,188.0,192.4,4.69,424.9,424.6,425.0,424.6
0,0.72,0,4.06,2.68,19.29,0.023,2.65,2.42,0.018,0.23,0.121,188.0,192.4,4.69,424.8,425.0,425.0,425.1
0,0.73,0,3.97,2.77,19.33,0.023,2.99,2.76,0.018,0.23,0.119,188.1,192.4,4.64,424.9,424.9,425.1,425.1
0,0.72,0,4.05,2.63,19.34,0.023,2.77,2.54,0.018,0.23,0.121,188.1,192.4,4.72,425.0,424.8,425.0,425.0
0,0.73,0,4.02,2.71,19.28,0.023,3.01,2.78,0.018,0.23,0.121,188.0,192.4,4.61,425.0,425.1,425.0,425.4
0,0.73,0,4.09,2.67,19.33,0.024,2.96,2.73,0.019,0.23,0.127,188.1,192.4,4.67,425.1,424.9,424.9,425.5
0,0.71,0,4.02,2.74,19.32,0.024,3.43,3.2,0.018,0.23,0.124,188.1,192.3,4.65,425.3,425.1,424.9,425.5
0,0.71,0,4.06,2.66,19.35,0.025,3.76,3.53,0.02,0.23,0.131,187.9,192.2,4.7,425.3,425.1,425.0,425.0
0,0.7,0,3.99,2.75,19.34,0.025,3.1,2.87,0.019,0.23,0.129,188.1,192.4,4.64,425.2,425.1,425.0,425.3
0,0.7,0,3.97,2.62,19.31,0.023,3.23,3.0,0.017,0.23,0.119,187.9,192.3,4.62,425.1,425.3,424.8,425.1
0,0.73,0,3.94,2.69,19.35,0.022,2.49,2.26,0.016,0.23,0.114,188.1,192.4,4.67,425.0,425.1,425.0,425.2
0,0.73,0,3.98,2.68,19.36,0.022,3.01,2.78,0.017,0.23,0.116,187.9,192.3,4.71,425.1,425.1,424.9,425.7
0,0.71,0,4.04,2.61,19.29,0.023,2.85,2.62,0.017,0.23,0.118,187.9,192.3,4.7,424.9,425.4,425.0,425.1
0,0.71,0,4.12,2.72,19.3,0.023,3.39,3.16,0.018,0.23,0.121,187.9,192.3,4.69,424.7,424.9,425.0,425.0
0,0.73,0,4.14,2.68,19.35,0.025,3.25,3.02,0.019,0.23,0.129,187.9,192.3,4.64,425.0,425.7,425.0,424.9
0,0.73,0,4.13,2.68,19.32,0.024,2.83,2.6,0.018,0.23,0.124,187.9,192.3,4.61,425.1,425.2,425.0,424.9
0,0.72,0,4.14,2.77,19.32,0.023,3.26,3.03,0.018,0.23,0.121,187.9,192.3,4.6,425.1,425.0,425.0,425.8
0,0.74,0,4.11,2.68,19.34,0.023,3.05,2.82,0.018,0.23,0.123,188.1,192.4,4.66,425.1,425.5,425.0,424.7
0,0.72,0,4.25,2.69,19.31,0.023,2.72,2.49,0.017,0.23,0.118,188.1,192.4,4.65,425.1,425.1,425.1,424.5
0,0.72,0,4.25,2.59,19.34,0.022,3.35,3.12,0.017,0.23,0.117,188.1,192.4,4.61,425.1,425.4,425.0,424.8
0,0.71,0,4.25,2.66,19.36,0.023,2.42,2.19,0.018,0.23,0.123,188.0,192.4,4.66,425.1,425.1,424.9,425.3
0,0.72,0,4.24,2.64,19.35,0.022,3.24,3.01,0.017,0.23,0.116,188.1,192.4,4.7,425.1,425.1,425.0,425.3
0,0.73,0,4.1,2.68,19.34,0.022,2.69,2.46,0.017,0.23,0.116,188.0,192.4,4.64,425.0,425.5,425.0,424.7
0,0.71,0,4.1,2.69,19.31,0.022,3.22,2.99,0.017,0.23,0.116,188.0,192.4,4.61,425.0,425.3,425.0,424.8
0,0.72,0,4.12,2.69,19.31,0.023,3.75,3.52,0.018,0.23,0.122,188.0,192.3,4.6,425.2,425.2,425.0,425.2
0,0.73,0,4.14,2.68,19.32,0.025,3.49,3.26,0.02,0.23,0.131,188.0,192.3,4.68,425.3,425.1,425.0,425.7
0,0.69,0,4.28,2.68,19.3,0.025,3.0,2.77,0.019,0.23,0.129,188.0,192.3,4.69,425.2,424.9,424.9,424.8
0,0.73,0,4.27,2.68,19.34,0.024,3.14,2.91,0.019,0.23,0.125,188.0,192.3,4.66,425.1,425.1,425.0,424.9
0,0.74,0,4.25,2.69,19.32,0.023,2.94,2.71,0.018,0.23,0.119,188.0,192.3,4.62,425.0,425.1,424.9,424.9
0,0.72,0,4.23,2.75,19.33,0.022,2.81,2.58,0.017,0.23,0.117,188.0,192.3,4.69,424.9,425.4,424.9,424.8
0,0.74,0,4.21,2.68,19.36,0.022,2.62,2.39,0.017,0.23,0.116,188.0,192.4,4.63,425.0,425.0,425.0,424.9
0,0.74,0,4.16,2.75,19.37,0.023,3.21,2.98,0.017,0.23,0.118,188.0,192.3,4.66,425.0,425.1,425.0,424.8
0,0.72,0,4.27,2.71,19.32,0.024,3.07,2.84,0.018,0.23,0.124,188.0,192.3,4.63,425.1,425.1,425.0,425.1
0,0.73,0,4.26,2.76,19.31,0.024,2.92,2.69,0.019,0.23,0.125,188.0,192.4,4.62,425.1,425.0,425.0,424.8
0,0.74,0,4.21,2.69,19.32,0.024,3.04,2.81,0.019,0.23,0.126,188.0,192.4,4.7,425.0,425.0,425.0,424.6
0,0.71,0,4.29,2.66,19.33,0.024,2.74,2.51,0.019,0.23,0.126,188.0,192.3,4.65,424.9,424.8,425.1,425.1
0,0.73,0,4.24,2.73,19.37,0.024,3.61,3.38,0.019,0.23,0.126,188.0,192.4,4.7,424.8,425.2,425.0,425.3
0,0.71,0,4.29,2.72,19.32,0.025,3.26,3.03,0.019,0.23,0.129,188.0,192.3,4.68,424.8,424.7,425.0,425.0
0,0.72,0,4.23,2.66,19.3,0.022,3.22,2.99,0.017,0.23,0.118,187.9,192.3,4.67,424.8,425.0,425.0,424.9
0,0.74,0,4.27,2.58,19.37,0.022,3.57,3.34,0.017,0.23,0.117,188.0,192.3,4.6,424.9,425.4,425.0,425.2
0,0.72,0,4.22,2.71,19.38,0.023,3.14,2.91,0.018,0.23,0.121,188.0,192.4,4.64,425.0,425.5,425.0,425.0
0,0.71,0,4.27,2.67,19.33,0.023,3.54,3.31,0.018,0.23,0.123,187.9,192.3,4.68,425.2,424.9,425.0,425.7
0,0.7,0,4.23,2.74,19.31,0.023,3.05,2.82,0.018,0.23,0.12,187.9,192.3,4.65,425.3,424.8,424.9,425.0
0,0.74,0,4.25,2.66,19.32,0.025,3.71,3.48,0.02,0.23,0.13,187.9,192.3,4.67,425.2,425.0,425.0,425.4
0,0.73,0,4.24,2.73,19.3,0.025,3.35,3.12,0.02,0.23,0.131,187.9,192.3,4.65,425.0,425.0,425.0,425.2
0,0.73,0,4.26,2.65,19.34,0.025,2.93,2.7,0.019,0.23,0.128,187.9,192.3,4.71,424.9,425.0,425.0,424.9
0,0.71,0,4.21,2.71,19.29,0.022,3.34,3.11,0.017,0.23,0.116,187.9,192.3,4.68,424.7,425.1,425.0,424.6
0,0.71,0,4.25,2.71,19.33,0.022,2.92,2.69,0.017,0.23,0.115,187.9,192.3,4.68,424.8,425.1,425.1,424.8
0,0.72,0,4.27,2.64,19.26,0.022,2.92,2.69,0.017,0.23,0.118,188.0,192.3,4.67,425.0,424.9,425.0,424.9
0,0.71,0,4.24,2.72,19.31,0.023,2.82,2.59,0.018,0.23,0.121,188.0,192.3,4.65,425.0,425.3,425.0,425.2
0,0.72,0,4.19,2.68,19.33,0.024,2.86,2.63,0.019,0.23,0.127,188.0,192.3,4.66,425.1,424.6,425.0,425.4
0,0.73,0,4.23,2.63,19.3,0.023,3.16,2.93,0.018,0.23,0.121,187.9,192.3,4.66,425.1,425.0,425.0,425.3
0,0.71,0,4.23,2.75,19.28,0.024,2.73,2.5,0.019,0.23,0.127,187.9,192.4,4.67,425.0,425.0,424.9,424.6
0,0.71,0,4.2,2.74,19.34,0.024,3.1,2.87,0.019,0.23,0.126,187.9,192.3,4.64,425.0,424.9,425.0,425.1
0,0.71,0,4.24,2.72,19.34,0.024,3.44,3.21,0.018,0.23,0.124,187.9,192.3,4.69,425.3,425.2,424.9,425.1
0,0.73,0,4.2,2.75,19.28,0.025,3.3,3.07,0.019,0.23,0.129,187.9,192.3,4.7,425.4,425.0,425.0,425.0
0,0.72,0,4.2,2.77,19.34,0.023,2.59,2.36,0.018,0.23,0.12,188.0,192.3,4.65,425.4,425.5,425.1,425.0
0,0.72,0,4.21,2.73,19.33,0.022,3.24,3.01,0.016,0.23,0.113,188.0,192.3,4.6,425.3,425.3,425.0,424.6
0,0.73,0,4.23,2.73,19.32,0.022,2.62,2.39,0.017,0.23,0.115,187.9,192.3,4.69,425.1,425.1,424.9,425.1
0,0.7,0,4.23,2.72,19.29,0.022,2.91,2.68,0.017,0.23,0.117,187.9,192.3,4.7,424.9,425.6,425.0,425.3
0,0.74,0,4.18,2.74,19.33,0.023,3.16,2.93,0.018,0.23,0.122,187.9,192.3,4.67,424.8,425.0,425.0,425.0
0,0.7,0,4.27,2.71,19.31,0.024,2.78,2.55,0.019,0.23,0.125,187.9,192.3,4.65,424.9,425.3,425.0,425.0
0,0.72,0,4.19,2.7,19.37,0.024,3.2,2.97,0.019,0.23,0.126,187.9,192.3,4.61,424.9,425.8,425.0,425.0
0,0.72,0,4.22,2.66,19.37,0.024,3.19,2.96,0.019,0.23,0.127,187.9,192.3,4.64,424.9,425.1,425.0,425.0
0,0.71,0,4.31,2.7,19.33,0.024,3.05,2.82,0.019,0.23,0.127,187.9,192.3,4.7,425.0,425.1,425.0,424.9
0,0.72,0,4.23,2.66,19.36,0.024,3.28,3.05,0.018,0.23,0.124,188.0,192.3,4.64,425.1,425.0,425.0,424.9
0,0.69,0,4.26,2.66,19.29,0.023,2.97,2.74,0.018,0.23,0.122,187.9,192.3,4.63,425.3,425.1,425.0,425.4
0,0.73,0,4.24,2.72,19.33,0.022,3.44,3.21,0.017,0.23,0.116,187.9,192.3,4.69,425.3,425.2,425.0,425.0
0,0.73,0,4.24,2.63,19.34,0.023,3.34,3.11,0.018,0.23,0.122,187.9,192.3,4.66,424.9,425.0,425.0,424.5
0,0.73,0,4.23,2.64,19.33,0.023,3.19,2.96,0.018,0.23,0.12,188.0,192.3,4.64,424.8,425.1,425.1,424.8
0,0.71,0,4.19,2.69,19.29,0.024,2.99,2.76,0.019,0.23,0.125,188.0,192.3,4.7,424.9,425.4,425.0,424.8
0,0.73,0,4.22,2.66,19.3,0.024,3.2,2.97,0.018,0.23,0.123,187.9,192.3,4.69,424.9,425.0,424.9,425.6
0,0.74,0,4.09,2.69,19.35,0.023,3.05,2.82,0.018,0.23,0.12,187.9,192.3,4.61,424.9,425.3,425.0,425.0
0,0.73,0,4.01,2.78,19.32,0.023,3.57,3.34,0.017,0.23,0.118,187.9,192.3,4.64,424.9,425.1,425.0,425.0
0,0.74,0,4.04,2.71,19.37,0.023,3.77,3.54,0.018,0.23,0.121,187.9,192.3,4.68,424.9,425.3,424.9,425.6
0,0.74,0,4.16,2.71,19.36,0.023,3.8,3.57,0.018,0.23,0.122,187.9,192.3,4.62,425.0,425.2,425.0,425.3
0,0.73,0,4.2,2.64,19.35,0.024,3.35,3.12,0.019,0.23,0.125,187.9,192.3,4.67,425.2,424.9,424.9,425.6
0,0.73,0,4.21,2.57,19.34,0.024,2.95,2.72,0.019,0.23,0.125,187.9,192.3,4.67,425.1,425.1,425.0,425.3
0,0.74,0,4.25,2.57,19.34,0.024,3.35,3.12,0.019,0.23,0.125,188.0,192.3,4.6,425.0,425.4,425.0,425.0
0,0.73,0,4.24,2.68,19.32,0.023,2.77,2.54,0.018,0.23,0.123,188.0,192.3,4.7,424.9,425.1,425.0,425.1
0,0.72,0,4.21,2.7,19.29,0.022,2.88,2.65,0.017,0.23,0.118,188.0,192.3,4.69,424.9,424.9,425.0,425.1
0,0.72,0,4.25,2.71,19.34,0.022,3.06,2.83,0.017,0.23,0.117,188.0,192.3,4.64,424.9,425.0,425.0,425.1
0,0.74,0,4.24,2.65,19.36,0.023,2.79,2.56,0.018,0.23,0.122,188.0,192.3,4.69,424.9,425.0,425.0,425.2
0,0.72,0,4.26,2.63,19.33,0.022,2.92,2.69,0.017,0.23,0.117,188.0,192.3,4.65,425.0,425.0,425.0,424.9
0,0.73,0,4.21,2.69,19.29,0.023,2.83,2.6,0.018,0.23,0.121,188.0,192.3,4.64,424.9,425.1,425.0,424.7
0,0.73,0,4.23,2.7,19.31,0.023,3.11,2.88,0.018,0.23,0.12,188.0,192.3,4.63,425.0,425.0,424.9,424.9
0,0.71,0,4.23,2.7,19.28,0.024,2.97,2.74,0.019,0.23,0.125,188.0,192.3,4.64,425.2,425.4,425.0,425.2
0,0.72,0,4.2,2.63,19.31,0.023,2.99,2.76,0.018,0.23,0.121,188.0,192.3,4.63,425.3,425.0,425.0,425.4
0,0.71,0,4.26,2.62,19.31,0.025,3.3,3.07,0.019,0.23,0.129,188.0,192.4,4.62,425.3,425.1,425.0,425.5
0,0.71,0,4.22,2.71,19.28,0.023,3.48,3.25,0.018,0.23,0.122,187.9,192.3,4.71,425.0,424.9,424.9,425.7
0,0.71,0,4.22,2.68,19.29,0.023,3.38,3.15,0.017,0.23,0.119,188.0,192.3,4.71,424.9,424.8,425.1,424.8
0,0.73,0,4.23,2.76,19.33,0.025,3.16,2.93,0.019,0.23,0.129,188.0,192.3,4.66,424.9,425.0,425.1,425.0
0,0.72,0,4.15,2.68,19.35,0.024,3.44,3.21,0.018,0.23,0.123,187.9,192.3,4.63,425.0,425.3,424.9,425.2
0,0.73,0,4.25,2.74,19.33,0.023,3.28,3.05,0.018,0.23,0.121,188.0,192.3,4.68,424.9,424.6,425.0,425.2
0,0.71,0,4.22,2.76,19.27,0.023,2.78,2.55,0.018,0.23,0.122,187.9,192.3,4.6,424.9,425.1,425.0,425.3
0,0.73,0,4.22,2.68,19.34,0.022,2.91,2.68,0.016,0.23,0.114,188.0,192.3,4.68,424.9,424.7,425.0,425.5
0,0.73,0,4.17,2.69,19.32,0.023,3.03,2.8,0.017,0.23,0.119,188.0,192.3,4.6,425.0,425.0,424.9,425.1
0,0.7,0,4.26,2.64,19.3,0.024,3.33,3.1,0.019,0.23,0.125,187.9,192.3,4.71,425.2,424.8,424.8,425.4
0,0.74,0,4.17,2.57,19.32,0.024,3.05,2.82,0.019,0.23,0.126,188.0,192.3,4.66,425.2,425.0,425.0,425.2
0,0.71,0,4.22,2.69,19.31,0.023,2.93,2.7,0.018,0.23,0.123,188.0,192.3,4.65,425.2,425.2,425.0,425.1
0,0.7,0,4.27,2.71,19.33,0.023,3.14,2.91,0.018,0.23,0.12,187.9,192.3,4.62,425.1,425.2,425.0,425.3
0,0.72,0,4.25,2.66,19.33,0.024,2.88,2.65,0.019,0.23,0.125,187.9,192.3,4.69,424.9,424.9,424.9,424.9
0,0.73,0,4.21,2.65,19.31,0.023,3.25,3.02,0.018,0.23,0.12,188.0,192.3,4.68,424.9,425.1,425.0,425.3
0,0.73,0,4.21,2.63,19.31,0.023,2.9,2.67,0.018,0.23,0.122,188.0,192.3,4.64,424.9,425.2,425.0,425.2
0,0.71,0,4.26,2.58,19.33,0.024,2.93,2.7,0.018,0.23,0.123,187.9,192.3,4.6,425.0,424.9,425.1,425.5
0,0.7,0,4.22,2.6,19.33,0.022,3.64,3.41,0.017,0.23,0.116,188.0,192.3,4.66,424.9,425.0,424.9,425.1
0,0.74,0,4.21,2.75,19.32,0.024,3.77,3.54,0.019,0.23,0.126,187.9,192.3,4.66,425.0,425.3,424.9,425.4
0,0.71,0,4.25,2.68,19.32,0.024,2.77,2.54,0.019,0.23,0.127,188.0,192.3,4.66,425.2,424.9,425.0,424.8
0,0.72,0,4.21,2.72,19.35,0.023,2.74,2.51,0.018,0.23,0.121,187.9,192.3,4.61,425.0,425.4,425.0,424.8
0,0.73,0,4.17,2.72,19.33,0.023,2.82,2.59,0.017,0.23,0.118,187.9,192.3,4.65,425.0,425.5,424.9,425.0
0,0.73,0,4.26,2.76,19.34,0.023,2.93,2.7,0.017,0.23,0.118,187.9,192.3,4.61,424.8,424.6,424.9,425.1
0,0.72,0,4.23,2.74,19.35,0.023,3.69,3.46,0.018,0.23,0.122,187.9,192.3,4.67,424.6,425.1,424.9,425.0
0,0.72,0,4.25,2.7,19.33,0.023,3.59,3.36,0.018,0.23,0.122,187.9,192.3,4.63,424.6,425.3,424.9,425.5
0,0.7,0,4.21,2.74,19.31,0.024,3.6,3.37,0.018,0.23,0.124,187.9,192.3,4.6,424.8,425.2,424.8,425.2
0,0.71,0,4.24,2.74,19.35,0.025,3.73,3.5,0.019,0.23,0.129,187.9,192.3,4.65,424.9,425.2,425.0,425.0
0,0.72,0,4.24,2.69,19.33,0.025,3.73,3.5,0.02,0.23,0.132,187.9,192.3,4.6,424.9,424.9,425.0,424.9
0,0.72,0,4.18,2.72,19.36,0.024,3.18,2.95,0.019,0.23,0.128,188.0,192.3,4.65,425.0,425.1,424.8,425.0
0,0.72,0,4.21,2.69,19.34,0.022,2.53,2.3,0.017,0.23,0.118,188.0,192.3,4.65,425.1,425.3,425.0,425.4
0,0.72,0,4.22,2.72,19.31,0.023,3.11,2.88,0.017,0.23,0.119,188.0,192.3,4.62,425.2,425.4,425.1,425.3
0,0.71,0,4.17,2.66,19.33,0.024,2.99,2.76,0.019,0.23,0.127,188.0,192.3,4.65,424.9,425.3,425.1,425.2
0,0.7,0,4.17,2.69,19.31,0.023,3.34,3.11,0.018,0.23,0.123,188.0,192.3,4.63,424.8,424.9,425.0,424.7
0,0.72,0,4.25,2.71,19.31,0.023,3.93,3.7,0.018,0.23,0.119,188.0,192.3,4.59,424.8,424.7,425.0,425.0
0,0.7,0,4.19,2.53,19.32,0.025,3.36,3.13,0.019,0.23,0.13,188.0,192.3,4.69,424.9,425.1,425.0,425.4
0,0.69,0,4.25,2.77,19.29,0.025,3.61,3.38,0.02,0.23,0.13,188.0,192.3,4.68,424.9,425.0,424.8,425.4
0,0.72,0,4.25,2.66,19.32,0.024,2.94,2.71,0.019,0.23,0.125,187.9,192.2,4.65,425.0,425.0,425.1,424.9
0,0.74,0,4.27,2.72,19.37,0.023,3.02,2.79,0.018,0.23,0.12,188.0,192.3,4.68,424.9,424.5,425.0,425.0
0,0.72,0,4.25,2.62,19.34,0.022,3.12,2.89,0.017,0.23,0.118,188.0,192.3,4.61,424.7,425.0,425.0,425.1
0,0.72,0,4.2,2.7,19.28,0.022,2.81,2.58,0.017,0.23,0.118,188.0,192.3,4.64,424.7,425.1,425.0,425.1
0,0.74,0,4.21,2.59,19.35,0.023,3.0,2.77,0.018,0.23,0.12,188.0,192.3,4.68,424.8,425.2,425.0,425.3
0,0.74,0,4.2,2.69,19.38,0.023,3.14,2.91,0.018,0.23,0.123,188.0,192.3,4.69,425.0,425.3,425.0,425.0
0,0.74,0,4.14,2.73,19.37,0.024,3.16,2.93,0.019,0.23,0.126,187.9,192.3,4.61,425.1,425.2,425.0,424.8
0,0.72,0,4.14,2.68,19.34,0.023,3.58,3.35,0.018,0.23,0.12,187.9,192.3,4.67,425.2,425.0,424.9,424.8
0,0.74,0,4.12,2.84,19.38,0.022,3.44,3.21,0.017,0.23,0.115,187.9,192.2,4.63,425.1,425.3,425.1,424.9
0,0.74,0,4.24,2.71,19.31,0.025,3.29,3.06,0.019,0.23,0.129,187.9,192.2,4.6,425.1,425.1,425.0,425.1
0,0.73,0,4.19,2.65,19.35,0.024,3.52,3.29,0.019,0.23,0.128,187.9,192.2,4.6,425.1,424.7,425.0,425.1
0,0.73,0,4.15,2.72,19.38,0.024,2.84,2.61,0.018,0.23,0.124,187.9,192.2,4.65,425.0,425.1,425.0,425.5
0,0.71,0,4.23,2.68,19.31,0.022,3.38,3.15,0.017,0.23,0.116,187.9,192.2,4.6,425.0,425.0,425.0,425.4
0,0.73,0,4.21,2.72,19.35,0.022,3.17,2.94,0.017,0.23,0.116,188.0,192.3,4.66,425.0,424.9,425.0,425.1
0,0.72,0,4.27,2.67,19.33,0.022,3.33,3.1,0.017,0.23,0.115,187.9,192.2,4.6,425.0,425.6,424.9,424.6
0,0.7,0,4.24,2.71,19.33,0.022,3.38,3.15,0.017,0.23,0.117,187.9,192.2,4.71,425.0,425.0,425.0,425.1
0,0.72,0,4.23,2.72,19.32,0.024,3.11,2.88,0.018,0.23,0.124,187.9,192.2,4.66,425.3,425.1,425.0,425.1
0,0.73,0,4.23,2.55,19.34,0.023,3.2,2.97,0.018,0.23,0.123,187.9,192.3,4.69,425.3,425.1,425.0,424.9
0,0.74,0,4.22,2.76,19.34,0.024,2.92,2.69,0.019,0.23,0.125,187.9,192.3,4.63,425.2,425.0,424.9,425.0
0,0.73,0,4.22,2.69,19.33,0.024,2.39,2.16,0.018,0.23,0.124,187.9,192.2,4.69,425.0,425.2,425.0,424.8
0,0.73,0,4.25,2.54,19.34,0.023,2.77,2.54,0.018,0.23,0.12,187.9,192.3,4.62,424.8,425.2,425.0,425.2
0,0.71,0,4.2,2.72,19.31,0.022,2.85,2.62,0.017,0.23,0.115,187.9,192.3,4.68,424.8,425.0,425.0,425.1
0,0.71,0,4.23,2.68,19.34,0.023,3.1,2.87,0.018,0.23,0.121,187.9,192.3,4.64,424.9,424.9,425.1,424.9
0,0.7,0,4.22,2.69,19.3,0.025,3.2,2.97,0.019,0.23,0.129,187.9,192.2,4.64,425.1,424.9,425.0,425.2
0,0.72,0,4.26,2.74,19.32,0.024,3.09,2.86,0.019,0.23,0.127,187.9,192.3,4.64,425.3,425.2,425.0,425.0
0,0.72,0,4.19,2.79,19.32,0.024,2.95,2.72,0.018,0.23,0.123,187.9,192.3,4.62,425.3,424.9,425.0,424.7
0,0.71,0,4.26,2.64,19.31,0.024,3.57,3.34,0.018,0.23,0.123,187.9,192.3,4.61,425.3,425.1,424.9,425.3
0,0.69,0,4.27,2.68,19.3,0.025,3.03,2.8,0.02,0.23,0.13,187.9,192.3,4.71,425.0,424.9,425.0,425.6
0,0.72,0,4.28,2.7,19.34,0.022,2.41,2.18,0.017,0.23,0.115,187.9,192.3,4.65,424.9,425.0,425.1,425.0
0,0.72,0,4.27,2.51,19.34,0.021,3.34,3.11,0.016,0.23,0.111,187.9,192.3,4.6,424.8,424.9,425.0,425.0
0,0.72,0,4.19,2.7,19.31,0.023,3.31,3.08,0.018,0.23,0.121,187.9,192.3,4.69,424.9,424.6,425.0,425.0
0,0.73,0,4.24,2.65,19.33,0.025,3.04,2.81,0.02,0.23,0.13,187.9,192.3,4.64,424.9,425.1,424.9,424.7
0,0.71,0,4.22,2.69,19.34,0.025,2.95,2.72,0.019,0.23,0.128,187.9,192.3,4.72,425.0,425.0,425.0,425.5
0,0.72,0,4.26,2.61,19.35,0.023,3.36,3.13,0.017,0.23,0.119,187.9,192.3,4.65,424.9,424.9,424.9,425.4
0,0.72,0,4.26,2.54,19.33,0.024,3.55,3.32,0.018,0.23,0.124,187.9,192.3,4.62,425.0,424.9,425.0,425.4
0,0.7,0,4.21,2.72,19.31,0.022,2.79,2.56,0.017,0.23,0.118,188.0,192.3,4.61,425.1,425.0,425.1,425.6
0,0.73,0,4.2,2.69,19.34,0.023,3.53,3.3,0.018,0.23,0.12,187.9,192.3,4.71,425.0,425.0,425.1,425.1
0,0.72,0,4.22,2.48,19.33,0.025,2.9,2.67,0.02,0.23,0.131,187.9,192.3,4.62,424.8,425.1,425.0,425.1
0,0.72,0,4.26,2.69,19.32,0.023,2.82,2.59,0.017,0.23,0.119,187.9,192.3,4.67,424.9,425.2,424.9,424.9
0,0.72,0,4.22,2.74,19.32,0.023,3.22,2.99,0.018,0.23,0.12,187.9,192.3,4.65,425.0,425.1,425.1,425.4
0,0.72,0,4.19,2.71,19.33,0.025,3.01,2.78,0.019,0.23,0.129,187.9,192.3,4.69,425.2,425.0,425.0,424.9
0,0.7,0,4.17,2.76,19.31,0.023,2.75,2.52,0.018,0.23,0.123,187.9,192.3,4.68,425.1,425.0,425.0,425.1
0,0.72,0,4.23,2.54,19.31,0.022,3.46,3.23,0.017,0.23,0.116,187.9,192.3,4.65,425.1,425.1,425.0,425.8
0,0.7,0,4.2,2.72,19.31,0.022,3.34,3.11,0.017,0.23,0.117,187.9,192.3,4.64,425.0,425.1,425.0,425.1
0,0.7,0,4.27,2.71,19.31,0.023,3.07,2.84,0.017,0.23,0.12,187.9,192.3,4.63,424.9,425.2,425.0,425.3
0,0.73,0,4.25,2.6,19.35,0.024,2.86,2.63,0.019,0.23,0.125,188.0,192.3,4.67,424.8,425.5,424.9,425.0
0,0.72,0,4.19,2.72,19.35,0.024,2.67,2.44,0.018,0.23,0.123,188.0,192.3,4.61,424.7,424.9,425.1,425.7
0,0.73,0,4.22,2.7,19.37,0.023,3.23,3.0,0.018,0.23,0.12,188.0,192.3,4.66,424.9,424.5,424.9,425.3
0,0.72,0,4.19,2.74,19.33,0.024,3.34,3.11,0.018,0.23,0.124,187.9,192.3,4.6,425.0,424.7,424.9,425.2
0,0.72,0,4.16,2.7,19.37,0.023,3.17,2.94,0.018,0.23,0.122,187.9,192.3,4.65,425.0,425.0,424.9,424.9
0,0.72,0,4.25,2.66,19.35,0.024,3.19,2.96,0.018,0.23,0.124,188.0,192.4,4.7,425.1,425.1,425.0,425.0
0,0.72,0,4.26,2.71,19.34,0.025,2.82,2.59,0.019,0.23,0.129,187.9,192.3,4.66,425.0,425.0,424.9,425.2
0,0.71,0,4.23,2.65,19.34,0.023,2.67,2.44,0.018,0.23,0.121,188.0,192.3,4.68,424.9,425.1,425.0,425.4
0,0.72,0,4.19,2.62,19.34,0.022,2.76,2.53,0.017,0.23,0.116,188.0,192.4,4.6,425.0,424.9,425.1,425.2
0,0.72,0,4.25,2.79,19.37,0.023,3.17,2.94,0.017,0.23,0.119,187.9,192.3,4.65,425.1,424.9,424.9,425.3
0,0.73,0,4.21,2.75,19.33,0.024,3.46,3.23,0.019,0.23,0.126,187.9,192.3,4.64,425.2,425.2,425.0,425.1
0,0.73,0,4.26,2.66,19.34,0.024,3.02,2.79,0.019,0.23,0.127,187.9,192.3,4.68,425.1,425.1,425.0,425.1
0,0.71,0,4.29,2.69,19.33,0.024,3.03,2.8,0.019,0.23,0.127,187.9,192.3,4.65,425.1,425.1,425.0,424.8
0,0.74,0,4.24,2.68,19.37,0.023,3.45,3.22,0.017,0.23,0.118,187.9,192.3,4.67,424.9,425.0,424.9,424.9
0,0.73,0,4.14,2.68,19.33,0.023,2.62,2.39,0.018,0.23,0.122,187.9,192.3,4.64,425.0,425.1,425.0,425.1
0,0.72,0,4.16,2.71,19.33,0.022,3.06,2.83,0.017,0.23,0.115,187.9,192.3,4.72,425.2,425.3,424.7,424.9
0,0.72,0,4.2,2.72,19.29,0.023,3.78,3.55,0.018,0.23,0.121,187.9,192.3,4.62,425.5,425.1,425.1,425.7
0,0.72,0,4.19,2.63,19.32,0.023,3.14,2.91,0.018,0.23,0.12,187.9,192.3,4.71,425.3,425.2,425.1,425.0
0,0.71,0,4.15,2.66,19.34,0.023,2.87,2.64,0.017,0.23,0.119,187.9,192.3,4.66,425.2,425.2,424.9,425.5
0,0.71,0,4.03,2.77,19.34,0.023,3.42,3.19,0.018,0.23,0.122,187.9,192.3,4.66,424.9,425.1,425.0,424.9
0,0.74,0,3.97,2.73,19.36,0.024,3.23,3.0,0.019,0.23,0.128,187.9,192.3,4.68,424.9,425.0,425.0,424.9
0,0.72,0,4.02,2.79,19.31,0.024,3.57,3.34,0.019,0.23,0.128,187.9,192.3,4.66,424.9,425.0,425.0,425.1
0,0.71,0,3.99,2.79,19.31,0.024,3.1,2.87,0.019,0.23,0.128,187.9,192.3,4.65,425.0,425.3,425.0,425.0
0,0.73,0,4.09,2.69,19.32,0.023,2.49,2.26,0.018,0.23,0.12,187.9,192.3,4.7,425.2,425.1,425.0,425.4
0,0.71,0,4.04,2.74,19.3,0.022,3.55,3.32,0.017,0.23,0.118,187.9,192.3,4.68,425.1,424.6,425.1,424.9
0,0.73,0,3.94,2.77,19.36,0.023,2.73,2.5,0.018,0.23,0.121,187.9,192.3,4.69,424.9,424.8,425.0,425.1
0,0.73,0,3.92,2.65,19.33,0.023,3.05,2.82,0.017,0.23,0.119,188.0,192.4,4.66,424.9,425.1,424.9,425.3
0,0.72,0,4.0,2.7,19.34,0.023,2.84,2.61,0.018,0.23,0.121,188.0,192.4,4.64,424.9,425.3,425.0,424.7
0,0.7,0,4.1,2.68,19.3,0.024,2.83,2.6,0.018,0.23,0.124,188.0,192.3,4.63,424.9,425.4,425.0,425.1
0,0.71,0,3.99,2.77,19.32,0.023,2.96,2.73,0.017,0.23,0.119,188.0,192.3,4.71,425.0,425.1,425.0,425.1
0,0.69,0,4.09,2.78,19.31,0.024,3.35,3.12,0.019,0.23,0.127,188.0,192.3,4.67,425.1,425.1,424.9,425.3
0,0.72,0,4.08,2.69,19.32,0.024,3.85,3.62,0.019,0.23,0.126,187.9,192.3,4.62,425.1,425.3,425.0,425.2
0,0.72,0,4.0,2.72,19.34,0.025,2.88,2.65,0.019,0.23,0.129,188.0,192.3,4.68,425.0,424.9,425.0,425.2
0,0.72,0,3.89,2.74,19.3,0.023,2.75,2.52,0.018,0.23,0.122,187.9,192.3,4.65,424.9,425.1,425.0,424.9
0,0.73,0,3.98,2.79,19.34,0.023,2.5,2.27,0.017,0.23,0.118,188.0,192.4,4.63,424.9,425.3,425.0,424.9
0,0.72,0,3.95,2.77,19.31,0.022,3.24,3.01,0.016,0.23,0.114,187.9,192.3,4.71,424.8,425.2,425.0,425.4
0,0.73,0,4.01,2.73,19.35,0.023,3.98,3.75,0.017,0.23,0.119,187.9,192.3,4.63,424.9,424.5,425.0,425.3
0,0.72,0,4.07,2.75,19.35,0.024,3.37,3.14,0.018,0.23,0.124,187.9,192.3,4.7,424.9,425.4,425.1,424.8
0,0.73,0,4.18,2.69,19.33,0.023,3.49,3.26,0.017,0.23,0.119,187.9,192.2,4.64,425.0,425.2,425.0,424.6
0,0.72,0,4.17,2.72,19.34,0.024,3.58,3.35,0.019,0.23,0.125,187.9,192.3,4.61,425.1,425.0,425.0,425.4
0,0.71,0,4.17,2.67,19.36,0.026,3.53,3.3,0.02,0.23,0.134,187.9,192.3,4.65,425.2,425.1,425.0,425.1
0,0.71,0,4.18,2.71,19.34,0.023,3.36,3.13,0.018,0.23,0.121,187.9,192.2,4.65,425.1,425.1,425.0,425.1
0,0.73,0,4.21,2.69,19.34,0.023,3.06,2.83,0.017,0.23,0.118,187.9,192.2,4.72,424.9,425.1,425.0,425.1
0,0.74,0,4.22,2.77,19.27,0.022,2.72,2.49,0.017,0.23,0.116,187.9,192.2,4.6,424.9,424.6,425.0,425.4
0,0.72,0,4.21,2.72,19.29,0.022,2.82,2.59,0.017,0.23,0.115,187.9,192.2,4.6,424.9,425.3,425.1,424.8
0,0.7,0,4.2,2.71,19.32,0.023,3.86,3.63,0.017,0.23,0.118,187.9,192.2,4.69,425.0,425.1,425.0,424.9
0,0.73,0,4.21,2.71,19.36,0.024,3.38,3.15,0.019,0.23,0.125,187.9,192.3,4.64,425.0,425.0,424.9,425.1
0,0.72,0,4.16,2.69,19.35,0.025,3.12,2.89,0.019,0.23,0.129,187.9,192.3,4.68,425.0,425.0,425.1,425.0
0,0.7,0,4.28,2.64,19.31,0.023,3.51,3.28,0.018,0.23,0.121,187.9,192.3,4.67,425.0,425.0,425.0,425.1
0,0.72,0,4.27,2.71,19.33,0.024,2.67,2.44,0.019,0.23,0.125,187.9,192.3,4.67,424.8,424.9,424.9,425.5
0,0.7,0,4.22,2.72,19.26,0.023,3.29,3.06,0.018,0.23,0.12,187.9,192.2,4.61,424.9,425.5,424.9,425.1
0,0.71,0,4.24,2.63,19.34,0.023,3.1,2.87,0.018,0.23,0.12,187.9,192.3,4.67,424.9,425.2,424.9,425.1
0,0.73,0,4.24,2.53,19.29,0.022,3.15,2.92,0.017,0.23,0.117,187.9,192.2,4.63,425.1,425.1,425.0,425.2
0,0.71,0,4.2,2.74,19.32,0.023,3.16,2.93,0.017,0.23,0.119,187.9,192.3,4.6,425.3,425.0,425.0,425.1
0,0.7,0,4.26,2.68,19.29,0.025,3.17,2.94,0.019,0.23,0.129,187.9,192.3,4.67,425.1,424.7,424.9,425.1
0,0.73,0,4.25,2.69,19.3,0.024,3.37,3.14,0.019,0.23,0.127,187.9,192.3,4.68,425.0,425.0,424.9,425.0
0,0.73,0,4.26,2.71,19.34,0.023,3.41,3.18,0.018,0.23,0.123,187.9,192.2,4.63,424.9,425.2,425.0,425.0
0,0.71,0,4.21,2.72,19.32,0.025,3.8,3.57,0.019,0.23,0.129,187.9,192.2,4.6,424.9,424.9,425.0,425.5
0,0.71,0,4.18,2.69,19.31,0.024,2.74,2.51,0.019,0.23,0.125,187.9,192.3,4.71,425.0,425.2,425.0,425.2
0,0.7,0,4.2,2.57,19.3,0.023,2.78,2.55,0.017,0.23,0.118,187.9,192.3,4.7,425.1,425.5,425.0,425.1
0,0.72,0,4.19,2.68,19.31,0.023,2.73,2.5,0.018,0.23,0.12,187.9,192.3,4.68,425.0,425.1,424.9,424.7
0,0.73,0,4.19,2.73,19.34,0.022,2.96,2.73,0.017,0.23,0.115,187.9,192.2,4.63,425.1,425.1,424.9,425.1
0,0.72,0,4.25,2.75,19.31,0.023,3.35,3.12,0.018,0.23,0.12,187.9,192.2,4.6,425.3,425.0,425.1,425.2
0,0.72,0,4.2,2.72,19.31,0.023,3.46,3.23,0.018,0.23,0.122,187.9,192.3,4.68,425.3,425.0,425.0,425.1
0,0.73,0,4.24,2.77,19.33,0.023,4.01,3.78,0.018,0.23,0.12,187.9,192.3,4.66,425.2,425.0,424.9,424.7
0,0.72,0,4.15,2.69,19.35,0.025,3.35,3.12,0.019,0.23,0.128,187.9,192.3,4.7,425.0,425.2,425.1,425.1
0,0.71,0,4.22,2.66,19.33,0.024,3.31,3.08,0.019,0.23,0.126,187.9,192.3,4.63,424.9,425.2,425.1,425.2
0,0.73,0,4.19,2.65,19.34,0.025,3.34,3.11,0.019,0.23,0.128,187.9,192.2,4.68,424.9,425.3,425.0,424.9
0,0.72,0,4.23,2.65,19.34,0.023,2.81,2.58,0.018,0.23,0.12,187.9,192.2,4.64,424.9,425.5,425.0,425.1
0,0.72,0,4.24,2.5,19.33,0.023,2.94,2.71,0.018,0.23,0.12,187.9,192.2,4.6,424.9,425.1,425.1,425.2
0,0.71,0,4.2,2.74,19.31,0.023,3.03,2.8,0.017,0.23,0.119,187.9,192.2,4.68,424.9,425.1,424.9,425.4
0,0.71,0,4.17,2.7,19.31,0.022,2.92,2.69,0.016,0.23,0.115,187.9,192.2,4.66,425.0,425.1,424.9,425.4
0,0.69,0,4.25,2.71,19.31,0.022,3.6,3.37,0.017,0.23,0.115,187.9,192.2,4.67,424.9,424.9,424.9,425.0
0,0.69,0,4.26,2.65,19.27,0.024,3.14,2.91,0.019,0.23,0.127,187.9,192.2,4.68,424.7,425.0,424.9,425.0
0,0.7,0,4.25,2.69,19.3,0.024,3.17,2.94,0.019,0.23,0.127,187.9,192.2,4.68,424.6,425.3,424.9,424.7
0,0.71,0,4.23,2.75,19.28,0.024,3.09,2.86,0.019,0.23,0.126,187.9,192.3,4.58,424.7,425.2,425.0,424.8
0,0.69,0,4.26,2.77,19.3,0.024,2.56,2.33,0.019,0.23,0.126,187.9,192.2,4.61,424.8,425.7,425.0,425.0
0,0.69,0,4.2,2.68,19.26,0.023,3.28,3.05,0.018,0.23,0.121,187.9,192.2,4.64,425.0,425.1,425.0,424.9
0,0.72,0,4.13,2.74,19.36,0.023,2.96,2.73,0.018,0.23,0.123,187.9,192.3,4.72,425.4,425.2,425.0,425.4
0,0.72,0,4.14,2.69,19.33,0.023,3.25,3.02,0.018,0.23,0.121,187.9,192.3,4.65,425.3,425.0,425.0,425.3
0,0.69,0,4.21,2.65,19.27,0.023,3.42,3.19,0.018,0.23,0.123,187.9,192.3,4.68,425.1,424.8,424.9,425.4
0,0.69,0,4.1,2.72,19.3,0.024,3.68,3.45,0.018,0.23,0.124,187.9,192.3,4.68,425.0,425.1,425.0,425.0
0,0.69,0,4.02,2.79,19.32,0.024,2.96,2.73,0.019,0.23,0.125,187.9,192.3,4.67,424.9,424.6,425.0,425.1
0,0.71,0,3.98,2.68,19.32,0.024,2.92,2.69,0.019,0.23,0.125,187.9,192.3,4.61,424.9,425.1,425.0,424.6
0,0.69,0,4.05,2.67,19.26,0.023,3.36,3.13,0.018,0.23,0.122,187.9,192.3,4.62,424.9,424.9,425.0,425.0
0,0.71,0,4.06,2.74,19.31,0.025,3.43,3.2,0.02,0.23,0.131,187.9,192.3,4.67,425.0,425.2,425.0,425.1
0,0.72,0,4.14,2.75,19.33,0.023,3.63,3.4,0.017,0.23,0.118,187.9,192.3,4.7,425.3,425.0,425.0,424.9
0,0.71,0,4.1,2.72,19.3,0.022,3.31,3.08,0.017,0.23,0.117,187.9,192.3,4.68,425.3,425.2,425.0,425.1
0,0.72,0,3.99,2.79,19.31,0.023,3.04,2.81,0.017,0.23,0.12,187.9,192.3,4.65,425.1,425.0,425.0,425.1
0,0.7,0,3.99,2.77,19.3,0.023,3.02,2.79,0.018,0.23,0.12,187.9,192.3,4.65,425.0,425.0,425.0,425.0
0,0.72,0,4.07,2.71,19.28,0.023,3.13,2.9,0.018,0.23,0.121,187.9,192.3,4.64,424.9,425.1,425.0,425.2
0,0.73,0,4.06,2.69,19.37,0.023,3.57,3.34,0.018,0.23,0.12,187.9,192.3,4.69,424.7,425.2,424.9,424.9
0,0.73,0,4.08,2.75,19.38,0.025,2.88,2.65,0.02,0.23,0.132,187.9,192.3,4.62,424.8,425.0,425.0,425.1
0,0.7,0,4.22,2.71,19.29,0.023,3.06,2.83,0.018,0.23,0.123,187.9,192.3,4.68,425.0,425.2,424.9,425.1
0,0.71,0,4.21,2.69,19.28,0.023,3.84,3.6,0.017,0.23,0.119,187.9,192.3,4.65,425.0,424.8,425.0,425.2
0,0.72,0,4.22,2.71,19.33,0.024,3.45,3.22,0.019,0.23,0.125,187.9,192.3,4.61,424.9,425.1,425.0,425.0
0,0.71,0,4.26,2.68,19.34,0.023,2.9,2.67,0.018,0.23,0.12,187.9,192.3,4.7,424.7,425.2,424.9,425.1
0,0.72,0,4.24,2.65,19.34,0.023,3.24,3.01,0.017,0.23,0.119,187.9,192.3,4.63,424.7,425.0,424.8,424.8
0,0.71,0,4.25,2.69,19.33,0.024,2.82,2.59,0.018,0.23,0.124,187.9,192.3,4.66,425.0,425.1,425.0,425.2
0,0.72,0,4.23,2.69,19.34,0.023,2.92,2.69,0.018,0.23,0.12,187.9,192.3,4.71,425.1,424.8,425.1,425.1
0,0.72,0,4.24,2.58,19.34,0.023,3.68,3.45,0.018,0.23,0.12,187.9,192.3,4.64,425.1,425.0,425.0,425.5
0,0.71,0,4.23,2.75,19.33,0.024,3.17,2.94,0.019,0.23,0.127,188.0,192.3,4.63,425.1,424.7,425.0,425.0
0,0.71,0,4.19,2.7,19.32,0.024,2.91,2.68,0.018,0.23,0.125,187.9,192.3,4.68,425.0,425.0,425.0,425.0
0,0.72,0,4.17,2.69,19.34,0.024,2.96,2.73,0.019,0.23,0.126,187.9,192.3,4.63,424.9,424.9,425.0,424.7
0,0.73,0,4.24,2.45,19.34,0.023,3.52,3.29,0.018,0.23,0.122,187.9,192.3,4.68,424.9,425.1,424.9,424.9
0,0.72,0,4.22,2.73,19.33,0.023,2.94,2.71,0.018,0.23,0.123,187.9,192.3,4.67,425.0,425.2,424.9,424.8
0,0.73,0,4.22,2.67,19.35,0.022,2.68,2.45,0.017,0.23,0.117,187.9,192.3,4.61,425.0,425.1,425.0,425.1
0,0.73,0,4.18,2.69,19.35,0.022,2.94,2.71,0.017,0.23,0.115,187.9,192.2,4.64,425.2,425.1,425.0,425.1
0,0.71,0,4.27,2.4,19.34,0.024,3.39,3.16,0.018,0.23,0.124,187.9,192.3,4.69,425.2,425.2,424.9,425.5
0,0.74,0,4.14,2.74,19.34,0.022,3.41,3.18,0.017,0.23,0.116,187.9,192.2,4.62,425.1,425.7,425.0,425.4
0,0.71,0,4.23,2.71,19.34,0.024,3.45,3.22,0.019,0.23,0.125,187.9,192.3,4.69,425.0,424.9,424.9,425.0
0,0.72,0,4.2,2.76,19.34,0.024,3.62,3.39,0.018,0.23,0.123,187.9,192.3,4.65,425.1,425.0,425.0,424.7
0,0.73,0,4.21,2.71,19.35,0.024,2.84,2.61,0.018,0.23,0.124,188.0,192.3,4.63,425.2,424.9,425.1,425.2
0,0.72,0,4.24,2.67,19.33,0.023,3.23,3.0,0.018,0.23,0.12,187.9,192.2,4.68,425.1,424.9,425.0,424.8
0,0.72,0,4.26,2.66,19.27,0.023,2.85,2.62,0.018,0.23,0.122,188.0,192.3,4.6,425.0,425.3,425.0,425.1
0,0.73,0,4.21,2.71,19.35,0.023,3.33,3.1,0.018,0.23,0.121,188.0,192.3,4.68,424.8,425.0,425.0,425.2
0,0.72,0,4.23,2.69,19.34,0.024,3.52,3.29,0.018,0.23,0.124,187.9,192.3,4.61,424.7,424.9,425.0,425.1
0,0.72,0,4.21,2.62,19.31,0.022,3.67,3.44,0.017,0.23,0.117,187.9,192.3,4.64,424.9,425.3,425.0,425.1
0,0.72,0,4.22,2.75,19.29,0.024,3.67,3.44,0.018,0.23,0.124,187.9,192.3,4.64,425.0,425.2,425.0,425.0
0,0.72,0,4.27,2.65,19.33,0.024,3.26,3.03,0.019,0.23,0.125,187.9,192.3,4.61,425.0,425.1,425.1,425.0
0,0.72,0,4.25,2.68,19.35,0.023,3.07,2.84,0.018,0.23,0.123,187.9,192.3,4.66,425.0,425.1,425.0,425.1
0,0.72,0,4.24,2.63,19.31,0.023,2.97,2.74,0.017,0.23,0.119,187.9,192.3,4.63,425.1,425.1,425.0,424.9
0,0.71,0,4.22,2.35,19.34,0.023,3.3,3.07,0.018,0.23,0.121,187.9,192.3,4.71,424.9,425.0,424.9,425.1
0,0.72,0,4.22,2.66,19.3,0.023,2.63,2.4,0.018,0.23,0.12,187.9,192.3,4.67,424.7,425.0,425.0,425.5
0,0.72,0,4.07,2.68,19.28,0.023,3.25,3.02,0.018,0.23,0.12,187.9,192.3,4.66,424.8,425.0,425.0,424.8
0,0.72,0,4.06,2.74,19.33,0.023,3.32,3.09,0.018,0.23,0.122,187.9,192.3,4.68,425.0,425.0,425.0,424.9
0,0.71,0,4.08,2.71,19.33,0.024,3.26,3.03,0.019,0.23,0.126,188.0,192.3,4.67,425.1,424.9,425.0,424.8
0,0.7,0,4.03,2.69,19.32,0.024,3.2,2.97,0.019,0.23,0.128,187.9,192.3,4.67,425.1,425.3,425.0,425.5
0,0.7,0,4.13,2.63,19.3,0.024,3.25,3.02,0.019,0.23,0.127,188.0,192.3,4.63,425.0,425.1,424.9,425.3
0,0.71,0,4.15,2.59,19.33,0.024,3.06,2.83,0.018,0.23,0.124,187.9,192.3,4.71,424.9,425.3,424.9,425.0
0,0.73,0,4.03,2.71,19.32,0.022,2.64,2.41,0.017,0.23,0.116,187.9,192.3,4.67,424.7,425.1,425.0,425.0
0,0.72,0,3.98,2.75,19.32,0.023,3.13,2.9,0.017,0.23,0.118,188.0,192.3,4.63,425.0,425.1,425.0,425.3
0,0.72,0,3.97,2.82,19.3,0.023,3.73,3.5,0.018,0.23,0.12,187.9,192.3,4.63,425.0,425.1,425.0,425.7
0,0.73,0,4.06,2.76,19.34,0.025,3.43,3.2,0.02,0.23,0.132,187.9,192.3,4.69,425.1,425.5,425.1,425.0
0,0.72,0,4.03,2.68,19.34,0.024,3.72,3.49,0.019,0.23,0.125,187.9,192.3,4.66,425.2,425.0,425.0,425.0
0,0.73,0,4.21,2.67,19.29,0.024,3.11,2.88,0.019,0.23,0.128,188.0,192.3,4.6,425.1,425.0,425.0,425.0
0,0.71,0,4.19,2.67,19.3,0.023,3.0,2.77,0.018,0.23,0.121,188.0,192.3,4.6,425.1,425.2,425.0,425.0
0,0.72,0,4.2,2.69,19.32,0.023,3.03,2.8,0.018,0.23,0.122,188.0,192.3,4.68,425.0,424.9,425.0,425.3
0,0.73,0,4.09,2.65,19.34,0.023,3.44,3.21,0.018,0.23,0.12,188.0,192.3,4.64,425.0,425.2,425.0,425.3
0,0.73,0,4.08,2.75,19.36,0.023,2.94,2.71,0.017,0.23,0.118,188.0,192.3,4.68,424.9,425.0,425.1,425.2
0,0.7,0,4.07,2.72,19.3,0.022,3.3,3.07,0.016,0.23,0.114,188.0,192.3,4.69,424.7,424.7,425.1,425.2
0,0.72,0,4.02,2.75,19.32,0.022,3.12,2.89,0.017,0.23,0.115,188.0,192.3,4.66,424.7,425.0,425.0,424.6
0,0.71,0,4.14,2.66,19.32,0.023,3.07,2.84,0.018,0.23,0.122,188.0,192.3,4.62,424.9,425.1,425.0,425.0
0,0.71,0,4.13,2.64,19.36,0.024,3.27,3.04,0.019,0.23,0.125,188.0,192.3,4.68,425.0,425.1,425.0,424.9
0,0.71,0,4.02,2.69,19.27,0.024,3.73,3.5,0.018,0.23,0.125,188.0,192.3,4.68,425.1,425.0,425.0,424.9
0,0.72,0,4.0,2.72,19.31,0.025,3.25,3.02,0.02,0.23,0.13,188.0,192.3,4.69,425.2,425.3,425.1,425.2
0,0.73,0,4.02,2.69,19.29,0.023,3.4,3.17,0.018,0.23,0.12,187.9,192.2,4.7,425.1,424.9,424.8,425.8
0,0.71,0,4.02,2.73,19.28,0.023,3.26,3.03,0.018,0.23,0.12,187.9,192.3,4.66,425.0,425.2,425.0,425.1
0,0.73,0,4.16,2.56,19.33,0.023,3.97,3.74,0.017,0.23,0.118,187.9,192.2,4.64,425.0,424.7,425.0,425.1
0,0.7,0,4.04,2.68,19.29,0.024,3.12,2.89,0.019,0.23,0.126,187.9,192.2,4.68,424.9,425.1,424.8,424.8
0,0.7,0,4.03,2.76,19.29,0.023,3.24,3.01,0.018,0.23,0.12,187.9,192.2,4.66,424.8,425.1,424.9,425.4
0,0.72,0,4.0,2.59,19.32,0.024,3.71,3.48,0.018,0.23,0.123,188.0,192.3,4.64,424.9,424.9,425.0,425.1
0,0.72,0,3.96,2.69,19.33,0.024,3.31,3.08,0.019,0.23,0.126,187.9,192.2,4.67,425.0,425.2,425.0,425.4
0,0.74,0,4.06,2.57,19.37,0.024,2.85,2.62,0.019,0.23,0.128,187.9,192.2,4.71,425.2,424.7,425.1,425.1
0,0.72,0,4.04,2.72,19.34,0.023,3.87,3.64,0.018,0.23,0.119,187.9,192.2,4.65,425.4,424.9,425.0,425.1
0,0.71,0,4.09,2.67,19.29,0.022,3.07,2.84,0.016,0.23,0.114,188.0,192.3,4.62,425.2,424.9,425.1,425.0
0,0.73,0,4.09,2.54,19.34,0.023,2.78,2.55,0.018,0.23,0.12,187.9,192.2,4.65,425.0,425.2,425.0,425.1
0,0.72,0,4.04,2.72,19.33,0.023,3.35,3.12,0.018,0.23,0.122,187.9,192.2,4.6,425.0,425.6,425.1,424.9
0,0.72,0,3.95,2.69,19.28,0.023,3.15,2.92,0.018,0.23,0.122,188.0,192.3,4.69,424.7,425.1,425.0,424.6
0,0.7,0,4.02,2.63,19.31,0.024,3.84,3.61,0.019,0.23,0.126,188.0,192.3,4.67,424.7,425.0,425.0,425.0
0,0.72,0,3.94,2.72,19.34,0.024,3.44,3.21,0.019,0.23,0.127,188.0,192.3,4.63,424.9,425.1,424.9,424.6
0,0.72,0,3.92,2.76,19.34,0.024,3.38,3.15,0.019,0.23,0.126,187.9,192.2,4.69,424.9,424.9,425.0,425.4
0,0.72,0,4.02,2.68,19.32,0.025,3.32,3.09,0.019,0.23,0.129,187.9,192.2,4.67,425.1,425.1,425.0,425.5
0,0.71,0,4.09,2.75,19.28,0.022,3.42,3.19,0.016,0.23,0.113,187.9,192.2,4.62,425.0,424.9,425.0,424.8
0,0.73,0,4.06,2.65,19.34,0.022,2.75,2.52,0.017,0.23,0.116,187.9,192.2,4.7,425.0,424.9,425.0,424.9
0,0.72,0,3.99,2.69,19.34,0.022,3.39,3.16,0.017,0.23,0.116,187.9,192.2,4.65,425.1,425.0,425.0,425.3
0,0.72,0,4.0,2.74,19.32,0.023,3.24,3.01,0.018,0.23,0.121,187.9,192.2,4.62,425.3,424.9,425.0,425.1
0,0.72,0,4.05,2.65,19.29,0.024,3.38,3.15,0.018,0.23,0.124,187.9,192.3,4.63,425.3,425.5,425.0,425.0
0,0.71,0,3.94,2.52,19.29,0.024,2.94,2.71,0.018,0.23,0.125,187.9,192.2,4.62,425.2,425.3,425.1,425.6
0,0.71,0,3.94,2.8,19.31,0.024,3.02,2.79,0.018,0.23,0.125,187.9,192.3,4.61,425.0,424.9,425.0,425.0
0,0.7,0,4.0,2.67,19.32,0.024,2.99,2.76,0.018,0.23,0.124,187.9,192.3,4.69,425.0,425.0,425.2,425.6
0,0.73,0,4.03,2.66,19.33,0.023,3.0,2.77,0.017,0.23,0.119,187.9,192.3,4.65,424.9,424.9,425.0,425.3
0,0.74,0,4.09,2.75,19.32,0.023,3.59,3.36,0.018,0.23,0.122,187.9,192.3,4.61,424.8,424.6,425.1,425.1
0,0.72,0,4.17,2.66,19.33,0.024,3.38,3.15,0.019,0.23,0.125,187.9,192.2,4.64,424.9,424.9,424.7,425.0
0,0.72,0,4.16,2.66,19.34,0.024,3.1,2.87,0.018,0.23,0.123,187.9,192.2,4.61,425.0,425.2,424.9,425.0
0,0.7,0,4.15,2.68,19.33,0.023,2.87,2.64,0.018,0.23,0.121,187.9,192.2,4.68,425.0,425.1,425.0,425.5
0,0.72,0,4.18,2.75,19.35,0.022,3.0,2.77,0.017,0.23,0.115,187.9,192.2,4.62,425.1,424.9,425.1,425.2
0,0.72,0,4.2,2.63,19.31,0.023,3.41,3.18,0.018,0.23,0.121,187.9,192.2,4.7,425.2,425.1,425.0,425.1
0,0.72,0,4.15,2.7,19.33,0.024,3.55,3.32,0.019,0.23,0.127,187.9,192.2,4.66,425.2,424.7,424.9,425.0
0,0.71,0,4.23,2.76,19.32,0.024,3.36,3.13,0.019,0.23,0.127,187.9,192.2,4.62,425.1,425.0,425.0,424.9
0,0.73,0,4.16,2.68,19.36,0.024,2.97,2.74,0.019,0.23,0.127,187.9,192.2,4.67,425.0,425.0,425.0,424.9
0,0.73,0,4.19,2.68,19.34,0.024,3.0,2.77,0.018,0.23,0.124,187.9,192.2,4.63,424.9,425.1,425.0,425.1
0,0.73,0,4.23,2.77,19.33,0.022,2.52,2.29,0.017,0.23,0.117,187.9,192.3,4.69,424.9,424.9,424.9,425.0
0,0.72,0,4.21,2.64,19.34,0.022,2.88,2.65,0.017,0.23,0.115,187.9,192.3,4.65,424.8,425.1,425.0,424.7
0,0.73,0,4.13,2.71,19.33,0.023,3.11,2.88,0.018,0.23,0.12,187.9,192.3,4.71,424.9,424.9,425.0,425.1
0,0.72,0,4.21,2.65,19.3,0.024,3.18,2.95,0.018,0.23,0.125,188.0,192.3,4.69,425.0,424.9,424.9,425.1
0,0.72,0,4.24,2.68,19.33,0.024,3.49,3.26,0.019,0.23,0.125,187.9,192.2,4.65,425.1,425.0,425.0,424.9
0,0.71,0,4.19,2.74,19.31,0.023,2.85,2.62,0.018,0.23,0.122,187.9,192.3,4.62,425.3,425.1,425.0,425.3
0,0.72,0,4.22,2.7,19.36,0.023,3.64,3.41,0.018,0.23,0.122,187.9,192.2,4.67,425.4,424.9,425.0,425.0
0,0.7,0,4.14,2.65,19.28,0.024,3.66,3.43,0.019,0.23,0.126,187.9,192.2,4.67,425.3,425.0,425.1,424.8
0,0.71,0,4.12,2.68,19.31,0.024,3.2,2.97,0.018,0.23,0.123,187.9,192.3,4.66,425.1,425.0,425.0,424.9
0,0.72,0,4.18,2.65,19.33,0.023,2.68,2.45,0.018,0.23,0.121,187.9,192.3,4.66,424.8,425.0,424.9,425.4
0,0.71,0,4.21,2.74,19.33,0.022,2.8,2.57,0.017,0.23,0.118,187.9,192.3,4.64,424.8,424.8,425.1,425.1
0,0.72,0,4.2,2.72,19.34,0.023,2.82,2.59,0.017,0.23,0.119,187.9,192.2,4.69,424.8,425.0,425.1,425.0
0,0.72,0,4.24,2.75,19.31,0.023,3.27,3.04,0.018,0.23,0.121,187.9,192.2,4.66,424.9,425.0,425.1,424.9
0,0.72,0,4.22,2.65,19.31,0.024,3.98,3.75,0.018,0.23,0.123,187.9,192.2,4.65,424.9,424.9,425.0,425.0
0,0.72,0,4.22,2.7,19.33,0.025,3.28,3.05,0.02,0.23,0.131,187.9,192.3,4.6,425.0,425.1,425.0,424.7
0,0.72,0,4.21,2.69,19.33,0.025,3.33,3.1,0.019,0.23,0.13,187.9,192.3,4.67,425.0,425.3,425.0,425.0
0,0.72,0,4.18,2.68,19.33,0.024,2.86,2.63,0.018,0.23,0.124,187.9,192.2,4.63,425.0,425.1,425.0,424.7
0,0.73,0,4.11,2.72,19.33,0.022,2.84,2.61,0.017,0.23,0.117,187.9,192.2,4.65,424.7,424.9,425.0,425.2
0,0.7,0,4.24,2.64,19.32,0.022,2.51,2.28,0.016,0.23,0.113,187.9,192.2,4.68,424.9,425.0,425.0,424.9
0,0.73,0,4.23,2.69,19.35,0.022,3.02,2.79,0.017,0.23,0.116,187.9,192.3,4.64,425.0,425.0,425.0,425.2
0,0.7,0,4.25,2.7,19.28,0.023,3.23,3.0,0.018,0.23,0.122,187.9,192.3,4.61,425.1,425.2,425.0,425.0
0,0.72,0,4.23,2.68,19.34,0.024,3.52,3.29,0.018,0.23,0.124,187.9,192.2,4.69,425.1,425.0,425.0,425.1
0,0.71,0,4.18,2.62,19.33,0.024,3.51,3.28,0.019,0.23,0.126,187.9,192.2,4.61,424.8,424.6,425.0,425.1
0,0.74,0,4.18,2.64,19.37,0.023,3.31,3.08,0.018,0.23,0.123,187.9,192.2,4.64,424.9,424.9,425.0,424.9
0,0.73,0,4.23,2.54,19.32,0.023,3.45,3.22,0.018,0.23,0.123,187.9,192.2,4.66,425.0,424.9,425.0,425.2
0,0.75,0,4.17,2.66,19.36,0.022,2.83,2.6,0.017,0.23,0.116,187.9,192.2,4.65,425.2,425.2,425.0,425.3
0,0.74,0,4.17,2.71,19.33,0.022,2.99,2.76,0.017,0.23,0.117,187.9,192.3,4.6,425.2,425.2,424.7,425.5
0,0.74,0,4.18,2.69,19.37,0.023,2.93,2.7,0.018,0.23,0.12,187.9,192.3,4.63,425.1,425.1,424.9,425.3
0,0.74,0,4.21,2.6,19.38,0.023,3.02,2.79,0.018,0.23,0.119,187.9,192.3,4.66,425.1,424.6,425.0,425.2
0,0.73,0,4.22,2.72,19.3,0.022,2.95,2.72,0.017,0.23,0.118,187.9,192.3,4.62,425.0,425.2,425.0,425.3
0,0.73,0,4.22,2.45,19.35,0.025,3.39,3.16,0.019,0.23,0.129,188.0,192.3,4.65,424.8,425.5,425.1,424.9
0,0.73,0,4.22,2.68,19.32,0.024,3.21,2.98,0.018,0.23,0.124,187.9,192.3,4.62,424.9,425.2,424.9,425.1
0,0.73,0,4.18,2.66,19.34,0.024,2.66,2.43,0.019,0.23,0.127,188.0,192.3,4.7,425.0,424.7,425.1,425.4
0,0.73,0,4.16,2.64,19.32,0.023,3.22,2.99,0.017,0.23,0.118,188.0,192.3,4.65,425.1,425.2,425.1,425.0
0,0.72,0,4.21,2.64,19.32,0.021,3.01,2.78,0.016,0.23,0.111,188.0,192.3,4.62,425.1,425.4,425.1,424.9
0,0.73,0,4.18,2.86,19.33,0.021,3.31,3.08,0.016,0.23,0.111,187.9,192.2,4.7,425.0,424.8,425.0,425.4
0,0.72,0,4.16,2.67,19.29,0.024,3.06,2.83,0.018,0.23,0.124,188.0,192.3,4.68,425.0,425.1,425.0,425.4
0,0.71,0,4.22,2.66,19.28,0.024,3.37,3.14,0.019,0.23,0.127,187.9,192.3,4.67,425.2,425.1,425.0,425.0
0,0.72,0,4.22,2.74,19.33,0.025,2.89,2.66,0.02,0.23,0.133,187.9,192.3,4.65,425.3,425.2,425.0,425.2
0,0.73,0,4.17,2.59,19.32,0.022,3.33,3.1,0.017,0.23,0.117,187.9,192.3,4.67,425.1,425.3,425.0,425.3
0,0.73,0,4.2,2.67,19.31,0.024,3.18,2.95,0.018,0.23,0.124,187.9,192.2,4.66,425.0,425.1,424.9,425.4
0,0.71,0,4.17,2.68,19.3,0.022,2.55,2.32,0.017,0.23,0.117,188.0,192.3,4.65,424.9,425.3,425.0,425.0
0,0.72,0,4.2,2.66,19.34,0.022,3.14,2.91,0.016,0.23,0.114,187.9,192.3,4.71,424.9,424.9,424.9,424.9
0,0.69,0,4.19,2.67,19.26,0.022,3.81,3.58,0.017,0.23,0.117,187.9,192.2,4.61,424.9,425.4,424.8,425.1
0,0.71,0,4.2,2.72,19.3,0.024,3.58,3.35,0.018,0.23,0.124,187.9,192.2,4.62,424.9,424.9,424.9,425.1
0,0.73,0,4.24,2.65,19.32,0.024,3.11,2.88,0.018,0.23,0.124,187.9,192.2,4.68,425.0,425.0,425.0,425.4
0,0.72,0,4.12,2.69,19.31,0.024,3.38,3.15,0.018,0.23,0.124,187.9,192.3,4.68,425.1,424.9,425.1,425.3
0,0.73,0,4.18,2.81,19.34,0.023,3.52,3.29,0.018,0.23,0.122,187.9,192.2,4.68,425.1,425.1,425.0,425.1
0,0.7,0,4.21,2.7,19.29,0.023,3.53,3.3,0.018,0.23,0.121,187.9,192.2,4.64,425.0,425.0,425.0,425.1
0,0.71,0,4.17,2.74,19.34,0.024,2.89,2.66,0.019,0.23,0.126,187.9,192.2,4.72,424.8,424.5,425.0,425.3
0,0.7,0,4.24,2.77,19.3,0.022,3.35,3.12,0.017,0.23,0.117,187.9,192.2,4.68,424.6,425.1,425.1,425.2
0,0.72,0,4.18,2.64,19.31,0.023,2.88,2.65,0.017,0.23,0.118,187.9,192.2,4.66,424.8,425.1,424.9,425.1
0,0.72,0,4.2,2.69,19.32,0.023,2.99,2.76,0.017,0.23,0.119,187.9,192.2,4.65,424.8,425.3,425.1,425.0
0,0.72,0,4.24,2.75,19.35,0.023,3.21,2.98,0.018,0.23,0.12,187.9,192.2,4.71,424.9,424.7,424.9,425.2
0,0.72,0,4.17,2.68,19.33,0.022,2.99,2.76,0.017,0.23,0.118,187.9,192.2,4.66,425.0,425.0,424.9,425.0
0,0.75,0,4.2,2.71,19.32,0.023,3.64,3.41,0.017,0.23,0.119,187.9,192.2,4.62,425.1,425.4,424.9,425.1
0,0.73,0,4.21,2.71,19.34,0.025,2.84,2.61,0.019,0.23,0.129,187.9,192.2,4.69,425.1,424.9,425.0,424.8
0,0.74,0,4.22,2.65,19.35,0.024,3.13,2.9,0.019,0.23,0.125,187.9,192.2,4.62,425.1,425.2,424.9,425.5
0,0.74,0,4.21,2.7,19.31,0.024,3.52,3.29,0.019,0.23,0.126,187.9,192.2,4.58,425.0,425.0,425.0,424.9
0,0.73,0,4.26,2.68,19.37,0.025,2.36,2.13,0.019,0.23,0.129,187.9,192.2,4.64,425.0,425.6,425.1,424.9
0,0.73,0,4.23,2.71,19.37,0.022,2.78,2.55,0.017,0.23,0.115,188.0,192.3,4.68,424.9,425.2,425.0,424.9
0,0.74,0,4.19,2.74,19.36,0.023,3.24,3.01,0.017,0.23,0.119,187.9,192.2,4.67,424.9,424.9,425.0,425.4
0,0.73,0,4.24,2.76,19.33,0.024,3.33,3.1,0.019,0.23,0.125,187.9,192.2,4.66,425.0,425.2,425.0,425.4
0,0.73,0,4.2,2.73,19.37,0.024,2.88,2.65,0.018,0.23,0.123,187.9,192.2,4.72,425.0,424.8,425.1,425.1
0,0.72,0,4.14,2.68,19.33,0.024,2.77,2.54,0.019,0.23,0.125,187.9,192.2,4.67,425.0,424.9,425.0,425.2
0,0.71,0,4.2,2.67,19.34,0.023,3.09,2.86,0.017,0.23,0.119,187.9,192.2,4.64,424.9,425.0,425.0,425.0
0,0.72,0,4.18,2.77,19.33,0.024,3.02,2.79,0.018,0.23,0.123,187.8,192.1,4.7,425.0,424.9,425.0,425.0
0,0.72,0,4.22,2.63,19.31,0.023,3.04,2.81,0.017,0.23,0.119,187.9,192.2,4.66,425.2,424.6,425.0,424.5
0,0.72,0,4.18,2.74,19.34,0.023,2.78,2.55,0.017,0.23,0.119,187.9,192.2,4.64,425.2,425.3,425.0,425.0
0,0.73,0,4.22,2.72,19.36,0.023,3.53,3.3,0.017,0.23,0.118,187.9,192.2,4.64,425.2,425.2,425.0,425.3
0,0.72,0,4.22,2.71,19.34,0.024,3.18,2.95,0.018,0.23,0.124,187.9,192.2,4.68,425.1,425.0,424.9,425.0
0,0.73,0,4.24,2.63,19.31,0.023,3.38,3.15,0.018,0.23,0.123,187.8,192.2,4.68,425.0,425.2,425.0,425.4
0,0.73,0,4.13,2.67,19.33,0.025,3.17,2.94,0.019,0.23,0.129,187.9,192.2,4.64,425.0,425.2,425.0,424.9
0,0.71,0,4.15,2.67,19.32,0.024,2.8,2.57,0.019,0.23,0.126,187.8,192.2,4.63,424.9,425.2,424.9,425.0
0,0.73,0,4.2,2.69,19.31,0.022,2.78,2.55,0.017,0.23,0.115,187.8,192.2,4.7,424.8,424.9,424.9,424.9
0,0.73,0,4.19,2.66,19.29,0.021,3.09,2.86,0.016,0.23,0.111,187.9,192.2,4.71,424.7,425.2,424.9,425.1
0,0.72,0,4.22,2.63,19.28,0.023,2.78,2.55,0.018,0.23,0.12,187.9,192.2,4.6,424.9,425.1,425.1,425.0
0,0.73,0,4.24,2.71,19.34,0.023,3.58,3.35,0.017,0.23,0.12,187.9,192.2,4.68,425.0,424.9,425.0,425.1
0,0.72,0,4.24,2.66,19.33,0.024,3.11,2.88,0.019,0.23,0.127,187.9,192.2,4.68,425.1,425.2,425.0,425.1
0,0.71,0,4.23,2.75,19.35,0.024,2.93,2.7,0.019,0.23,0.126,187.9,192.2,4.66,425.1,424.6,425.0,425.1
0,0.71,0,4.22,2.77,19.28,0.023,2.79,2.56,0.018,0.23,0.12,187.9,192.2,4.64,425.1,425.5,425.0,425.0
0,0.73,0,4.19,2.65,19.32,0.022,3.06,2.83,0.017,0.23,0.117,187.9,192.2,4.63,425.0,424.9,425.0,425.0
0,0.72,0,4.28,2.61,19.31,0.022,2.87,2.64,0.017,0.23,0.117,187.9,192.2,4.6,424.9,425.0,425.0,424.9
0,0.72,0,4.24,2.67,19.32,0.022,2.93,2.7,0.017,0.23,0.117,187.9,192.2,4.68,424.7,425.0,425.0,425.1
0,0.7,0,4.23,2.75,19.28,0.023,3.42,3.19,0.018,0.23,0.12,187.9,192.2,4.67,424.9,425.6,425.0,424.9
0,0.72,0,4.26,2.73,19.31,0.023,3.62,3.39,0.018,0.23,0.121,187.9,192.2,4.65,425.0,425.0,424.9,425.2
0,0.72,0,4.23,2.69,19.32,0.024,3.58,3.35,0.019,0.23,0.126,187.9,192.2,4.63,425.1,425.3,425.1,425.4
0,0.73,0,4.26,2.56,19.34,0.024,2.97,2.74,0.019,0.23,0.125,187.9,192.3,4.68,425.2,424.9,424.9,425.3
0,0.73,0,4.19,2.6,19.32,0.023,2.77,2.54,0.018,0.23,0.122,187.9,192.2,4.65,425.0,425.4,425.1,424.9
0,0.71,0,4.2,2.72,19.27,0.023,2.92,2.69,0.018,0.23,0.121,187.9,192.2,4.64,425.5,425.2,425.0,425.1
0,0.74,0,4.2,2.62,19.33,0.022,2.55,2.32,0.017,0.23,0.114,187.9,192.2,4.63,425.5,425.2,425.0,425.3
0,0.74,0,4.19,2.68,19.34,0.022,3.0,2.77,0.016,0.23,0.113,187.9,192.2,4.68,425.3,425.5,425.1,425.1
0,0.72,0,4.24,2.66,19.38,0.023,3.25,3.02,0.018,0.23,0.119,187.9,192.3,4.73,425.0,424.7,424.9,425.0
0,0.71,0,4.25,2.75,19.37,0.023,2.86,2.63,0.018,0.23,0.123,187.9,192.3,4.75,424.8,425.0,425.1,425.3
0,0.73,0,4.2,2.73,19.37,0.025,3.22,2.99,0.019,0.23,0.129,187.9,192.2,4.71,424.9,425.0,424.7,425.0
0,0.72,0,4.2,2.61,19.34,0.024,3.49,3.26,0.019,0.23,0.126,187.9,192.3,4.64,424.9,424.9,425.0,425.1
0,0.74,0,4.24,2.69,19.34,0.023,3.05,2.82,0.017,0.23,0.119,187.9,192.3,4.64,425.0,425.3,424.9,425.0
0,0.74,0,4.24,2.65,19.32,0.022,2.92,2.69,0.016,0.23,0.113,187.9,192.3,4.72,425.0,425.1,425.0,424.9
0,0.72,0,4.21,2.68,19.37,0.022,2.71,2.48,0.017,0.23,0.117,188.0,192.3,4.66,424.8,425.0,425.0,425.0
0,0.75,0,4.22,2.71,19.4,0.022,3.24,3.01,0.017,0.23,0.116,187.9,192.3,4.66,424.6,425.1,425.0,425.1
0,0.74,0,4.21,2.73,19.37,0.023,3.18,2.95,0.018,0.23,0.12,188.0,192.3,4.69,424.8,424.9,425.0,425.3
0,0.71,0,4.17,2.69,19.33,0.023,2.91,2.68,0.018,0.23,0.122,187.9,192.3,4.73,425.1,425.0,424.9,425.0
0,0.71,0,4.27,2.66,19.34,0.023,3.11,2.88,0.018,0.23,0.123,187.9,192.3,4.7,425.2,425.3,425.0,424.9
0,0.73,0,4.24,2.68,19.38,0.023,3.37,3.14,0.018,0.23,0.121,187.9,192.3,4.7,425.1,425.2,425.0,425.3
0,0.7,0,4.23,2.68,19.34,0.022,3.13,2.9,0.016,0.23,0.114,187.9,192.2,4.67,425.0,425.3,424.9,425.2
0,0.74,0,4.18,2.67,19.35,0.023,3.47,3.24,0.018,0.23,0.122,187.9,192.2,4.7,425.0,424.6,425.0,425.2
0,0.74,0,4.26,2.72,19.33,0.023,3.59,3.36,0.018,0.23,0.122,187.9,192.3,4.65,424.9,424.9,425.0,425.1
0,0.72,0,4.24,2.7,19.31,0.023,3.17,2.94,0.018,0.23,0.121,187.9,192.2,4.63,424.8,425.0,425.0,425.7
0,0.71,0,4.2,2.67,19.32,0.023,3.62,3.39,0.018,0.23,0.12,187.9,192.2,4.7,424.7,425.0,425.0,425.0
0,0.72,0,4.23,2.67,19.35,0.023,2.82,2.59,0.018,0.23,0.123,188.0,192.3,4.73,425.0,425.2,425.0,425.1
0,0.69,0,4.26,2.59,19.32,0.023,2.77,2.54,0.018,0.23,0.122,188.0,192.3,4.68,425.1,424.9,425.0,425.1
0,0.73,0,4.17,2.48,19.35,0.023,2.96,2.73,0.018,0.23,0.121,188.0,192.3,4.63,425.1,425.4,425.0,425.0
0,0.71,0,4.23,2.71,19.33,0.023,2.85,2.62,0.018,0.23,0.121,187.9,192.3,4.68,425.0,425.0,424.9,425.1
0,0.71,0,4.16,2.7,19.33,0.023,2.76,2.53,0.018,0.23,0.12,187.9,192.2,4.66,424.9,425.6,425.0,425.0
0,0.73,0,4.23,2.63,19.37,0.024,2.68,2.45,0.018,0.23,0.124,187.9,192.3,4.71,424.9,425.0,425.0,424.8
0,0.72,0,4.11,2.72,19.36,0.022,2.66,2.43,0.017,0.23,0.117,188.0,192.3,4.66,424.9,425.3,425.1,425.3
0,0.69,0,4.04,2.75,19.36,0.022,2.87,2.64,0.017,0.23,0.118,187.9,192.3,4.71,424.9,425.1,425.1,425.0
0,0.73,0,4.06,2.71,19.37,0.023,3.02,2.79,0.018,0.23,0.12,187.9,192.3,4.71,425.0,424.9,425.0,425.1
0,0.7,0,4.11,2.68,19.32,0.024,3.23,3.0,0.019,0.23,0.126,187.9,192.3,4.67,425.2,425.0,425.0,425.0
0,0.72,0,4.23,2.63,19.37,0.025,3.04,2.81,0.019,0.23,0.13,187.9,192.3,4.63,425.1,425.1,425.0,424.9
0,0.71,0,4.19,2.63,19.31,0.023,2.85,2.62,0.017,0.23,0.119,188.0,192.2,4.63,425.1,424.9,425.0,425.3
0,0.71,0,4.23,2.65,19.31,0.022,3.04,2.81,0.017,0.23,0.118,188.0,192.2,4.61,425.1,425.7,425.0,425.2
0,0.71,0,4.24,2.78,19.29,0.022,2.58,2.35,0.017,0.23,0.115,188.0,192.3,4.62,425.0,424.9,425.0,425.1
0,0.72,0,4.2,2.76,19.29,0.023,2.9,2.67,0.017,0.23,0.119,188.0,192.3,4.62,424.9,425.0,425.0,425.2
0,0.72,0,4.23,2.69,19.34,0.024,2.86,2.63,0.018,0.23,0.124,187.9,192.2,4.68,424.8,425.0,425.0,425.1
0,0.72,0,4.17,2.65,19.36,0.024,2.82,2.59,0.018,0.23,0.123,187.9,192.2,4.72,424.8,424.7,425.1,425.3
0,0.72,0,4.18,2.68,19.36,0.023,3.05,2.82,0.018,0.23,0.12,188.0,192.3,4.66,424.9,425.3,425.0,424.8
0,0.72,0,4.21,2.78,19.32,0.024,2.96,2.73,0.019,0.23,0.126,188.0,192.3,4.68,425.0,425.1,425.0,425.2
0,0.72,0,4.18,2.72,19.32,0.023,2.92,2.69,0.018,0.23,0.12,187.9,192.2,4.62,425.2,425.1,425.0,425.3
0,0.71,0,4.19,2.75,19.31,0.023,2.92,2.69,0.018,0.23,0.12,188.0,192.3,4.6,425.3,424.9,425.0,425.5
0,0.73,0,4.13,2.7,19.33,0.023,3.12,2.89,0.018,0.23,0.122,187.8,192.2,4.67,425.2,425.3,425.0,425.1
0,0.73,0,4.2,2.59,19.31,0.023,2.96,2.73,0.018,0.23,0.119,187.9,192.2,4.67,425.1,424.8,425.0,424.8
0,0.72,0,4.23,2.67,19.32,0.024,3.6,3.36,0.019,0.23,0.125,187.8,192.2,4.71,424.8,425.1,425.0,425.1
0,0.71,0,4.2,2.66,19.32,0.024,3.04,2.81,0.019,0.23,0.127,187.8,192.2,4.63,424.9,425.0,425.0,425.1
0,0.73,0,4.2,2.71,19.34,0.023,2.93,2.7,0.018,0.23,0.12,187.9,192.2,4.66,425.0,425.6,425.0,425.0
0,0.74,0,4.23,2.67,19.34,0.023,2.43,2.2,0.018,0.23,0.123,187.8,192.2,4.64,425.1,425.4,425.0,425.0
0,0.71,0,4.18,2.68,19.28,0.022,2.75,2.52,0.017,0.23,0.117,187.9,192.2,4.62,425.2,424.7,425.0,425.1
0,0.73,0,4.16,2.69,19.34,0.022,3.16,2.93,0.017,0.23,0.118,187.8,192.2,4.65,425.1,425.0,424.8,425.0
0,0.71,0,4.2,2.72,19.31,0.023,3.2,2.97,0.018,0.23,0.121,187.9,192.2,4.68,425.0,425.1,425.1,424.7
0,0.72,0,4.21,2.68,19.37,0.024,2.85,2.62,0.019,0.23,0.127,187.8,192.2,4.63,424.8,424.7,425.0,425.1
0,0.73,0,4.15,2.68,19.35,0.023,2.66,2.43,0.018,0.23,0.122,187.8,192.2,4.68,424.8,425.2,425.0,425.2
0,0.73,0,4.05,2.73,19.31,0.023,3.05,2.82,0.017,0.23,0.119,187.9,192.2,4.61,424.9,425.0,425.0,424.9
0,0.71,0,4.11,2.69,19.33,0.023,3.32,3.09,0.018,0.23,0.121,187.9,192.2,4.7,425.0,425.1,425.0,425.1
0,0.74,0,4.05,2.7,19.35,0.023,3.1,2.87,0.018,0.23,0.121,187.9,192.2,4.63,425.1,424.8,425.0,425.2
0,0.72,0,4.14,2.64,19.37,0.023,3.45,3.22,0.018,0.23,0.122,187.9,192.2,4.67,425.3,424.9,425.0,425.0
0,0.72,0,4.15,2.57,19.36,0.023,3.09,2.86,0.018,0.23,0.122,187.9,192.2,4.71,425.2,425.1,425.0,425.2
0,0.72,0,4.0,2.76,19.33,0.024,2.76,2.53,0.018,0.23,0.124,187.9,192.1,4.64,425.1,425.3,425.0,425.1
